alpha,beta,surrogate_h,surrogate_o,ratio_h_over_o
0.05,0.05,4.91112105705501e-06,2.1365412337919447e-05,0.22986315355771186
0.05,0.05,4.557838712864109e-06,9.178605423393111e-06,0.4965720283876398
0.05,0.05,4.954333591614341e-06,9.914284880260566e-06,0.49971668672527914
0.05,0.05,4.733497336729496e-06,1.4173487872444093e-05,0.3339684190178974
0.05,0.05,4.862366365863865e-06,8.450965257457611e-06,0.575362247711649
0.05,0.05,4.975990650504482e-06,3.7650476250067236e-05,0.1321627545281209
0.05,0.05,4.5975183152984e-06,8.886952367620683e-06,0.5173335160486856
0.05,0.05,4.76585388212561e-06,1.0221281913520617e-05,0.46626772673409805
0.05,0.05,4.360721638900464e-06,1.08235721880728e-05,0.40289116782588913
0.05,0.05,4.49156922902013e-06,7.148076683748479e-06,0.6283605265780017
0.05,0.05,5.1359347725304745e-06,1.3321104833922647e-05,0.3855487091019389
0.05,0.05,4.376787638940509e-06,7.2199931840294574e-06,0.6062038463723087
0.05,0.05,4.571661969391253e-06,1.2462138751118315e-05,0.3668440915874898
0.05,0.05,4.916876811192366e-06,1.8655439440877e-05,0.2635626368799824
0.05,0.05,4.203038999147917e-06,7.665651485336609e-06,0.5482950806187553
0.05,0.05,5.1345819555707535e-06,1.0140299206883483e-05,0.5063540878641207
0.05,0.05,5.375607255638292e-06,1.920214352622368e-05,0.2799482905800083
0.05,0.05,4.115705951727616e-06,5.188522719096554e-05,0.07932327127680495
0.05,0.05,4.550705427471823e-06,3.07187028031776e-05,0.14814119777873855
0.05,0.05,5.3518604534504716e-06,1.2014975476548313e-05,0.4454324908025501
0.05,0.05,5.475081722245725e-06,1.8677460796695937e-05,0.29313844006109613
0.05,0.05,4.667574035761901e-06,9.083815805251013e-06,0.5138340688352302
0.05,0.05,4.769409531550796e-06,1.363722085101193e-05,0.3497347138142805
0.05,0.05,4.623664552878208e-06,1.9093879129616986e-05,0.24215427999155645
0.05,0.05,4.872235371938561e-06,9.971926823169857e-06,0.4885951790799227
0.05,0.05,4.707291458701513e-06,2.0151587211999322e-05,0.23359407917499134
0.05,0.05,5.633888497290352e-06,2.0626764051702778e-05,0.2731348690065257
0.05,0.05,4.693182860019948e-06,1.1064384998362244e-05,0.4241702417906314
0.05,0.05,4.557965614103313e-06,2.0053582450854694e-05,0.22728934469806167
0.05,0.05,4.724498209976849e-06,1.0030248243767558e-05,0.4710250529355029
0.05,0.05,5.250800323742058e-06,3.0471875152330633e-05,0.1723162850166919
0.05,0.05,4.450049079469458e-06,1.4238892262605128e-05,0.3125277582973497
0.05,0.05,5.4906886487616e-06,1.3302824167201605e-05,0.4127460890822724
0.05,0.05,5.18358333014147e-06,1.6653059403932702e-05,0.311269131059326
0.05,0.05,4.486207140367568e-06,1.4935988755097353e-05,0.3003622467803824
0.05,0.05,4.618910272875372e-06,1.3321469425806139e-05,0.34672678555472963
0.05,0.05,5.973454961211799e-06,1.8708731669278012e-05,0.3192870081631953
0.05,0.05,5.240854003976417e-06,1.4803880590314425e-05,0.35401893253619554
0.05,0.05,5.051360132212085e-06,1.0984463873292891e-05,0.4598640580441731
0.05,0.05,5.531252630037844e-06,2.0943008296330324e-05,0.26410974735692777
0.05,0.05,5.3737147298328395e-06,2.842007136401417e-05,0.189081676150789
0.05,0.05,5.4522036665937045e-06,1.1332430961838962e-05,0.4811151009835009
0.05,0.05,4.7222327512561785e-06,1.2362602615989847e-05,0.3819772339158116
0.05,0.05,5.38128272793238e-06,1.2092554962816294e-05,0.4450079197059202
0.05,0.05,5.3242241910546285e-06,1.861358187790659e-05,0.2860397437730253
0.05,0.05,4.955571374848929e-06,9.796692704275456e-06,0.505841259335023
0.05,0.05,5.382617989083825e-06,2.9162579547197243e-05,0.18457276662966315
0.05,0.05,4.738074752746434e-06,9.7232503797067e-06,0.487293298816538
0.05,0.05,4.6664192867489455e-06,8.07150468697366e-06,0.5781349906517342
0.05,0.05,4.678343930586767e-06,1.1141834637156874e-05,0.4198899088831359
0.05,0.05,5.2156619202920915e-06,1.2757497435363057e-05,0.40883111650366266
0.05,0.05,5.2855627899179375e-06,1.1095644112184145e-05,0.47636376369658906
0.05,0.05,4.779464014424465e-06,1.1366139751206261e-05,0.42050019787212556
0.05,0.05,5.272524410873146e-06,3.903519173684498e-05,0.13507105194763155
0.05,0.05,4.866104169940396e-06,2.2808490591592045e-05,0.213346172575497
0.05,0.05,5.265862302893338e-06,2.5213207858274955e-05,0.208853325308429
0.05,0.05,4.863893513118815e-06,3.2541556054732565e-05,0.14946714609891718
0.05,0.05,4.816322253647863e-06,8.557405553187891e-06,0.5628250552941994
0.05,0.05,4.306043150480611e-06,6.5785380755752564e-06,0.6545592806505223
0.05,0.05,5.3349707748973245e-06,1.1918082941002248e-05,0.44763665442730016
0.05,0.05,5.5941824747253485e-06,1.2486821210203208e-05,0.448006933113949
0.05,0.05,4.876093467313662e-06,8.1915430535277e-06,0.5952594566677843
0.05,0.05,4.7113782202746366e-06,1.8933600846973964e-05,0.24883688308173169
0.05,0.05,4.723435721254997e-06,9.100136325184606e-06,0.5190510946723842
0.05,0.05,5.012683280493358e-06,8.915291234428795e-06,0.562256817941688
0.05,0.05,5.36619058298736e-06,1.4081615157896938e-05,0.3810777757250391
0.05,0.05,5.668947763070388e-06,3.6368221320105216e-05,0.15587640960424037
0.05,0.05,4.747393210339526e-06,1.8326840949116363e-05,0.25904045457263725
0.05,0.05,5.82276913429109e-06,1.6023449089376444e-05,0.363390497377471
0.05,0.05,4.519358641330064e-06,1.0484377424169185e-05,0.4310564622475132
0.05,0.05,5.421352866662884e-06,2.073181952987959e-05,0.26149913464418295
0.05,0.05,4.058020025842349e-06,7.909426020117273e-06,0.5130612531833479
0.05,0.05,5.148669213445058e-06,3.3876960722010944e-05,0.15198143823155313
0.05,0.05,4.919204251328893e-06,2.839083736580783e-05,0.173267318182495
0.05,0.05,5.168686827079403e-06,4.464428922959885e-05,0.11577487101424386
0.05,0.05,5.615613715217414e-06,2.182917857162274e-05,0.257252635356492
0.05,0.05,5.014452899838436e-06,1.9486030439955362e-05,0.2573357829492297
0.05,0.05,4.863405441405493e-06,8.329465423607889e-06,0.5838796602266128
0.05,0.05,4.311253524051733e-06,6.728258774638301e-06,0.6407680900001498
0.05,0.05,4.483528290659264e-06,9.810452250330375e-06,0.4570154541558752
0.05,0.05,4.837510669844725e-06,2.8657764788121586e-05,0.1688027906436665
0.05,0.05,4.636715160167695e-06,1.6829528853636472e-05,0.2755106931686806
0.05,0.05,4.726149489672247e-06,2.7660859892796334e-05,0.17086054113968702
0.05,0.05,5.090617478510638e-06,1.0524211062601805e-05,0.48370537689046794
0.05,0.05,5.4000006918828515e-06,1.1680692863454481e-05,0.46230140240891837
0.05,0.05,4.81728341900624e-06,1.2596552170236942e-05,0.38242872763139807
0.05,0.05,4.865530229350768e-06,8.450465946168546e-06,0.5757706451153509
0.05,0.05,4.907815530603242e-06,1.242151496381204e-05,0.395106035366968
0.05,0.05,5.164489783866112e-06,2.996914426565103e-05,0.17232690189907635
0.05,0.05,5.042809021938601e-06,1.3184397984852472e-05,0.3824830703481702
0.05,0.05,5.01150610388537e-06,4.7620449085818935e-05,0.10523853092720548
0.05,0.05,4.71558114879041e-06,8.500316431078371e-06,0.554753600883559
0.05,0.05,4.4191773365846695e-06,2.689155672771903e-05,0.16433326569114204
0.05,0.05,5.78152033331533e-06,3.348072625053762e-05,0.1726820466811855
0.05,0.05,4.203629712087406e-06,1.6922235219261805e-05,0.24840865628097447
0.05,0.05,4.411655949776124e-06,7.780305631742698e-06,0.5670286179731946
0.05,0.05,4.131592025677129e-06,9.831790749521702e-06,0.4202278232862231
0.05,0.05,5.036625392433526e-06,1.0705749054013985e-05,0.47045987786768706
0.05,0.05,5.2581151477840295e-06,9.249404229314535e-06,0.5684814953939691
0.05,0.05,4.6017576656902215e-06,8.302491969779528e-06,0.5542622242141622
0.05,0.05,4.449855295412188e-06,1.2891954190804084e-05,0.34516530461970607
0.05,0.05,4.42654725596062e-06,1.1015711543641826e-05,0.40183943074613143
0.05,0.05,5.406538490075573e-06,1.1876093380975508e-05,0.4552455354330901
0.05,0.05,5.054570037554278e-06,9.027777354420058e-06,0.5598908611851763
0.05,0.05,4.732644751027362e-06,7.4807437922766925e-06,0.6326436090370403
0.05,0.05,4.085813131291067e-06,1.6880599817433218e-05,0.2420419401845838
0.05,0.05,4.60598950808445e-06,1.3515165777911178e-05,0.3408015546218719
0.05,0.05,5.6660090772239685e-06,1.6573204524484126e-05,0.3418777019769105
0.05,0.05,4.565218803771809e-06,1.0335720157100183e-05,0.44169334447737596
0.05,0.05,5.92707706367064e-06,1.6875377273384717e-05,0.3512263440189055
0.05,0.05,5.344322758169615e-06,1.675372674486455e-05,0.31899307178373243
0.05,0.05,5.584803977665205e-06,1.9772974234383626e-05,0.28244632858286317
0.05,0.05,4.7229425644321e-06,1.1433441773007611e-05,0.41308143761069
0.05,0.05,4.893412798956496e-06,1.2791736794381884e-05,0.38254483168428527
0.05,0.05,5.366563325412836e-06,3.786307937860772e-05,0.14173605035529396
0.05,0.05,4.889106741892884e-06,1.2469591993044065e-05,0.3920823347403975
0.05,0.05,4.735534070159885e-06,2.2970512022914446e-05,0.2061570967785093
0.05,0.05,4.899387492957245e-06,1.932507937570981e-05,0.2535248315261986
0.05,0.05,4.840347384607599e-06,9.93683961201413e-06,0.4871113526634142
0.05,0.05,4.603155485740397e-06,8.347909599535297e-06,0.551414151154277
0.05,0.05,4.724132716137595e-06,3.8652619308698266e-05,0.12222024795805989
0.05,0.05,5.80560910605961e-06,1.6022107256088624e-05,0.36234990898924346
0.05,0.05,4.346572981337747e-06,1.13420625989279e-05,0.3832259735322395
0.05,0.05,5.0328415551557435e-06,1.1373343980701346e-05,0.44251203196664324
0.05,0.05,4.18590231956216e-06,7.3554210549200974e-06,0.5690907819290886
0.05,0.05,5.0222557541124525e-06,1.0079136041351107e-05,0.49828236601906406
0.05,0.05,5.153550877149193e-06,3.4207807696075244e-05,0.15065422850060262
0.05,0.05,5.485490322384261e-06,2.909502411139229e-05,0.18853706054281605
0.05,0.05,5.102637068926452e-06,1.8773791760649375e-05,0.2717957636891331
0.05,0.05,4.9623658098099245e-06,1.784081784741479e-05,0.27814676727552556
0.05,0.05,5.3360892503489846e-06,1.3276870413083104e-05,0.4019086640395896
0.05,0.05,5.346620570675639e-06,1.2140695008622962e-05,0.4403883440674679
0.05,0.05,4.589278282955276e-06,7.353709109452315e-06,0.6240766686101721
0.05,0.05,4.086864508008684e-06,9.646867079047358e-06,0.4236468145067743
0.05,0.05,4.967489314958406e-06,8.657357312436622e-06,0.5737881821999444
0.05,0.05,4.753019774754444e-06,1.367222617075227e-05,0.34764051701559323
0.05,0.05,5.3075889083099825e-06,8.48256786274582e-06,0.625705446061932
0.05,0.05,5.2326849278610835e-06,8.701790117452597e-06,0.6013343067613454
0.05,0.05,4.731887046671997e-06,1.3056539652429285e-05,0.3624150940936014
0.05,0.05,4.604162779388905e-06,7.798658626587655e-06,0.5903788074133822
0.05,0.05,5.578799178585042e-06,9.543448695851026e-06,0.5845684674776322
0.05,0.05,4.331473386605194e-06,9.278393545035662e-06,0.4668344111058662
0.05,0.05,5.191147532142444e-06,3.028959105650332e-05,0.1713838764762022
0.05,0.05,5.017685666096105e-06,1.8992883141928643e-05,0.26418767643650026
0.05,0.05,5.568096470484802e-06,9.490485340816804e-06,0.5867030262970282
0.05,0.05,5.78189172319425e-06,4.535969360832007e-05,0.1274676097488831
0.05,0.05,5.2522395022842505e-06,9.817857411539525e-06,0.5349679957778746
0.05,0.05,5.497799665242641e-06,1.2850074168831366e-05,0.427841862467836
0.05,0.05,4.526376926362138e-06,7.323570143575217e-06,0.6180560624974711
0.05,0.05,4.997272029567493e-06,1.0166650315012395e-05,0.49153574429410285
0.05,0.05,4.566135682676456e-06,7.647472736367907e-06,0.5970777327471843
0.05,0.05,4.94966806295606e-06,1.3243412158959961e-05,0.37374567849625623
0.05,0.05,5.088750930612893e-06,1.0164288281289651e-05,0.5006500002543444
0.05,0.05,4.701635809307848e-06,1.0169425294878884e-05,0.46233053225490495
0.05,0.05,4.883780912231217e-06,4.843063665751574e-05,0.10084073324841011
0.05,0.05,4.920094508029941e-06,9.94786092290672e-06,0.4945881879691892
0.05,0.05,5.092939753341962e-06,2.1870868073048203e-05,0.23286408826259933
0.05,0.05,4.70205268121797e-06,8.299121590897325e-06,0.5665723329533205
0.05,0.05,4.806477972268824e-06,9.274517810674807e-06,0.518245591887985
0.05,0.05,4.473575074063918e-06,1.4074611244947987e-05,0.31784715017757137
0.05,0.05,5.58638564006147e-06,1.6560749680125206e-05,0.3373268570544105
0.05,0.05,5.218099539210067e-06,9.067878427437028e-06,0.5754487756939333
0.05,0.05,5.011634001580969e-06,8.566299355712496e-06,0.5850407268617022
0.05,0.05,4.817871860026535e-06,9.569982089489301e-06,0.50343582829878
0.05,0.05,4.908491306815253e-06,1.539921536379717e-05,0.31874944215371426
0.05,0.05,4.793119861130205e-06,1.068082880895905e-05,0.4487591690552843
0.05,0.05,4.918963860292786e-06,1.3441757940937674e-05,0.36594646934622954
0.05,0.05,5.3273902371329216e-06,1.2512543263242485e-05,0.4257639813948094
0.05,0.05,4.607156901820698e-06,1.0728486050706347e-05,0.4294321566011981
0.05,0.05,4.772597791955479e-06,2.0167541420058823e-05,0.2366474768812727
0.05,0.05,5.0578340655181515e-06,1.4463047560801089e-05,0.349707352081611
0.05,0.05,4.29680295320191e-06,2.1334229862712153e-05,0.20140417445824177
0.05,0.05,4.737866235624128e-06,9.567586836680437e-06,0.49519971090933673
0.05,0.05,4.221714202493572e-06,9.09371457160808e-06,0.464245294840723
0.05,0.05,5.271188510542905e-06,1.2655546021035994e-05,0.41651213640100226
0.05,0.05,4.91485527109254e-06,1.2902171974971643e-05,0.38093239499726494
0.05,0.05,5.264580955796863e-06,1.1763730695769159e-05,0.44752647709712334
0.05,0.05,4.7030991209426605e-06,1.3474672991534803e-05,0.3490325237500969
0.05,0.05,5.1554911086027134e-06,1.0476959866479756e-05,0.49207892120473984
0.05,0.05,4.972896844396046e-06,1.6158726021674112e-05,0.30775302692339557
0.05,0.05,5.048934575233096e-06,2.911726075699093e-05,0.17340005357546787
0.05,0.05,4.414511145338386e-06,1.4208477835654139e-05,0.31069557178467094
0.05,0.05,5.043928281198835e-06,1.4737820743541101e-05,0.34224383434771743
0.05,0.05,5.3404612038936925e-06,1.4861379895126223e-05,0.35935163770660977
0.05,0.05,4.61483936465217e-06,1.0390251163887191e-05,0.44415089605261
0.05,0.05,5.005603462709974e-06,1.3777639836870636e-05,0.36331356618238575
0.05,0.05,4.9121659741858955e-06,3.4105601116760283e-05,0.14402813066889308
0.05,0.05,5.408610172186934e-06,1.8326614317018425e-05,0.29512326055579186
0.05,0.05,4.756492574426553e-06,3.323155912358575e-05,0.14313179098029988
0.05,0.05,5.530396101815433e-06,1.8783556528996715e-05,0.2944275272511892
0.05,0.05,4.6698872151801655e-06,9.023168147441525e-06,0.5175440753040038
0.05,0.05,4.520675775275149e-06,1.2157496608100876e-05,0.371842651575399
0.05,0.05,4.586357119952954e-06,1.1335820745782192e-05,0.4045897710282192
0.05,0.05,5.111429394672363e-06,1.284492308013308e-05,0.3979338266788131
0.05,0.05,4.915790172229397e-06,3.046978548642186e-05,0.16133327142785442
0.05,0.05,4.872781254063102e-06,1.0358580220867542e-05,0.47041014793193364
0.05,0.05,4.966996518534743e-06,1.1234711212411519e-05,0.44211163283373645
0.05,0.05,5.094409238246847e-06,9.244344401269613e-06,0.5510838862242284
0.05,0.05,4.821003040957946e-06,7.270891755246964e-06,0.663055262441353
0.05,0.05,4.7807169611717874e-06,1.0378208479595903e-05,0.4606495399057482
0.05,0.2811706625951745,1.5326008518135303e-05,6.452454207824746e-05,0.23752215861601614
0.05,0.2811706625951745,1.5975677594642693e-05,6.028045935242963e-05,0.26502249263299266
0.05,0.2811706625951745,1.715438223929793e-05,6.625952087541789e-05,0.2588968651245132
0.05,0.2811706625951745,1.6723520939058718e-05,3.089687021771623e-05,0.5412690936400888
0.05,0.2811706625951745,1.6577405325829633e-05,7.50929547213601e-05,0.22075846379120054
0.05,0.2811706625951745,1.5939998638352687e-05,3.364686505806261e-05,0.47374394645224377
0.05,0.2811706625951745,1.5767717027896564e-05,2.6404585820996242e-05,0.5971582790500916
0.05,0.2811706625951745,1.5566977945679e-05,3.862885804450994e-05,0.4029883028833525
0.05,0.2811706625951745,1.9302994465752323e-05,5.19005177992037e-05,0.371922965016131
0.05,0.2811706625951745,1.6955681064724663e-05,3.983238308107784e-05,0.4256757882201472
0.05,0.2811706625951745,1.635159240514694e-05,5.0403905335612086e-05,0.3244112196519419
0.05,0.2811706625951745,1.6091277457123827e-05,7.828073229554467e-05,0.20555859641644741
0.05,0.2811706625951745,1.826555960848334e-05,2.982855533440435e-05,0.6123514666972754
0.05,0.2811706625951745,1.4703290222006725e-05,2.5218635356357296e-05,0.5830327459927451
0.05,0.2811706625951745,1.4322598942506966e-05,2.3455138116732842e-05,0.6106380133523603
0.05,0.2811706625951745,1.7337583568430074e-05,3.80528896419392e-05,0.45561805506937947
0.05,0.2811706625951745,1.8267051714707274e-05,4.545144644808985e-05,0.4019025386919225
0.05,0.2811706625951745,1.6321652434769444e-05,5.42988376532845e-05,0.300589352188134
0.05,0.2811706625951745,1.590101148046026e-05,3.66210912863454e-05,0.4342036493704692
0.05,0.2811706625951745,1.5821373840881313e-05,4.932805674051437e-05,0.32073782926637817
0.05,0.2811706625951745,1.5296753997063628e-05,3.2129686285626584e-05,0.47609409756069504
0.05,0.2811706625951745,1.8370729811565136e-05,2.8983203122607693e-05,0.6338405639242636
0.05,0.2811706625951745,1.6327445106290186e-05,4.621403843816771e-05,0.35330054801714783
0.05,0.2811706625951745,1.7397815490436402e-05,0.00014987924098674825,0.11607888708199857
0.05,0.2811706625951745,1.4925500095340575e-05,2.8508579121635547e-05,0.5235441595198062
0.05,0.2811706625951745,1.5562548891279086e-05,2.975116669078282e-05,0.5230903733298131
0.05,0.2811706625951745,1.9465061731053907e-05,4.610517941574487e-05,0.42218817880592846
0.05,0.2811706625951745,1.5527416877973526e-05,3.45081442834113e-05,0.449963833188151
0.05,0.2811706625951745,1.7087126579434723e-05,0.00014682168099345986,0.1163801317613021
0.05,0.2811706625951745,1.618598086351117e-05,3.07348438687878e-05,0.5266329294728755
0.05,0.2811706625951745,1.4216925524820875e-05,3.0500450308091765e-05,0.4661218238161266
0.05,0.2811706625951745,1.979819406973011e-05,4.428086021325241e-05,0.4471050014472142
0.05,0.2811706625951745,1.9124683885778044e-05,0.00018422196250373476,0.10381326757058255
0.05,0.2811706625951745,1.5665211271772565e-05,3.931743759698882e-05,0.3984290998905866
0.05,0.2811706625951745,1.4689912431689031e-05,3.030881171743163e-05,0.48467464078244815
0.05,0.2811706625951745,1.5147352236334893e-05,5.2260627419885365e-05,0.28984252551417455
0.05,0.2811706625951745,1.579192942737846e-05,3.1981286525231036e-05,0.49378655905289215
0.05,0.2811706625951745,1.6502964446700215e-05,3.02067264229423e-05,0.54633409180566
0.05,0.2811706625951745,1.5028005774381442e-05,3.897084705914165e-05,0.3856217380026443
0.05,0.2811706625951745,1.681203278161713e-05,2.5338958719794756e-05,0.6634855428563288
0.05,0.2811706625951745,1.7695820940740662e-05,3.868784653040267e-05,0.4573999983905664
0.05,0.2811706625951745,1.6036165057669325e-05,5.083840711560111e-05,0.3154340579791337
0.05,0.2811706625951745,1.7107526459743808e-05,3.678971255188065e-05,0.4650084296151776
0.05,0.2811706625951745,1.5122207226096283e-05,4.18963237188049e-05,0.3609435359434359
0.05,0.2811706625951745,1.5440795088544985e-05,2.3258048191832137e-05,0.6638904073630543
0.05,0.2811706625951745,1.5508826873470734e-05,3.9275790016231076e-05,0.3948698897478974
0.05,0.2811706625951745,1.4181346790034635e-05,3.231900586031591e-05,0.43879279119311426
0.05,0.2811706625951745,1.6367678751607404e-05,3.268900978076428e-05,0.5007089190336657
0.05,0.2811706625951745,1.632494719118283e-05,9.855548389692747e-05,0.1656422001667202
0.05,0.2811706625951745,1.5558321661087583e-05,2.869826798013418e-05,0.5421345173812416
0.05,0.2811706625951745,1.4612859980880545e-05,3.704080573570729e-05,0.39450707646982325
0.05,0.2811706625951745,1.5187855361622662e-05,5.3357488689147916e-05,0.28464336937041107
0.05,0.2811706625951745,1.4848787430189249e-05,2.1187516622198382e-05,0.7008271754997478
0.05,0.2811706625951745,1.611999902681234e-05,7.064530882319493e-05,0.2281821580985101
0.05,0.2811706625951745,1.3716946440199658e-05,1.7736504664881493e-05,0.7733737114144811
0.05,0.2811706625951745,1.5129759088831613e-05,2.5263770075910386e-05,0.5988717853024716
0.05,0.2811706625951745,1.5412127854925954e-05,9.30040130749945e-05,0.16571465408162836
0.05,0.2811706625951745,1.649675664615113e-05,4.869244308127126e-05,0.3387950080593991
0.05,0.2811706625951745,1.5410506450789888e-05,2.6251513265838444e-05,0.5870330709980004
0.05,0.2811706625951745,1.9201596727344832e-05,0.00016058680258233547,0.11957144932566835
0.05,0.2811706625951745,1.8010424820319136e-05,6.073874893535773e-05,0.29652281510584033
0.05,0.2811706625951745,1.8263353877406404e-05,4.722916001922809e-05,0.3866965635207352
0.05,0.2811706625951745,1.3814342708382182e-05,2.080354662415135e-05,0.6640378661369583
0.05,0.2811706625951745,1.6674562024265753e-05,4.150681748752735e-05,0.40173068024973
0.05,0.2811706625951745,2.0203576913935664e-05,3.7838784711087063e-05,0.5339383140393474
0.05,0.2811706625951745,1.591829866731323e-05,0.00017670224102023382,0.09008543737422356
0.05,0.2811706625951745,1.616965196679459e-05,3.786185532878024e-05,0.42706972033944207
0.05,0.2811706625951745,1.8384954829617596e-05,4.288308608461617e-05,0.4287227554784821
0.05,0.2811706625951745,1.499626718147663e-05,2.3409485015538846e-05,0.6406064538165767
0.05,0.2811706625951745,1.6195645361852374e-05,2.9402614735813042e-05,0.5508233028719625
0.05,0.2811706625951745,1.7297894202190586e-05,0.00022002612223118693,0.07861745699456202
0.05,0.2811706625951745,1.6824248655303938e-05,3.005116355088214e-05,0.5598534854338466
0.05,0.2811706625951745,1.519597397312068e-05,2.6127250455176915e-05,0.5816139742369911
0.05,0.2811706625951745,1.8009111691836535e-05,5.0339499515434495e-05,0.3577530937969456
0.05,0.2811706625951745,1.4655003167904457e-05,3.484997603772276e-05,0.42051687932414644
0.05,0.2811706625951745,1.4858990191224204e-05,3.906347974706808e-05,0.380380608369623
0.05,0.2811706625951745,1.7174316880245976e-05,3.627498734151224e-05,0.47344790829443223
0.05,0.2811706625951745,1.5289224316780227e-05,0.00014427275246427882,0.10597444115835912
0.05,0.2811706625951745,1.4900666178682459e-05,2.5658298516876573e-05,0.580734773542433
0.05,0.2811706625951745,1.4730959084377873e-05,3.400560161650504e-05,0.43319213259347306
0.05,0.2811706625951745,1.6115023628462262e-05,0.00014821953406272243,0.10872402028765539
0.05,0.2811706625951745,1.6528669566920678e-05,9.003537612438061e-05,0.18357972475271186
0.05,0.2811706625951745,1.6140771499212678e-05,3.3150929437767777e-05,0.48688745000386086
0.05,0.2811706625951745,1.5590150482726775e-05,2.3373500548855607e-05,0.667001095969345
0.05,0.2811706625951745,1.4483761287045891e-05,3.944552511716077e-05,0.367183888261757
0.05,0.2811706625951745,1.5288040962961525e-05,3.3350948664991293e-05,0.45839898338512575
0.05,0.2811706625951745,1.6755215342802134e-05,5.291794896805308e-05,0.3166263180932687
0.05,0.2811706625951745,1.4937995482341378e-05,2.5335628539799632e-05,0.5896042981083081
0.05,0.2811706625951745,1.657761173479829e-05,5.5474075588686383e-05,0.2988352948449888
0.05,0.2811706625951745,1.692719949358469e-05,2.8374205630481125e-05,0.5965699873338679
0.05,0.2811706625951745,1.6400296113204075e-05,3.4251214045713026e-05,0.47882378975868095
0.05,0.2811706625951745,1.5897890354661912e-05,4.535716709426989e-05,0.3505044819404151
0.05,0.2811706625951745,1.633099979357667e-05,8.065262456889476e-05,0.20248565847508745
0.05,0.2811706625951745,1.6642112377347958e-05,6.581085466919424e-05,0.2528779250930782
0.05,0.2811706625951745,1.4280167795095424e-05,4.7913097442296975e-05,0.29804309379691873
0.05,0.2811706625951745,1.8126213477489916e-05,4.845019367969391e-05,0.3741205576457136
0.05,0.2811706625951745,1.4923340263971898e-05,2.5737350300332586e-05,0.57983203747975
0.05,0.2811706625951745,1.632861984673328e-05,0.00014950692251074037,0.10921648023060776
0.05,0.2811706625951745,1.6218708042549737e-05,3.401991514260501e-05,0.47674157841264453
0.05,0.2811706625951745,1.57641198593871e-05,3.0218480771960123e-05,0.5216714889920842
0.05,0.2811706625951745,1.4520146609030834e-05,2.1149064316472216e-05,0.686562128317026
0.05,0.2811706625951745,1.7945355881065592e-05,5.674475931262451e-05,0.3162469292044936
0.05,0.2811706625951745,1.4348025783465043e-05,5.586205736628733e-05,0.2568474284680402
0.05,0.2811706625951745,1.8141113994985433e-05,5.060396604132034e-05,0.3584919407339026
0.05,0.2811706625951745,1.618367153998434e-05,5.237690921171605e-05,0.3089848519806178
0.05,0.2811706625951745,1.6429453406616978e-05,4.4496712545225936e-05,0.36922847704576545
0.05,0.2811706625951745,1.8807595069631213e-05,8.125633805624873e-05,0.23146003769714404
0.05,0.2811706625951745,1.792362037513843e-05,3.0399657936992466e-05,0.5895994097133473
0.05,0.2811706625951745,1.4974975671984408e-05,2.5229314046336555e-05,0.5935546105011469
0.05,0.2811706625951745,1.625542038158332e-05,3.219879610050782e-05,0.5048455951844407
0.05,0.2811706625951745,1.478237565716279e-05,0.00013773996717514748,0.10732088848522671
0.05,0.2811706625951745,1.773125317119694e-05,2.9689456736049954e-05,0.5972239010243339
0.05,0.2811706625951745,1.9080661957704837e-05,5.015702067643016e-05,0.38041856753806835
0.05,0.2811706625951745,1.809927701539407e-05,7.087522049234637e-05,0.2553681934202739
0.05,0.2811706625951745,1.581534539550178e-05,4.15826753416144e-05,0.3803349655974244
0.05,0.2811706625951745,1.5681165532341426e-05,0.00014300244486677277,0.10965662543008041
0.05,0.2811706625951745,1.672940961894234e-05,5.089828671030433e-05,0.32868315812200966
0.05,0.2811706625951745,1.6742671718581856e-05,2.6732638401777427e-05,0.6263007589055876
0.05,0.2811706625951745,1.548665985531274e-05,9.353688716926904e-05,0.16556740687005442
0.05,0.2811706625951745,1.612615598955876e-05,6.571230778920715e-05,0.245405412351191
0.05,0.2811706625951745,1.637816225356744e-05,0.00018106937079143877,0.09045241711494269
0.05,0.2811706625951745,1.704039495456833e-05,3.60487448450956e-05,0.47270425164016944
0.05,0.2811706625951745,1.6763021011032834e-05,3.822422336287664e-05,0.43854444999170544
0.05,0.2811706625951745,1.7707619323273484e-05,3.9427672895740485e-05,0.4491165220452689
0.05,0.2811706625951745,1.3809758463574316e-05,3.743279448703483e-05,0.36892138705694133
0.05,0.2811706625951745,1.4463747426393777e-05,4.815868529716362e-05,0.3003351801890996
0.05,0.2811706625951745,1.3686248289931134e-05,2.2382581103356125e-05,0.6114687232331292
0.05,0.2811706625951745,1.842568067282684e-05,4.1913276878237e-05,0.4396144144576338
0.05,0.2811706625951745,1.433918748444799e-05,3.84905843275314e-05,0.3725375370358176
0.05,0.2811706625951745,1.554862820674379e-05,0.0001446294406559955,0.10750666072011275
0.05,0.2811706625951745,1.5147189421434981e-05,3.364976235658027e-05,0.45014253773690976
0.05,0.2811706625951745,1.4441450626470718e-05,5.417483175134298e-05,0.2665712132297064
0.05,0.2811706625951745,1.9613248023059434e-05,0.00017339064379600727,0.11311595362743024
0.05,0.2811706625951745,1.5161182099170428e-05,3.251014471999975e-05,0.46635234108458146
0.05,0.2811706625951745,1.620524207078581e-05,3.282310873915974e-05,0.4937144193003291
0.05,0.2811706625951745,1.6428110980589247e-05,5.4796879973529e-05,0.29980011614758456
0.05,0.2811706625951745,1.4818144302154867e-05,6.363910800434702e-05,0.2328465116315376
0.05,0.2811706625951745,1.8376342714064137e-05,4.486198841343375e-05,0.4096194431845872
0.05,0.2811706625951745,1.83088902003317e-05,3.035140572937571e-05,0.6032303862160618
0.05,0.2811706625951745,1.8869417075247323e-05,6.708242967573175e-05,0.2812870250296504
0.05,0.2811706625951745,1.7408911829452638e-05,3.3305743448708975e-05,0.5226999918576343
0.05,0.2811706625951745,1.802027680428708e-05,9.40844356161132e-05,0.19153302760739385
0.05,0.2811706625951745,1.7537013106647283e-05,3.2429955664033623e-05,0.540765867469152
0.05,0.2811706625951745,1.9879101192604755e-05,4.3141505586408886e-05,0.4607883040333062
0.05,0.2811706625951745,1.5812012466390916e-05,2.3802323699593226e-05,0.6643054126123467
0.05,0.2811706625951745,1.4202285354890854e-05,2.2223687602526695e-05,0.6390606999567499
0.05,0.2811706625951745,1.589587838967041e-05,2.7464575289313647e-05,0.578777506013553
0.05,0.2811706625951745,1.756569432882988e-05,3.965059044832121e-05,0.4430121753602689
0.05,0.2811706625951745,1.6584226114167262e-05,6.359014674938389e-05,0.2607986765548381
0.05,0.2811706625951745,1.7258053378526185e-05,7.729680614238178e-05,0.22326994140917816
0.05,0.2811706625951745,1.6279822773589736e-05,0.00014632866584418663,0.11125518489264968
0.05,0.2811706625951745,1.6255205028647098e-05,4.650408698760685e-05,0.3495435795348277
0.05,0.2811706625951745,1.7798680568261287e-05,9.789901722010734e-05,0.18180652956141874
0.05,0.2811706625951745,1.8022965618414697e-05,3.152270566134818e-05,0.5717455161380294
0.05,0.2811706625951745,1.624084444779845e-05,3.511048762949176e-05,0.4625639102248363
0.05,0.2811706625951745,1.563496330197477e-05,2.599411222960868e-05,0.6014809493730552
0.05,0.2811706625951745,1.8058836943533797e-05,4.279827920831281e-05,0.4219524073768412
0.05,0.2811706625951745,1.694260187062636e-05,2.9536267921127507e-05,0.573620266306807
0.05,0.2811706625951745,1.4801632511578344e-05,4.34043389499269e-05,0.34101734687525453
0.05,0.2811706625951745,1.4299555481619481e-05,3.2374820746433224e-05,0.441687556932493
0.05,0.2811706625951745,1.9206758842777432e-05,0.00022514335045831403,0.08530902113555258
0.05,0.2811706625951745,1.7158748774958507e-05,5.1976264628694403e-05,0.33012662409537064
0.05,0.2811706625951745,1.5314278319713202e-05,8.938565401691913e-05,0.17132814530634277
0.05,0.2811706625951745,1.3989712846622789e-05,2.8074583851591913e-05,0.49830526146265675
0.05,0.2811706625951745,1.616472581876497e-05,3.791918343272875e-05,0.4262941433705267
0.05,0.2811706625951745,1.6353517873090193e-05,4.526001360997081e-05,0.3613237506735416
0.05,0.2811706625951745,1.6733785588283848e-05,3.940772087866522e-05,0.42463215875402943
0.05,0.2811706625951745,1.4199896724955017e-05,1.987351589023313e-05,0.7145135668688386
0.05,0.2811706625951745,1.5881670781262952e-05,2.5055973524059066e-05,0.6338476837075665
0.05,0.2811706625951745,1.7197908896251042e-05,3.3487512422938526e-05,0.5135618519239634
0.05,0.2811706625951745,1.634116645066242e-05,2.695696613662533e-05,0.6061945683294214
0.05,0.2811706625951745,1.757310006189743e-05,3.777180508285478e-05,0.46524385115696093
0.05,0.2811706625951745,1.6390849559774032e-05,2.729124395514081e-05,0.6005900495674003
0.05,0.2811706625951745,1.6029039560060663e-05,6.130948219060562e-05,0.26144470622387306
0.05,0.2811706625951745,1.4104022952631682e-05,4.946832170802022e-05,0.28511221860079844
0.05,0.2811706625951745,1.8098341459489602e-05,2.4446146288306368e-05,0.7403351532812682
0.05,0.2811706625951745,1.6825673438539813e-05,5.701619100293918e-05,0.2951034283870778
0.05,0.2811706625951745,1.577569149449468e-05,3.493700605335582e-05,0.4515467487512248
0.05,0.2811706625951745,1.6830348302467414e-05,3.406431574301101e-05,0.4940756312100736
0.05,0.2811706625951745,1.4354826389060049e-05,1.9291724476846545e-05,0.7440924426579054
0.05,0.2811706625951745,1.6481384069228603e-05,2.569515785333773e-05,0.6414198411739945
0.05,0.2811706625951745,1.5125372390451927e-05,5.5441169252246495e-05,0.27281842346496044
0.05,0.2811706625951745,1.6803949572629276e-05,4.906624166204072e-05,0.342474764795963
0.05,0.2811706625951745,1.48141887092021e-05,2.5134807536886268e-05,0.5893893831278288
0.05,0.2811706625951745,1.5568803933475923e-05,5.062054132634058e-05,0.3075590170620052
0.05,0.2811706625951745,1.7653828747943354e-05,3.048231116779182e-05,0.5791499421013955
0.05,0.2811706625951745,1.4358083341142629e-05,2.2200781920094368e-05,0.6467377317078568
0.05,0.2811706625951745,1.5562993911278296e-05,3.5307678270181366e-05,0.4407821378734443
0.05,0.2811706625951745,1.559033764713613e-05,2.0533706669339177e-05,0.7592558858559882
0.05,0.2811706625951745,1.8850263115315354e-05,7.972422327800074e-05,0.23644335862117996
0.05,0.2811706625951745,1.5111876359597061e-05,2.4719193751230915e-05,0.6113417982673708
0.05,0.2811706625951745,1.6807669324692767e-05,5.501327816731001e-05,0.3055202286541837
0.05,0.2811706625951745,1.607016894195069e-05,0.00012446618379325373,0.12911273128325576
0.05,0.2811706625951745,1.4251359043885067e-05,3.0077043751709287e-05,0.4738284507457671
0.05,0.2811706625951745,1.2933855425217677e-05,1.905403480538231e-05,0.6787987718781835
0.05,0.2811706625951745,1.642000754526464e-05,4.404125522563054e-05,0.37283241499685377
0.05,0.2811706625951745,1.884139408712873e-05,0.0001518387755896893,0.12408815873254556
0.05,0.2811706625951745,1.5095194517539578e-05,2.9194465137031646e-05,0.5170567245087877
0.05,0.2811706625951745,1.4664963336539805e-05,3.581640163206942e-05,0.4094482602464743
0.05,0.2811706625951745,1.7903360515463993e-05,5.940314697032866e-05,0.30138740838775024
0.05,1.5811388300841895,7.546505423911501e-05,0.0002110474516826426,0.3575738708875468
0.05,1.5811388300841895,8.886476539606808e-05,0.0009131741664789006,0.09731414735342422
0.05,1.5811388300841895,7.980247374108249e-05,0.0001997789612152318,0.39945384266518097
0.05,1.5811388300841895,7.040715229484018e-05,0.0001706564051463723,0.4125667140032151
0.05,1.5811388300841895,7.830805237973715e-05,0.00012463036351617452,0.6283224261764617
0.05,1.5811388300841895,7.232696088420521e-05,0.00016343740460032945,0.44253615664708995
0.05,1.5811388300841895,7.586873005388933e-05,0.0007958231597883954,0.09533365436871977
0.05,1.5811388300841895,7.150464169268172e-05,0.00013766318357317085,0.5194173186811092
0.05,1.5811388300841895,7.221953820146082e-05,0.0002455801547009405,0.29407725672869384
0.05,1.5811388300841895,8.730306240457321e-05,0.00019073262728337576,0.45772484575942574
0.05,1.5811388300841895,6.302751180490811e-05,0.0001012179233163668,0.6226912165339461
0.05,1.5811388300841895,8.576247606279704e-05,0.0001885734732126043,0.4547960781636844
0.05,1.5811388300841895,6.669022946790476e-05,0.00014641992340880126,0.455472369574372
0.05,1.5811388300841895,8.385081179018247e-05,0.00016087827750506161,0.5212065487681786
0.05,1.5811388300841895,8.156971263924066e-05,0.00014368645931580131,0.5676924118504629
0.05,1.5811388300841895,7.376543607767828e-05,0.00017869443511293854,0.412802088834255
0.05,1.5811388300841895,7.748862732518105e-05,0.0002291781598143292,0.3381152348372078
0.05,1.5811388300841895,7.505527905655426e-05,0.00011553107469805176,0.6496544696110228
0.05,1.5811388300841895,6.288489641525805e-05,0.00012085885715908952,0.5203168215671699
0.05,1.5811388300841895,8.204181711903529e-05,0.0001444568815599313,0.5679329100358457
0.05,1.5811388300841895,9.316222384205733e-05,0.00014183721251464145,0.6568249769604042
0.05,1.5811388300841895,7.128967873966178e-05,9.663765365845449e-05,0.737700844762024
0.05,1.5811388300841895,9.448692046027548e-05,0.0002142277022935901,0.44105836662891107
0.05,1.5811388300841895,8.763066887805039e-05,0.0015769317637609724,0.05557036194708374
0.05,1.5811388300841895,7.768849817224168e-05,0.00024677291874975984,0.3148177626857902
0.05,1.5811388300841895,8.098376326151268e-05,0.00015402420077472457,0.5257859664531507
0.05,1.5811388300841895,8.288992442020202e-05,0.0003335438332798948,0.24851283744360092
0.05,1.5811388300841895,8.380201834295974e-05,0.00017943734384547486,0.4670266319541995
0.05,1.5811388300841895,8.448204302749535e-05,0.00025169132790318655,0.33565734557207905
0.05,1.5811388300841895,7.219902118347127e-05,0.0002334221177394675,0.30930668388526794
0.05,1.5811388300841895,7.678367621288517e-05,0.00011075807528650957,0.6932557830592555
0.05,1.5811388300841895,7.956077475963347e-05,0.00016729146479258872,0.4755817928803152
0.05,1.5811388300841895,9.086765069506313e-05,0.00018880390134344734,0.4812805776177718
0.05,1.5811388300841895,7.85687803011244e-05,0.00017064852094039986,0.460412899380271
0.05,1.5811388300841895,9.65263349305888e-05,0.00037751254094849123,0.25569040617317956
0.05,1.5811388300841895,7.167355340278439e-05,0.00012077108095165875,0.5934661910616937
0.05,1.5811388300841895,7.642962245397131e-05,0.00013248444567649797,0.576895061633107
0.05,1.5811388300841895,7.69682317834003e-05,0.00012706709851216728,0.6057290414641068
0.05,1.5811388300841895,7.740818770115136e-05,0.0005852829400602392,0.13225772084384393
0.05,1.5811388300841895,9.31253177904156e-05,0.0002538235856143662,0.3668899309140671
0.05,1.5811388300841895,7.947335677785498e-05,0.00022385575780387728,0.3550203825781535
0.05,1.5811388300841895,8.139243903932736e-05,0.00022437434112346468,0.36275288266825567
0.05,1.5811388300841895,9.55095345679084e-05,0.00025967872486662506,0.3677988430394656
0.05,1.5811388300841895,8.579786551698986e-05,0.00020653549405609122,0.4154146284109827
0.05,1.5811388300841895,7.762984252328712e-05,9.34960169613354e-05,0.8303010657169533
0.05,1.5811388300841895,7.693171935783545e-05,0.00010059499084772515,0.7647669005138658
0.05,1.5811388300841895,6.801917380175433e-05,0.00020207638475747605,0.3366012999657937
0.05,1.5811388300841895,7.407068439729548e-05,0.00012075026285932416,0.613420481606644
0.05,1.5811388300841895,9.823488345669369e-05,0.0002908776095034987,0.33771895892699194
0.05,1.5811388300841895,8.552763521557939e-05,0.00014659646888677292,0.5834222056306049
0.05,1.5811388300841895,9.430256609264183e-05,0.0003442793494203049,0.2739129321913377
0.05,1.5811388300841895,9.1261262195503e-05,0.00020065167533478827,0.45482432201591716
0.05,1.5811388300841895,7.675813077412302e-05,0.0008413997463412055,0.09122671014330917
0.05,1.5811388300841895,7.23826161964125e-05,0.00010625708814379449,0.6812027080815475
0.05,1.5811388300841895,7.512716307283592e-05,0.00033013156282961093,0.22756734445173576
0.05,1.5811388300841895,8.637416970397609e-05,0.00015650508361527053,0.5518937002475003
0.05,1.5811388300841895,8.607749198872809e-05,0.0007983853694701349,0.10781446564565081
0.05,1.5811388300841895,7.781134330401643e-05,0.00017027050226520705,0.45698663167634496
0.05,1.5811388300841895,6.896581486797597e-05,0.00011797145758398226,0.5845974634913716
0.05,1.5811388300841895,8.463146571891853e-05,0.00011982858756076756,0.706271078059734
0.05,1.5811388300841895,9.008566558759948e-05,0.0002131763378152079,0.42258754658638675
0.05,1.5811388300841895,8.64567886899707e-05,0.0001987053499919307,0.4351004575039457
0.05,1.5811388300841895,8.085423044158031e-05,0.0004513328091131222,0.1791454749333656
0.05,1.5811388300841895,6.74582089484463e-05,0.00012878890870686934,0.5237889630852056
0.05,1.5811388300841895,7.791945063349043e-05,0.000349146524241103,0.22317120527793993
0.05,1.5811388300841895,8.279133267894715e-05,0.00016558862053367166,0.49998201816115695
0.05,1.5811388300841895,7.541955442547153e-05,0.0001639697243756474,0.45996024395752877
0.05,1.5811388300841895,8.251397584945735e-05,0.00028530752437862055,0.2892106544654471
0.05,1.5811388300841895,7.725936873240038e-05,0.00017525626141729682,0.4408365675931012
0.05,1.5811388300841895,7.420906746576851e-05,0.00020156051046016203,0.36817265096396823
0.05,1.5811388300841895,6.79182835459408e-05,0.0001889554894224453,0.3594406479194515
0.05,1.5811388300841895,8.389446556014062e-05,0.00023709912938059315,0.3538370882225917
0.05,1.5811388300841895,8.155084082668348e-05,0.00015047912461151769,0.5419412229916811
0.05,1.5811388300841895,8.743136447530525e-05,0.0001919505157928221,0.4554890832889062
0.05,1.5811388300841895,8.692545196852173e-05,0.00021256745095259966,0.4089311490492738
0.05,1.5811388300841895,7.907235425749619e-05,0.00011420196590758246,0.6923904823274689
0.05,1.5811388300841895,8.168502459109868e-05,0.00016125663978786432,0.5065529375941148
0.05,1.5811388300841895,7.30924383127968e-05,0.00014768635121822148,0.4949166778776689
0.05,1.5811388300841895,6.907235902795792e-05,7.437311862190303e-05,0.9287274798722233
0.05,1.5811388300841895,7.897290224172843e-05,0.00011260934691632583,0.701299709165431
0.05,1.5811388300841895,7.160451654685049e-05,8.541965204894761e-05,0.838267480951799
0.05,1.5811388300841895,0.00010240928453733464,0.00046307275478397423,0.22115160842297682
0.05,1.5811388300841895,8.268468331022006e-05,0.00015154261194819048,0.545620022297678
0.05,1.5811388300841895,7.696319689307952e-05,0.0004246445506717277,0.18124145658135637
0.05,1.5811388300841895,8.355980106578087e-05,0.0002236922093166656,0.3735481057701524
0.05,1.5811388300841895,8.445189924379005e-05,0.00013946850628257168,0.605526663293327
0.05,1.5811388300841895,7.083464762915578e-05,0.0001379207854021606,0.5135893579971312
0.05,1.5811388300841895,7.235980506255922e-05,8.669106895880255e-05,0.8346858094107266
0.05,1.5811388300841895,7.462957156555645e-05,0.00032897016323312183,0.226858177143168
0.05,1.5811388300841895,8.391374907632157e-05,0.00019065811077670814,0.44012682562767186
0.05,1.5811388300841895,0.0001011007147871496,0.00023109160610792294,0.4374919387592736
0.05,1.5811388300841895,8.259775652871067e-05,0.00017515135691180623,0.47157931280144766
0.05,1.5811388300841895,8.996759663960198e-05,0.00013419077011260928,0.6704454901339608
0.05,1.5811388300841895,7.620383585660861e-05,0.0002553991944108871,0.2983714808982977
0.05,1.5811388300841895,7.738663564092623e-05,0.00012775282886157092,0.6057528144819402
0.05,1.5811388300841895,7.941558499498848e-05,0.00023056502182367238,0.3444389975844757
0.05,1.5811388300841895,8.33247183571673e-05,0.0005177332341015565,0.16094141320049518
0.05,1.5811388300841895,8.724539640070361e-05,0.0001964152887811051,0.44418841803060555
0.05,1.5811388300841895,8.566838722321192e-05,0.000838719544759511,0.10214187538431088
0.05,1.5811388300841895,7.305001957326434e-05,0.00013846609542213117,0.5275661117659326
0.05,1.5811388300841895,7.864945258257057e-05,0.00013036519216470273,0.6033010136878043
0.05,1.5811388300841895,9.0768623714813e-05,0.00016255481179188678,0.5583877998703655
0.05,1.5811388300841895,8.15837519410663e-05,0.00011134307047868206,0.7327241074844121
0.05,1.5811388300841895,7.791959041782869e-05,9.33928224496392e-05,0.8343209721480017
0.05,1.5811388300841895,7.396723385947209e-05,0.00024762178429293144,0.29871052771338724
0.05,1.5811388300841895,7.30471653783275e-05,0.00015451348987729823,0.4727559091205271
0.05,1.5811388300841895,0.00010011584246508661,0.0002113354100687373,0.4737296150821281
0.05,1.5811388300841895,7.697686712615871e-05,0.0001525860824361237,0.5044815745786194
0.05,1.5811388300841895,7.718681844725223e-05,0.00015926923642047466,0.4846310573341179
0.05,1.5811388300841895,8.433973411539404e-05,0.0002268967715469598,0.37170971424747057
0.05,1.5811388300841895,8.151359715212991e-05,0.0001368079715495262,0.5958249086576141
0.05,1.5811388300841895,7.037106116998892e-05,0.00028046500998795646,0.250908522146883
0.05,1.5811388300841895,6.975231336298907e-05,9.525671803992319e-05,0.7322561053778388
0.05,1.5811388300841895,7.605843357459602e-05,0.00010751934815570431,0.7073929937191572
0.05,1.5811388300841895,0.00010146826537131718,0.0003676294300018933,0.27600691645060793
0.05,1.5811388300841895,7.708909596453873e-05,0.0001658501266217694,0.464811800477818
0.05,1.5811388300841895,8.050279722440992e-05,0.0001765818486873256,0.4558950867422203
0.05,1.5811388300841895,7.504046147832021e-05,0.00012120561172355064,0.6191170558131807
0.05,1.5811388300841895,7.926610733724361e-05,0.0003384852399638992,0.23417891824676804
0.05,1.5811388300841895,9.27161747746931e-05,0.0002783522996513271,0.33308930765376227
0.05,1.5811388300841895,8.00010132426315e-05,0.0001230737624714369,0.6500249251841815
0.05,1.5811388300841895,8.368681613910017e-05,0.00034881045315630254,0.2399206084044734
0.05,1.5811388300841895,7.811131714876448e-05,9.538279489623975e-05,0.8189245999106685
0.05,1.5811388300841895,6.7146470708941e-05,0.0002433485151125754,0.27592718483561895
0.05,1.5811388300841895,8.100468952409712e-05,0.00015866800797664966,0.5105294416755907
0.05,1.5811388300841895,7.823599313416864e-05,0.00010249399734294573,0.7633226838874317
0.05,1.5811388300841895,6.959709322804004e-05,9.815263661926301e-05,0.7090700324027894
0.05,1.5811388300841895,6.617532817693968e-05,0.00023889952087681525,0.2770006734800525
0.05,1.5811388300841895,8.45673599377284e-05,0.00018693513942257047,0.45238878147228523
0.05,1.5811388300841895,8.022098198222205e-05,0.00013473374955748485,0.5954037666560698
0.05,1.5811388300841895,8.737585785654533e-05,0.00028743578463371776,0.30398392450643974
0.05,1.5811388300841895,9.739903272801035e-05,0.00046614133413359486,0.20894742773464506
0.05,1.5811388300841895,8.82475195174721e-05,0.00019753303315662947,0.4467481621035919
0.05,1.5811388300841895,8.213551391969757e-05,0.00018509044687062395,0.443758796352733
0.05,1.5811388300841895,7.959523586928263e-05,0.000801340465592184,0.09932761327666437
0.05,1.5811388300841895,8.228726438187581e-05,0.00016652733962168914,0.49413666590010435
0.05,1.5811388300841895,7.068580027742051e-05,0.0007375434551291901,0.0958395058431357
0.05,1.5811388300841895,7.395704431712358e-05,0.00013346558059617008,0.5541282178279142
0.05,1.5811388300841895,8.381563434059226e-05,0.0005499298223688402,0.15241150948961768
0.05,1.5811388300841895,7.818993160618016e-05,0.0002960572987649749,0.26410404989964875
0.05,1.5811388300841895,7.309805601774303e-05,0.00013731070123827483,0.5323551286137284
0.05,1.5811388300841895,7.713570815504395e-05,0.00015768804891328302,0.4891664820931546
0.05,1.5811388300841895,7.76779549864709e-05,0.00018484696133076959,0.4202284659008925
0.05,1.5811388300841895,7.942820871408039e-05,0.00015638445299925592,0.5079034852298158
0.05,1.5811388300841895,9.193529816223468e-05,0.0001357682338701339,0.6771488111878464
0.05,1.5811388300841895,8.042442562075327e-05,0.00020040469124926817,0.4013100946859544
0.05,1.5811388300841895,8.097107795407987e-05,0.00032804338492278714,0.24683039401370144
0.05,1.5811388300841895,7.755276570435559e-05,0.0008807427661142109,0.0880538208068562
0.05,1.5811388300841895,7.491902694847576e-05,0.00016193654349956678,0.4626443502462197
0.05,1.5811388300841895,8.107691618626204e-05,0.00027365866419346713,0.29627023293859056
0.05,1.5811388300841895,6.975926048704398e-05,0.0004451582587833547,0.1567066523211327
0.05,1.5811388300841895,7.047510877284315e-05,0.00018109851248781074,0.38915343811886166
0.05,1.5811388300841895,7.690058121145937e-05,0.0001329213763326135,0.5785418668779696
0.05,1.5811388300841895,7.793148749000562e-05,0.00016273575958177192,0.4788836067148867
0.05,1.5811388300841895,7.484729298135506e-05,0.00039359242334365615,0.19016446593537162
0.05,1.5811388300841895,8.071905150304979e-05,0.0002697963048485926,0.2991851632228567
0.05,1.5811388300841895,6.766888257308794e-05,0.00015890308853179627,0.4258500146115631
0.05,1.5811388300841895,6.774365814822596e-05,0.00017456159946117032,0.38807881204878014
0.05,1.5811388300841895,7.369236235807109e-05,0.00015354752031349436,0.4799319598754518
0.05,1.5811388300841895,8.450922494304614e-05,0.000201750882871191,0.41887908365189924
0.05,1.5811388300841895,8.885375611627336e-05,0.00021051262989946055,0.42208278030020974
0.05,1.5811388300841895,8.09768967313828e-05,0.0001375542681891526,0.5886905422667834
0.05,1.5811388300841895,7.559640588063916e-05,0.0007932851626954203,0.09529537351206478
0.05,1.5811388300841895,8.57013294575849e-05,0.00020699594185788695,0.4140242010948366
0.05,1.5811388300841895,8.736959236157595e-05,0.00017117185819437685,0.5104203067209918
0.05,1.5811388300841895,8.16668658359918e-05,0.0002505117720726391,0.3260001123312937
0.05,1.5811388300841895,8.354016471187497e-05,0.0001323654937939652,0.6311324977332101
0.05,1.5811388300841895,8.3705434670616e-05,0.00039452416680613563,0.21216807920349232
0.05,1.5811388300841895,8.211917709658444e-05,0.0002417796956514293,0.33964463755043606
0.05,1.5811388300841895,8.388535960440482e-05,0.00012333333274309316,0.6801515676150616
0.05,1.5811388300841895,8.847532108091115e-05,0.00012635490432515338,0.7002127978604977
0.05,1.5811388300841895,7.827647918403892e-05,0.00023227944806907233,0.33699270355060446
0.05,1.5811388300841895,7.486664309456629e-05,0.00017400037042422176,0.43026714777697084
0.05,1.5811388300841895,7.613498397963577e-05,0.000130335980562701,0.58414402263241
0.05,1.5811388300841895,7.830650546371708e-05,0.0003535506428980932,0.22148596541030194
0.05,1.5811388300841895,7.691775315881798e-05,0.0001435139465781111,0.5359601278678066
0.05,1.5811388300841895,7.752605211282498e-05,0.00019443607422250797,0.39872257461908034
0.05,1.5811388300841895,7.475807080382926e-05,0.0001905181529929021,0.392393426187658
0.05,1.5811388300841895,7.001824301390447e-05,0.00020855043435731005,0.33573769927490066
0.05,1.5811388300841895,8.678471174821058e-05,0.0001447271675648644,0.5996435445288119
0.05,1.5811388300841895,7.736691165827416e-05,0.00028245305843676,0.2739106883333546
0.05,1.5811388300841895,7.817631403447948e-05,0.0007723953663348029,0.10121282110409908
0.05,1.5811388300841895,8.671049951327524e-05,0.0002379262189703438,0.364442808735103
0.05,1.5811388300841895,8.488089261428877e-05,0.00019605090805649645,0.43295332552006566
0.05,1.5811388300841895,8.423569649653287e-05,0.00026769902675159404,0.31466568077850243
0.05,1.5811388300841895,7.527944337053595e-05,0.00017994188197713773,0.4183542071661809
0.05,1.5811388300841895,0.00010394222896067208,0.0005147498698595515,0.20192764495313523
0.05,1.5811388300841895,6.953686693291197e-05,9.755230581419243e-05,0.7128162307650484
0.05,1.5811388300841895,7.50592887114257e-05,0.00019315072560626475,0.38860474624585717
0.05,1.5811388300841895,7.75679986404579e-05,0.00014521585177218495,0.5341565517389024
0.05,1.5811388300841895,8.551504686446107e-05,0.00031427140762608206,0.27210571750837187
0.05,1.5811388300841895,6.93803416133957e-05,8.86183606791535e-05,0.7829115894457824
0.05,1.5811388300841895,8.259832103054119e-05,0.00017651127004552654,0.4679492760390715
0.05,1.5811388300841895,7.755339040161008e-05,0.00016521610333533157,0.4694057590996654
0.05,1.5811388300841895,7.599560909048234e-05,0.0003128896919963032,0.2428830704061041
0.05,1.5811388300841895,6.80805817917219e-05,0.0001559970040584683,0.4364223672283156
0.05,1.5811388300841895,8.042398926615626e-05,0.00023000353035008527,0.34966415143169316
0.05,1.5811388300841895,8.829587634141879e-05,0.00028224882454765105,0.3128299169462515
0.05,1.5811388300841895,8.432250709479829e-05,0.0001981344931557846,0.4255821677071601
0.05,1.5811388300841895,7.599375402080592e-05,0.00013781374846915477,0.5514236051551469
0.05,8.891397050194612,0.0005177158867281409,0.0027128759010512284,0.19083655338879602
0.05,8.891397050194612,0.0005444970405247098,0.001547380196191953,0.3518831647611217
0.05,8.891397050194612,0.0004433422273723494,0.0008365666567436997,0.5299544558685141
0.05,8.891397050194612,0.00043066315899958386,0.0006927645389905102,0.6216587812464276
0.05,8.891397050194612,0.0004961648580698829,0.0014922364892554845,0.33249747050310535
0.05,8.891397050194612,0.0004337466933160994,0.0006751102381972355,0.6424827661840006
0.05,8.891397050194612,0.0004504584048276964,0.000582250647065189,0.7736503292838126
0.05,8.891397050194612,0.000396934301611433,0.0011909444468610805,0.33329371714828104
0.05,8.891397050194612,0.0003917394807165911,0.0006180506917491906,0.6338306646140958
0.05,8.891397050194612,0.00034875591422304006,0.0010846215639460416,0.3215461740906252
0.05,8.891397050194612,0.0004294885333542185,0.004469246737325227,0.09609864001629512
0.05,8.891397050194612,0.0004148639869750801,0.0005949707180319386,0.697284714023203
0.05,8.891397050194612,0.0005037219104883098,0.0010352037560058748,0.4865920429344454
0.05,8.891397050194612,0.00044504239935395733,0.0005837717218260505,0.7623568986210143
0.05,8.891397050194612,0.0004894709156498209,0.0014564325427624811,0.3360752395173891
0.05,8.891397050194612,0.0005042802827286243,0.0036256909293702804,0.13908529230764
0.05,8.891397050194612,0.00046171653073924827,0.0011871500162797053,0.3889285468623225
0.05,8.891397050194612,0.00048439772246204344,0.0027181316195332463,0.17820981110003184
0.05,8.891397050194612,0.0004222352124519626,0.0010709550086604447,0.39426045822419403
0.05,8.891397050194612,0.0005135835126632018,0.0014196974170639892,0.361755615309437
0.05,8.891397050194612,0.00039131351842257344,0.0005448853949511471,0.7181574732016032
0.05,8.891397050194612,0.00047669237132174226,0.0009717960839759331,0.490527158096212
0.05,8.891397050194612,0.0004180579771425399,0.003203306623268971,0.13050826109050784
0.05,8.891397050194612,0.0005171599807549794,0.0009712464343466655,0.5324704034593041
0.05,8.891397050194612,0.0005180286079552174,0.0016914649891989256,0.30626031946458127
0.05,8.891397050194612,0.0003788104914319768,0.002898110346375142,0.13070947830050023
0.05,8.891397050194612,0.0005421156764270836,0.00153055504079807,0.35419547940230284
0.05,8.891397050194612,0.0004292469332762632,0.0016142042370193873,0.26591860152025343
0.05,8.891397050194612,0.00041606732397965213,0.0015807616544720872,0.26320686790609327
0.05,8.891397050194612,0.0004239909468085534,0.0024847142026813477,0.17063972442022063
0.05,8.891397050194612,0.0004491373373898257,0.0009421334733944344,0.4767236809574534
0.05,8.891397050194612,0.0004037071223181078,0.0006887717489788948,0.5861261338267783
0.05,8.891397050194612,0.0004505460962520602,0.004342853150412213,0.10374426227359207
0.05,8.891397050194612,0.0005169404950841615,0.0012360925190191537,0.4182053423431093
0.05,8.891397050194612,0.00040633058731148123,0.004877446338467056,0.08330805899531184
0.05,8.891397050194612,0.0003952279798296491,0.001121794481393388,0.3523176360599795
0.05,8.891397050194612,0.0004733244884786996,0.0013840892141140915,0.34197541867390285
0.05,8.891397050194612,0.0004389187830038459,0.002490425943041029,0.17624245532388225
0.05,8.891397050194612,0.0004307501068206545,0.0014294401613338026,0.30134182491327516
0.05,8.891397050194612,0.00039137859382683125,0.0010103940801017858,0.38735242172777207
0.05,8.891397050194612,0.00047075503044200314,0.0009245103812303407,0.5091938825127319
0.05,8.891397050194612,0.000525031771951776,0.0008502822976121634,0.6174793635316362
0.05,8.891397050194612,0.0004073196033759457,0.000756091300679712,0.5387174842638355
0.05,8.891397050194612,0.0004460691157350209,0.0014577437650870157,0.3059996732062127
0.05,8.891397050194612,0.0003519163804409236,0.00043990810059581654,0.7999770405779845
0.05,8.891397050194612,0.0004218332919461678,0.0008284674377880294,0.509173049785087
0.05,8.891397050194612,0.0004315704653916369,0.005060550077974339,0.0852813347841403
0.05,8.891397050194612,0.0004040439454164726,0.0009750303746393427,0.4143911368565577
0.05,8.891397050194612,0.00045024714842746257,0.002218420799586027,0.20295840559711747
0.05,8.891397050194612,0.00048442188245483535,0.0021939406138942806,0.22079990651842601
0.05,8.891397050194612,0.00040813541663060546,0.0013336800114690346,0.3060219941221497
0.05,8.891397050194612,0.000464339342758008,0.0010645991945668607,0.43616353001932107
0.05,8.891397050194612,0.0004404791027546861,0.0009624178033293082,0.4576797116916679
0.05,8.891397050194612,0.0004283874083942453,0.0015164571383216446,0.282492262767392
0.05,8.891397050194612,0.00038157932471470256,0.001146104376961972,0.3329359283367988
0.05,8.891397050194612,0.0004329040839418562,0.000836168542142056,0.5177234757395484
0.05,8.891397050194612,0.0003911205822021615,0.0006276305717939766,0.6231700617836524
0.05,8.891397050194612,0.00039000838538220104,0.0049509224477922616,0.07877489285983774
0.05,8.891397050194612,0.00044656756293400554,0.0012874363986090291,0.346865727438253
0.05,8.891397050194612,0.0004211790608058932,0.0008732004276892325,0.48233950356674427
0.05,8.891397050194612,0.0004002748142791151,0.001849111255202833,0.21646875662719825
0.05,8.891397050194612,0.0005139198076220154,0.0012437128060452198,0.41321421241627865
0.05,8.891397050194612,0.0004499764335149204,0.0009519268075215384,0.47270066349585305
0.05,8.891397050194612,0.0004424073760775951,0.0008724582100357537,0.5070814521413755
0.05,8.891397050194612,0.00045495130525331724,0.0008465294734625987,0.5374311462451612
0.05,8.891397050194612,0.0005077326780322088,0.0012576602587582033,0.40371211103826815
0.05,8.891397050194612,0.00037698981405639276,0.001233369121326214,0.3056585474193031
0.05,8.891397050194612,0.0004005455240523309,0.001043711875508712,0.3837702084754975
0.05,8.891397050194612,0.0004283493724313369,0.0008210127368945093,0.5217329198223815
0.05,8.891397050194612,0.0004183385211130655,0.0010420274121515256,0.4014659463221809
0.05,8.891397050194612,0.0005442253652853773,0.0010045710845028543,0.5417489848960818
0.05,8.891397050194612,0.00042474651176632934,0.0007311987629920709,0.580890632293008
0.05,8.891397050194612,0.0004841492514027141,0.001618813599626321,0.29907659011171683
0.05,8.891397050194612,0.0003998714866434754,0.0007817439252316405,0.5115121125181605
0.05,8.891397050194612,0.0004316711716348189,0.001755141180870691,0.24594669439678654
0.05,8.891397050194612,0.0005809209010648634,0.001163924895022387,0.4991051429084606
0.05,8.891397050194612,0.0004405207922811871,0.0014685607600374367,0.29996769917096067
0.05,8.891397050194612,0.0004832534446027736,0.0005464189863779303,0.8844009023297952
0.05,8.891397050194612,0.00039507846749744005,0.0005639827678397064,0.7005151398698908
0.05,8.891397050194612,0.0004424351707993055,0.0009268145054238083,0.47737186698107553
0.05,8.891397050194612,0.00041925096584995907,0.0014988082459858503,0.2797228844802586
0.05,8.891397050194612,0.00036906832112494555,0.000847358146867339,0.4355517469081775
0.05,8.891397050194612,0.00048788825890834866,0.0011683829768754763,0.4175756310769553
0.05,8.891397050194612,0.000394453709362048,0.0008590118223973157,0.45919473874202715
0.05,8.891397050194612,0.0005227118025636378,0.0011049853619728078,0.4730486217757706
0.05,8.891397050194612,0.00046464156169264206,0.0026021542420180117,0.17856034595870274
0.05,8.891397050194612,0.00040914187660488126,0.000879780285494061,0.4650500623290486
0.05,8.891397050194612,0.00043235274458722635,0.0010760971505650652,0.4017785423557671
0.05,8.891397050194612,0.000408951930438288,0.0008956078694441662,0.456619402743851
0.05,8.891397050194612,0.0005213871647012639,0.003675383817251188,0.14185924263311586
0.05,8.891397050194612,0.00044968577587347513,0.0007365941265310613,0.6104932956650618
0.05,8.891397050194612,0.0005110519983184855,0.002523655356528902,0.20250467124853333
0.05,8.891397050194612,0.0004370073080930859,0.0012792413404971224,0.34161443525837093
0.05,8.891397050194612,0.0004399172097902782,0.0005683648482099734,0.7740049568085846
0.05,8.891397050194612,0.0003950892055489408,0.0022799779701723893,0.17328641360471922
0.05,8.891397050194612,0.0003863524501110467,0.0006193533165760907,0.6237997597992702
0.05,8.891397050194612,0.0004783277506306412,0.002655051870369167,0.18015759163459694
0.05,8.891397050194612,0.00038638012223721094,0.0014746972948927299,0.262006395194016
0.05,8.891397050194612,0.0003737739341303411,0.004027037907850995,0.09281609527480296
0.05,8.891397050194612,0.00044095705713014535,0.001091005443507845,0.40417493767250356
0.05,8.891397050194612,0.0004868931838061715,0.00097017007080242,0.5018637437490377
0.05,8.891397050194612,0.00039501368923630144,0.0007244174365106704,0.5452846236542556
0.05,8.891397050194612,0.0006006308256147477,0.0011895824211115638,0.504908962132703
0.05,8.891397050194612,0.0004387875790835346,0.001000235959134488,0.438684067570637
0.05,8.891397050194612,0.0004286025007494271,0.0006505629169965605,0.658817909154962
0.05,8.891397050194612,0.00041820908133203936,0.0023422457166256154,0.17855047331863086
0.05,8.891397050194612,0.000487405798883603,0.001338343857886521,0.3641857778264115
0.05,8.891397050194612,0.0003858871657176415,0.004044221030767519,0.09541693265078718
0.05,8.891397050194612,0.00039057631960827773,0.0008025676129870479,0.4866584612785527
0.05,8.891397050194612,0.0004225418206066669,0.0006185776094052036,0.6830861870557585
0.05,8.891397050194612,0.00040474184827520184,0.0006217921588005423,0.65092787444596
0.05,8.891397050194612,0.0003998013003722702,0.0011943492695955008,0.33474404058343327
0.05,8.891397050194612,0.00048785620063260444,0.005106611624346099,0.09553422827510882
0.05,8.891397050194612,0.0004478999113144518,0.0010694783543351812,0.4188022221290111
0.05,8.891397050194612,0.00044291797530708897,0.0006247270626207325,0.7089783712090946
0.05,8.891397050194612,0.0004106470170691423,0.001819416168783884,0.22570263148954145
0.05,8.891397050194612,0.0004580740117645293,0.0012275379438480684,0.3731648492498451
0.05,8.891397050194612,0.0004016638349786326,0.00136171700738614,0.29496865560167995
0.05,8.891397050194612,0.0004827212857097219,0.0008714368560492176,0.5539371927625454
0.05,8.891397050194612,0.0005135463158538502,0.0019273643453714753,0.2664500446358888
0.05,8.891397050194612,0.0003808997439221042,0.0016852674314433186,0.2260173885849613
0.05,8.891397050194612,0.0004642511736689785,0.001015459559783401,0.45718332078926305
0.05,8.891397050194612,0.0003939866048567116,0.0005655324130826328,0.6966649404039451
0.05,8.891397050194612,0.00038668148097130005,0.0006921905913597625,0.5586344076299707
0.05,8.891397050194612,0.0005086989913545655,0.00174971017064968,0.2907332882254905
0.05,8.891397050194612,0.0004948198844144571,0.0014990116541239423,0.33009742322760094
0.05,8.891397050194612,0.0004088597172955612,0.0008204762426444826,0.49831999519908415
0.05,8.891397050194612,0.0004601234519315267,0.0005907946146050348,0.7788213374949838
0.05,8.891397050194612,0.0004885981227982513,0.0033588431316964136,0.14546619286488693
0.05,8.891397050194612,0.00045691747329257683,0.0015922061998484053,0.2869712938789462
0.05,8.891397050194612,0.0003949253199594841,0.0008227070285107154,0.480031537684062
0.05,8.891397050194612,0.0003766385049061385,0.0006841692573159,0.5505048653950757
0.05,8.891397050194612,0.00038677675761741696,0.0007286147795796887,0.5308384738510717
0.05,8.891397050194612,0.000432062380603182,0.0010098893595438144,0.42783140204423237
0.05,8.891397050194612,0.0003813073597230467,0.0005346378741584391,0.7132067856645091
0.05,8.891397050194612,0.00044351759257605885,0.001756916540373591,0.2524408999426627
0.05,8.891397050194612,0.0005326327056828884,0.00355221033159963,0.14994402244279084
0.05,8.891397050194612,0.00045675026447097124,0.0008650386849978077,0.5280113738174944
0.05,8.891397050194612,0.00041126759333491304,0.0004523642119997139,0.9091514810972119
0.05,8.891397050194612,0.0005493590603389308,0.001938994407524775,0.28332163218573464
0.05,8.891397050194612,0.00047062374390913697,0.003041428714826035,0.15473771968252623
0.05,8.891397050194612,0.0003967226731009916,0.0005123133426296371,0.7743750554390526
0.05,8.891397050194612,0.0004473785880742492,0.0017072801736349418,0.26204169355621515
0.05,8.891397050194612,0.0004980246560587918,0.0007509364076627178,0.6632048346262617
0.05,8.891397050194612,0.000395863966456672,0.0007729392134700904,0.5121540731249111
0.05,8.891397050194612,0.00044743222255559645,0.0008625230829519093,0.5187481139916849
0.05,8.891397050194612,0.00046385904325238833,0.0012272737216373192,0.37795891419686634
0.05,8.891397050194612,0.0004490006088684784,0.0011537493991787186,0.3891664942041084
0.05,8.891397050194612,0.000402966691928042,0.002571882753991226,0.1566815949532265
0.05,8.891397050194612,0.00042040005757488526,0.0009780259126410426,0.42984552059530295
0.05,8.891397050194612,0.00044343636033467476,0.0005662452042405014,0.7831172026073955
0.05,8.891397050194612,0.0004459079854149781,0.00093164244318371,0.4786256666142997
0.05,8.891397050194612,0.0004475337111801864,0.0012683207219492494,0.3528553176142888
0.05,8.891397050194612,0.0004797564599540034,0.005422011784995612,0.08848310903374247
0.05,8.891397050194612,0.00040581929389893234,0.000649988411345227,0.6243485065511274
0.05,8.891397050194612,0.0004197234406436559,0.0005237753019995395,0.8013425586150011
0.05,8.891397050194612,0.0004449690817683417,0.0009874334165807872,0.45063198621447137
0.05,8.891397050194612,0.00040231030156153184,0.0009050220131431222,0.44453095694801575
0.05,8.891397050194612,0.00045648451441270715,0.0008296729956246794,0.5501981103639629
0.05,8.891397050194612,0.0004300723813244031,0.0020066075948342805,0.21432809405863004
0.05,8.891397050194612,0.0003791694472091993,0.0014045838769390499,0.26995144500412976
0.05,8.891397050194612,0.0004126215472426396,0.0005964002379972443,0.6918534248548475
0.05,8.891397050194612,0.00036401791876849136,0.0005469594031372577,0.6655300497268208
0.05,8.891397050194612,0.0003819756760850461,0.0005806935721178106,0.6577921548054457
0.05,8.891397050194612,0.0004205243979550113,0.000920472193006548,0.45685725342929484
0.05,8.891397050194612,0.0003971502119129996,0.0006691644329806747,0.5935016751323201
0.05,8.891397050194612,0.0004431635442359458,0.0007154828728022367,0.6193908492879306
0.05,8.891397050194612,0.00047476971226204616,0.000858227791082469,0.5531977840792439
0.05,8.891397050194612,0.00041597146977570695,0.0007359187628423403,0.5652410167789439
0.05,8.891397050194612,0.00039222711177772676,0.0007273512956981676,0.539254022227646
0.05,8.891397050194612,0.00047978506412527447,0.0029166973302577745,0.16449600688696472
0.05,8.891397050194612,0.0004348478778046374,0.0014944268600252076,0.2909796989310688
0.05,8.891397050194612,0.0004338668254131572,0.0007336200556449118,0.5914053495058187
0.05,8.891397050194612,0.00043155264303517896,0.0013860445740732717,0.31135553005120414
0.05,8.891397050194612,0.00043480101602145544,0.0006504303917421946,0.6684820105912175
0.05,8.891397050194612,0.0003737812376372473,0.00045185226256676394,0.8272200199108637
0.05,8.891397050194612,0.0005057861112090574,0.000918501764343245,0.5506642783323437
0.05,8.891397050194612,0.00039751631273841475,0.0005766975488895118,0.6892977324142815
0.05,8.891397050194612,0.0003797612242186521,0.0006296633723098872,0.6031178577618671
0.05,8.891397050194612,0.00042819981181212185,0.0008561030152876717,0.5001732316854838
0.05,8.891397050194612,0.0004308591992861087,0.0008504621311474654,0.5066177358241482
0.05,8.891397050194612,0.00042623582700985135,0.0006460738911031551,0.6597323199085855
0.05,8.891397050194612,0.00039107026246245,0.0007245063744305822,0.5397747711603053
0.05,8.891397050194612,0.00041507732989997525,0.0018234594591887948,0.2276317840839913
0.05,8.891397050194612,0.0004121822369399781,0.0009963165364562589,0.41370610830775273
0.05,8.891397050194612,0.0004477705800752656,0.0014564058062257093,0.3074490489952575
0.05,8.891397050194612,0.00040544180549331016,0.0006899752219432142,0.5876179210485888
0.05,8.891397050194612,0.00045068645673061074,0.002376361802543649,0.1896539728286314
0.05,8.891397050194612,0.00043553121544429133,0.0007248337234678855,0.6008705187729694
0.05,8.891397050194612,0.00045635570587038106,0.004632437549924517,0.09851308322069385
0.05,8.891397050194612,0.000505184712326876,0.0010478242160357016,0.48212734979362537
0.05,8.891397050194612,0.00045876280658909145,0.0013421113767775256,0.34182171057263755
0.05,8.891397050194612,0.0004787984753346429,0.0008216532717773822,0.5827256968123752
0.05,8.891397050194612,0.0004370652257641763,0.0007771519111720793,0.5623935545690243
0.05,8.891397050194612,0.00038519634466349065,0.0005696856818981737,0.6761559170313519
0.05,8.891397050194612,0.00042045849184827583,0.001381805810532053,0.30428189593904065
0.05,8.891397050194612,0.00044686645044867047,0.0011478206003566068,0.38931732912777245
0.05,8.891397050194612,0.00039763717443082867,0.0007035551135277603,0.5651826939854073
0.05,8.891397050194612,0.00045186332993625073,0.0010204289036526302,0.44281706282407696
0.05,8.891397050194612,0.0003721071697131711,0.0007372957412586704,0.5046918744952064
0.05,50.0,0.0023109043951182935,0.004358441119562033,0.530213517109647
0.05,50.0,0.002744595203634395,0.006528499787165262,0.4204021280708542
0.05,50.0,0.002488633642834021,0.004533194186377192,0.5489801540628177
0.05,50.0,0.0025757648657147567,0.012164090629895959,0.21175153524294216
0.05,50.0,0.002486336804982116,0.004198168355704902,0.5922432342674935
0.05,50.0,0.002363506691792622,0.003958899266997649,0.5970110711064035
0.05,50.0,0.0027529029738643453,0.011862538143246538,0.23206694390539012
0.05,50.0,0.0022191324961388244,0.007412674668030867,0.2993700108962591
0.05,50.0,0.0022524269599540317,0.0033761841457847826,0.6671516903976406
0.05,50.0,0.0021290816233902597,0.00316577298884414,0.6725313630803362
0.05,50.0,0.002133734106654179,0.01664306401197368,0.12820560595807876
0.05,50.0,0.0028336691842224394,0.00707460183884579,0.400541153943548
0.05,50.0,0.002033055859866628,0.0024309550542726387,0.8363198061985292
0.05,50.0,0.002190689949829491,0.004018345802061249,0.5451720826778412
0.05,50.0,0.0025982332861650644,0.015057325516236283,0.17255609459750304
0.05,50.0,0.0023044845033870303,0.007190658791047502,0.3204830837274819
0.05,50.0,0.0024264841532402716,0.004094753084947826,0.5925837536236178
0.05,50.0,0.002237021392377641,0.005573752941713563,0.4013492194165864
0.05,50.0,0.0031536122684567717,0.0052163630414310885,0.6045615006871896
0.05,50.0,0.002433513900072826,0.005345281183964202,0.4552639639189323
0.05,50.0,0.0027449043113972646,0.014165159550738429,0.1937785664584465
0.05,50.0,0.0025509708992023637,0.007884599168560737,0.32353843799367427
0.05,50.0,0.0027270435336092013,0.005348392496487035,0.5098809661782293
0.05,50.0,0.002178418948216643,0.01243158018373429,0.17523266680666444
0.05,50.0,0.002231003126189752,0.003564350654850719,0.6259213366545694
0.05,50.0,0.002396939797832605,0.003702014519374975,0.6474690429461875
0.05,50.0,0.0020486476750789244,0.0024615979206375387,0.8322430149552358
0.05,50.0,0.00212077633830672,0.005040196783747182,0.4207725272047828
0.05,50.0,0.0024073898434413487,0.02133721371409866,0.11282587669123148
0.05,50.0,0.0024783299454846984,0.007776660101180917,0.31868821746605
0.05,50.0,0.0025374211835246007,0.005060169678907804,0.5014498217522781
0.05,50.0,0.0021522084268084853,0.004221270825358389,0.5098484593500966
0.05,50.0,0.003558997027029079,0.02540522287613306,0.14008918734472428
0.05,50.0,0.0024026598500635076,0.004123429546242248,0.5826848314294815
0.05,50.0,0.0020081266323742557,0.002638569819917148,0.7610663235878714
0.05,50.0,0.002693791766004816,0.013029558729487417,0.20674466587333076
0.05,50.0,0.0021286948355348128,0.0049268588242182354,0.4320592311415745
0.05,50.0,0.002475564628153553,0.010021033089456982,0.24703686796105553
0.05,50.0,0.0023494094194816176,0.005047693573547153,0.46544216388131954
0.05,50.0,0.002392341044195912,0.003605264510268042,0.6635687998432181
0.05,50.0,0.0022306401206277156,0.004332193037482382,0.5148985978528865
0.05,50.0,0.0022617651334714234,0.012166734871130274,0.18589746200833487
0.05,50.0,0.002661528479525217,0.003937216637578482,0.6759923886642278
0.05,50.0,0.0023806069912677055,0.006951648665592768,0.3424521442014951
0.05,50.0,0.002531577193723836,0.0038883899535500145,0.6510605222124293
0.05,50.0,0.002173719113533501,0.004005793713920673,0.542643797652269
0.05,50.0,0.00213945741573458,0.004474542730541162,0.478139900448739
0.05,50.0,0.002749264574603374,0.014003156584164688,0.1963317740595966
0.05,50.0,0.002235949772878491,0.01248150301081887,0.17914106746121738
0.05,50.0,0.0028862164673335877,0.007163473267830048,0.40290741089173876
0.05,50.0,0.0022768751797377974,0.0025445037332655768,0.8948209232201404
0.05,50.0,0.00220489960860514,0.006246813180188078,0.352963910558112
0.05,50.0,0.002298095789837282,0.009474084063247725,0.24256653988876392
0.05,50.0,0.00239779923577926,0.003773513544445514,0.6354288138991155
0.05,50.0,0.0024124230562161198,0.0032995488238410538,0.7311372508826168
0.05,50.0,0.002135596271254298,0.0027870381217664974,0.7662601578986302
0.05,50.0,0.0025340179503361244,0.005797100506795678,0.43711816749866766
0.05,50.0,0.002385414056722654,0.004847682900935554,0.4920730389073702
0.05,50.0,0.0027232670974555095,0.013364677690642467,0.2037660137035895
0.05,50.0,0.002275181097001236,0.009327934224132374,0.2439104996168494
0.05,50.0,0.0023931763242596303,0.007503722837720534,0.31893186569063425
0.05,50.0,0.0026352896673535746,0.0037142627559824805,0.70950544979861
0.05,50.0,0.002396102100733344,0.005816815835718179,0.41192676000159234
0.05,50.0,0.0026090665780580118,0.00822568212243715,0.317185436930668
0.05,50.0,0.002606856516590594,0.006618855427740872,0.3938530679586634
0.05,50.0,0.002656736720135734,0.009638496312807639,0.2756380906226483
0.05,50.0,0.0028997252029535504,0.006787086162338276,0.4272415486699143
0.05,50.0,0.0023469992041524174,0.007115506069200358,0.32984290665023264
0.05,50.0,0.0021154079848137016,0.008214555738107185,0.25751946328641484
0.05,50.0,0.0027017695627160974,0.007910354245007219,0.3415484918923036
0.05,50.0,0.0027523670418517603,0.00544170417438997,0.5057913759452586
0.05,50.0,0.002332801867697834,0.00926838906355415,0.2516944262591491
0.05,50.0,0.0022617065473931755,0.007635731485633679,0.2962003773506815
0.05,50.0,0.0022974910386848414,0.004117415386699252,0.5579935039118405
0.05,50.0,0.0024087949730829156,0.010267710607112911,0.23459903236990665
0.05,50.0,0.0026376718687622738,0.0044501994671088,0.5927086837920803
0.05,50.0,0.0024098091812201467,0.0038609602965331102,0.6241476203171521
0.05,50.0,0.0026303922950923304,0.00948711708454951,0.27725938993375804
0.05,50.0,0.002633386767077687,0.012409286544865615,0.2122109726096429
0.05,50.0,0.0023522313970833274,0.005491656222793577,0.42832823134853104
0.05,50.0,0.00228345985973016,0.004716792935264983,0.4841128052617978
0.05,50.0,0.002575751540686051,0.0058559820078111875,0.43984963363109775
0.05,50.0,0.002640301520200418,0.003621819252207971,0.7289986982621538
0.05,50.0,0.0023418483978688625,0.008026427595884261,0.29176721148891943
0.05,50.0,0.002634489833387584,0.0053534754192108075,0.4921083272249249
0.05,50.0,0.0023853719150491626,0.006424616785374131,0.3712862564004668
0.05,50.0,0.0025493130956499377,0.008088800508787115,0.3151657767898392
0.05,50.0,0.002477047993450621,0.004778882776328595,0.5183320264142632
0.05,50.0,0.0030706836057442406,0.005557658950205173,0.55251386118806
0.05,50.0,0.0025778556634913313,0.006498699600690067,0.3966725378747466
0.05,50.0,0.0029002273431822058,0.005220661291464892,0.5555287311827151
0.05,50.0,0.0022209936484742883,0.003511238346779401,0.6325385602237573
0.05,50.0,0.0028665022354849882,0.0043372813531709865,0.6608983835898237
0.05,50.0,0.002571859019858806,0.006295427438674273,0.40852810153275354
0.05,50.0,0.0025932664962353812,0.018099182180889246,0.14328086597048492
0.05,50.0,0.0025977677379940968,0.010361187290788328,0.25072104818563185
0.05,50.0,0.0021018205023769286,0.003123069294777823,0.6729983564218205
0.05,50.0,0.0027428684830948184,0.005520990752163037,0.49680729532470347
0.05,50.0,0.0027288415064590362,0.008619386956844102,0.3165934561381118
0.05,50.0,0.002369699003399736,0.025491080072571854,0.0929618908517536
0.05,50.0,0.0023262159961880604,0.005232589708977609,0.4445630415465113
0.05,50.0,0.0022241698083458115,0.0068371455606587835,0.3253067802364449
0.05,50.0,0.002869534689611336,0.0048160901348032175,0.5958224637190233
0.05,50.0,0.002720699897264131,0.004775542448480613,0.5697153625196546
0.05,50.0,0.0027674256699340653,0.004524687566228627,0.611628013962684
0.05,50.0,0.0023335248915050417,0.005634569387206105,0.41414431718660893
0.05,50.0,0.002581877310394766,0.004486586002819734,0.5754659130064832
0.05,50.0,0.002763767748693918,0.007975194160849533,0.3465455126172773
0.05,50.0,0.002050307018996382,0.0038458930829285494,0.5331159693693631
0.05,50.0,0.002627039631802475,0.003931058136734861,0.6682779904101077
0.05,50.0,0.002649510410512045,0.011658762852848076,0.22725485061777423
0.05,50.0,0.002326896525266714,0.006325986195886978,0.36783142631256655
0.05,50.0,0.0022888527138572026,0.003365192003196242,0.6801551625236427
0.05,50.0,0.002347774855144117,0.006176521332290059,0.3801128060337543
0.05,50.0,0.0027309974191990567,0.004644972563132725,0.5879469430831644
0.05,50.0,0.0022226573263100413,0.0034654327083886356,0.6413794505170286
0.05,50.0,0.0022838948687497152,0.004791743960189472,0.4766312406766005
0.05,50.0,0.0022217001008529406,0.0033330540950610383,0.6665658694664104
0.05,50.0,0.0023122870210863697,0.005170258556647123,0.4472285081591494
0.05,50.0,0.002349640675077909,0.0029834001767553926,0.7875714070759589
0.05,50.0,0.0030250783318890957,0.003987358668983119,0.7586672238493585
0.05,50.0,0.002481058979056266,0.005659383490166213,0.43839739494016844
0.05,50.0,0.0028650100348037006,0.004446865966293135,0.6442762288137831
0.05,50.0,0.002511218438210699,0.0037169317831404532,0.6756159608850714
0.05,50.0,0.0023333971678460934,0.002767543178081425,0.8431294537069158
0.05,50.0,0.0021709260574975086,0.010239342968231238,0.21201810157478473
0.05,50.0,0.002500975841766821,0.006540410783842134,0.3823881900423438
0.05,50.0,0.0021420939536663432,0.008594758607381795,0.24923259064269232
0.05,50.0,0.002922682932838093,0.005981722050591551,0.48860226338150564
0.05,50.0,0.002719077842282915,0.004006443555458764,0.6786761886556923
0.05,50.0,0.0025148014991925793,0.004538880619503623,0.5540576432846566
0.05,50.0,0.0024449662133462138,0.0032933377054180815,0.7423976622026471
0.05,50.0,0.002248627519455294,0.01042406469318882,0.21571503877221404
0.05,50.0,0.0022521215542483145,0.004327521045618913,0.520418394389627
0.05,50.0,0.002136274512263862,0.003146570471225398,0.6789215534180975
0.05,50.0,0.002602106943999368,0.011129130716040388,0.23381043950260716
0.05,50.0,0.002328619499268349,0.0043792915395289575,0.5317342949765839
0.05,50.0,0.002177217782503985,0.003427349193606613,0.6352483098498902
0.05,50.0,0.0025131392512375175,0.010118443802125543,0.24837211140211027
0.05,50.0,0.0019428917392340132,0.006579406511489645,0.29529893552573977
0.05,50.0,0.002316158516205689,0.003432705604818384,0.6747326403273756
0.05,50.0,0.002810113764939981,0.006348690437111686,0.442628884299237
0.05,50.0,0.0030482392522156185,0.03096045439876209,0.09845589515435206
0.05,50.0,0.0026189606003205862,0.017314134566874397,0.1512614211357241
0.05,50.0,0.0023006921982481375,0.008269452108068922,0.2782157956998428
0.05,50.0,0.0026734651689183917,0.0055012405407321744,0.48597496312396715
0.05,50.0,0.002988603516223264,0.008888818101297293,0.33622057310263637
0.05,50.0,0.0028980106484632756,0.004661328611170751,0.6217134405667666
0.05,50.0,0.002433078450827121,0.005248475399833993,0.46357813754906385
0.05,50.0,0.002377343504220975,0.005839530826501554,0.407112073701516
0.05,50.0,0.002118051650386433,0.008146992109366135,0.2599795877979837
0.05,50.0,0.0026360911652230125,0.007421380841599556,0.3552022489462819
0.05,50.0,0.002436550615885222,0.015313261795781833,0.15911375697608662
0.05,50.0,0.002240998937815348,0.023570999691650437,0.09507441207973788
0.05,50.0,0.00240462271090213,0.004141286135701938,0.5806463577032096
0.05,50.0,0.0031463869698255226,0.01966918388457225,0.1599653035067422
0.05,50.0,0.0025504239810667903,0.00423861817076979,0.6017111894284167
0.05,50.0,0.0023322553012392116,0.0036964711789928507,0.6309410213972406
0.05,50.0,0.0026362896077150515,0.0060866377290286116,0.4331274054872634
0.05,50.0,0.00234927814262901,0.007612335065757659,0.3086146527097445
0.05,50.0,0.0024620527328937203,0.026975983244679917,0.09126832229106145
0.05,50.0,0.0024748161917675696,0.0068278005173534545,0.36246170131620087
0.05,50.0,0.0027186968387615494,0.005808354190458464,0.46806664153291894
0.05,50.0,0.002550252158128423,0.0035506179699421134,0.7182558584780666
0.05,50.0,0.0025792724796204697,0.025945312622399477,0.09941188673108126
0.05,50.0,0.002432294449418808,0.006105336531075061,0.39838826853177844
0.05,50.0,0.0022272363840174824,0.006744130420517236,0.33024811875548904
0.05,50.0,0.002279643645496444,0.003353366576360151,0.6798074691764956
0.05,50.0,0.0026922284184856264,0.0030881729777777864,0.8717867936345077
0.05,50.0,0.002266391406720584,0.0032701974532282647,0.6930442088392105
0.05,50.0,0.002744930155125755,0.007465451941084716,0.36768439161995625
0.05,50.0,0.0022074732866462507,0.00886693650047941,0.24895557631735593
0.05,50.0,0.0020080551929162996,0.0024327938385579543,0.8254111635314648
0.05,50.0,0.0024149411262370723,0.006415051340967382,0.37644922821037036
0.05,50.0,0.002112055574419737,0.005982019957723164,0.35306728986969366
0.05,50.0,0.0026476908762261575,0.010202734119717213,0.259507975524853
0.05,50.0,0.0028941324585032113,0.0136736921859788,0.21165698475141165
0.05,50.0,0.002626154130987424,0.007418448517800885,0.3540031483248626
0.05,50.0,0.0025364506013306875,0.009438472057669619,0.26873529802629337
0.05,50.0,0.0024888824701812494,0.006233358731690882,0.3992843308580295
0.05,50.0,0.0030326886486518444,0.009171003603334003,0.33068230913673924
0.05,50.0,0.002265183941058513,0.003364263378287467,0.6733075524579096
0.05,50.0,0.0023224812717335397,0.005753954606683665,0.4036321852514786
0.05,50.0,0.002310418492042962,0.007137029406819318,0.3237227087554654
0.05,50.0,0.002424056011798811,0.0075727103463779435,0.32010415041930745
0.05,50.0,0.0023317891214690335,0.02929939376944289,0.07958489311478238
0.05,50.0,0.0022783108389717944,0.003984100934630159,0.5718506825890164
0.05,50.0,0.002548182496887231,0.003946822756324783,0.6456288144188306
0.05,50.0,0.002426252855194878,0.006542891306366655,0.3708227359415214
0.05,50.0,0.0022085969478349917,0.00351937814442374,0.6275531804771793
0.05,50.0,0.0024497919736730578,0.0037837061706742633,0.6474583023016558
0.05,50.0,0.002322734926581877,0.007772592611760272,0.29883657134782515
0.05,50.0,0.0023230176265041217,0.0042927218028065315,0.5411526144054711
0.05,50.0,0.0025497820485820746,0.008341576931386926,0.3056714659056835
0.05,50.0,0.002408880760106282,0.03135511337541419,0.07682577100789902
0.05,50.0,0.0024319873755881526,0.0064889571921235905,0.3747886299111576
0.05,50.0,0.0022639569687501974,0.03835148877349291,0.059031788364757254
0.05,50.0,0.0022695756105609133,0.005415427929244112,0.4190944169536205
0.05,50.0,0.0023535173783773545,0.012836991206657532,0.1833387076838357
0.05,50.0,0.003103371597493481,0.01016561462656011,0.305281255634576
0.2811706625951745,0.05,1.5599651737188276e-05,3.1552181680365114e-05,0.4944080220891959
0.2811706625951745,0.05,1.5251620002373052e-05,2.9751207321813187e-05,0.5126386918486756
0.2811706625951745,0.05,1.4634008435899019e-05,3.715916758518905e-05,0.39381959787850207
0.2811706625951745,0.05,1.618735623827289e-05,4.4300520736254145e-05,0.36539878017789684
0.2811706625951745,0.05,1.5289190900933647e-05,3.075533509854325e-05,0.49712320974378943
0.2811706625951745,0.05,1.62571226067732e-05,2.7411237079713973e-05,0.5930824121325223
0.2811706625951745,0.05,1.396348727191577e-05,2.0323583934502736e-05,0.6870583120042316
0.2811706625951745,0.05,1.5322224766721738e-05,3.1254768247974327e-05,0.4902363903374902
0.2811706625951745,0.05,1.8467129417902987e-05,3.439085824258116e-05,0.5369778586984447
0.2811706625951745,0.05,1.3740503979278992e-05,6.198786176558291e-05,0.2216644289367638
0.2811706625951745,0.05,1.4314920437295435e-05,2.212959107179625e-05,0.6468678246630384
0.2811706625951745,0.05,1.513730558964874e-05,0.00011388455574029516,0.13291798428022308
0.2811706625951745,0.05,1.4307805399688467e-05,3.1060506029700446e-05,0.46064302320146244
0.2811706625951745,0.05,1.5636970365051933e-05,8.672108885286684e-05,0.1803133536708932
0.2811706625951745,0.05,1.8098789521088306e-05,2.9346946648450346e-05,0.6167179753960539
0.2811706625951745,0.05,1.368517477082615e-05,2.0463486771035687e-05,0.6687606527640413
0.2811706625951745,0.05,1.704072726308258e-05,0.00017963051328917713,0.09486543767566742
0.2811706625951745,0.05,1.5080497430087775e-05,2.9464188263100145e-05,0.5118246359080603
0.2811706625951745,0.05,1.8572712745928535e-05,3.388828146814802e-05,0.548057084670559
0.2811706625951745,0.05,1.7728462570321382e-05,4.4820052545979186e-05,0.39554756327281027
0.2811706625951745,0.05,1.569356669400055e-05,8.257262851652059e-05,0.1900577343357876
0.2811706625951745,0.05,1.6510723885486976e-05,3.6212220364078884e-05,0.4559434279226074
0.2811706625951745,0.05,1.7616111436433444e-05,5.284796718159103e-05,0.33333564895509943
0.2811706625951745,0.05,1.601389505282041e-05,4.6532997129587674e-05,0.34414063225336694
0.2811706625951745,0.05,1.6873781145806546e-05,4.009038759843848e-05,0.4208934399642417
0.2811706625951745,0.05,1.6129703086752803e-05,2.2241468726606735e-05,0.7252085410824228
0.2811706625951745,0.05,1.4815123928335806e-05,5.985430083320659e-05,0.24751978925658952
0.2811706625951745,0.05,1.960184969227306e-05,6.969188403077032e-05,0.28126445374354436
0.2811706625951745,0.05,1.6812420479624658e-05,7.148980637712818e-05,0.23517227604358817
0.2811706625951745,0.05,1.4113463620029247e-05,3.26195826892807e-05,0.4326684297119212
0.2811706625951745,0.05,1.5690165859277522e-05,3.4767972388028964e-05,0.4512821652113322
0.2811706625951745,0.05,1.6028167660979822e-05,8.301229798767166e-05,0.19308184509432808
0.2811706625951745,0.05,1.697659733502857e-05,4.437251666639262e-05,0.38259261836925523
0.2811706625951745,0.05,1.8132757189061453e-05,3.053684707821773e-05,0.5937992597145286
0.2811706625951745,0.05,1.90382679448286e-05,5.526346714143642e-05,0.34450006359723584
0.2811706625951745,0.05,2.4046086632348888e-05,4.789966321657157e-05,0.5020095135873482
0.2811706625951745,0.05,1.4084097817170599e-05,2.1311831634167557e-05,0.6608581589294601
0.2811706625951745,0.05,1.3390850143238796e-05,2.1061309852410345e-05,0.6358032922489999
0.2811706625951745,0.05,1.612210809339795e-05,5.727084456959053e-05,0.2815063792853233
0.2811706625951745,0.05,1.522730768367167e-05,4.487744879225282e-05,0.3393086749240602
0.2811706625951745,0.05,1.970156603676808e-05,8.880398904018236e-05,0.22185451633094364
0.2811706625951745,0.05,1.5901181414332066e-05,5.6495697727130094e-05,0.28145827123214867
0.2811706625951745,0.05,1.5525989727959404e-05,3.759347724605023e-05,0.4129969043922545
0.2811706625951745,0.05,1.6424511134270296e-05,4.292625299303611e-05,0.38262158909921234
0.2811706625951745,0.05,1.714085919095702e-05,5.5262208214257055e-05,0.31017325844997384
0.2811706625951745,0.05,1.6387706836789922e-05,2.6274921051340702e-05,0.6237014682087398
0.2811706625951745,0.05,1.665823927675332e-05,3.940126805866407e-05,0.42278434419803623
0.2811706625951745,0.05,1.5860777508618026e-05,3.9794889368858234e-05,0.39856317633163185
0.2811706625951745,0.05,1.455076285698388e-05,2.6095553539296824e-05,0.55759548595404
0.2811706625951745,0.05,1.536482919292921e-05,3.640236495737519e-05,0.42208326879092695
0.2811706625951745,0.05,1.800271304229084e-05,5.183156995598099e-05,0.34733103893206413
0.2811706625951745,0.05,1.4788809254996373e-05,3.110882783487554e-05,0.47538947251548025
0.2811706625951745,0.05,1.5709312101043504e-05,3.596932119085294e-05,0.4367419673473963
0.2811706625951745,0.05,1.4085895056952149e-05,2.5659512101534463e-05,0.5489541266885507
0.2811706625951745,0.05,1.7879893499062074e-05,3.7730781051993955e-05,0.4738808209250462
0.2811706625951745,0.05,1.4100793064568813e-05,5.407819209690257e-05,0.2607482335818779
0.2811706625951745,0.05,1.6143130335444217e-05,2.8671621048378777e-05,0.5630351457354038
0.2811706625951745,0.05,1.553108111424415e-05,2.436611948937259e-05,0.6374047833516582
0.2811706625951745,0.05,1.742267376588613e-05,3.750615255188242e-05,0.46452841948491713
0.2811706625951745,0.05,1.5051201316565135e-05,8.291032744909688e-05,0.18153590487030558
0.2811706625951745,0.05,1.5287565140694785e-05,1.982947173927355e-05,0.7709517097430677
0.2811706625951745,0.05,1.5444431814072783e-05,3.310775853729257e-05,0.46648980469868356
0.2811706625951745,0.05,1.747399747863379e-05,5.1719812605331234e-05,0.3378588706802968
0.2811706625951745,0.05,1.6289797175589953e-05,3.878458822342021e-05,0.42000696466730314
0.2811706625951745,0.05,1.5290413546096243e-05,3.493971199851017e-05,0.4376227699515161
0.2811706625951745,0.05,1.6833709064231287e-05,6.903133875783798e-05,0.2438560423010766
0.2811706625951745,0.05,1.5726178823654e-05,3.683438193425387e-05,0.4269429266309896
0.2811706625951745,0.05,1.3508781777857025e-05,1.794606622397189e-05,0.752743337133814
0.2811706625951745,0.05,1.5912051621967327e-05,8.712202081778583e-05,0.1826409841347356
0.2811706625951745,0.05,1.7003996262361273e-05,2.623558211673844e-05,0.6481272718363902
0.2811706625951745,0.05,1.7249157626488685e-05,0.0001161550483215198,0.14850114459719932
0.2811706625951745,0.05,1.6023528493354496e-05,4.311413633659466e-05,0.3716537046749086
0.2811706625951745,0.05,1.5390392540680848e-05,4.53260794065005e-05,0.3395482852742303
0.2811706625951745,0.05,1.5864349234231827e-05,3.706745620224242e-05,0.42798591701774513
0.2811706625951745,0.05,1.5695566940235695e-05,4.877461852999255e-05,0.3217978410345569
0.2811706625951745,0.05,1.5282526498320483e-05,4.4197456936521095e-05,0.3457784125514307
0.2811706625951745,0.05,1.3540491574488865e-05,1.9038908635886394e-05,0.7112010374883792
0.2811706625951745,0.05,1.6005690402752112e-05,3.473211705608396e-05,0.4608325595847439
0.2811706625951745,0.05,1.80540048346714e-05,0.00014690024953170012,0.12289975607410704
0.2811706625951745,0.05,1.968346060834895e-05,5.6951709781898347e-05,0.34561667566660453
0.2811706625951745,0.05,1.7390741710002066e-05,6.933480482921324e-05,0.25082268209796305
0.2811706625951745,0.05,1.9147950772329558e-05,0.00017161674271193067,0.11157390863938361
0.2811706625951745,0.05,1.7362514675538625e-05,3.827450053381055e-05,0.45363138469177666
0.2811706625951745,0.05,1.5197466531000769e-05,2.8067531863474758e-05,0.5414607385118089
0.2811706625951745,0.05,1.5769952179453337e-05,2.5271524247794623e-05,0.6240206180214689
0.2811706625951745,0.05,1.828200507764957e-05,2.6694476706549976e-05,0.6848609650086809
0.2811706625951745,0.05,1.6343448396405878e-05,3.680255914787762e-05,0.4440845629983423
0.2811706625951745,0.05,1.88867789412115e-05,2.9840155046566324e-05,0.6329316624440523
0.2811706625951745,0.05,1.3468216931779086e-05,3.378795325878787e-05,0.39861002614226576
0.2811706625951745,0.05,1.6355376216032667e-05,4.3642721801710185e-05,0.3747561000054713
0.2811706625951745,0.05,1.695778594836317e-05,2.5574656627352402e-05,0.6630699365960055
0.2811706625951745,0.05,1.7080147811580757e-05,3.449077529870293e-05,0.49520915849702796
0.2811706625951745,0.05,1.5669555672416245e-05,0.00017091775754961037,0.0916789214711527
0.2811706625951745,0.05,1.490372894759745e-05,3.476190437229071e-05,0.42873741288689177
0.2811706625951745,0.05,1.8380494363220133e-05,3.940454863257635e-05,0.46645615800874046
0.2811706625951745,0.05,1.9005388038783392e-05,3.230588323326335e-05,0.5882949523947617
0.2811706625951745,0.05,1.7268424988162776e-05,5.223403222346821e-05,0.33059720364464323
0.2811706625951745,0.05,1.692823129556586e-05,9.463287378762136e-05,0.1788832000765065
0.2811706625951745,0.05,1.602069890300166e-05,3.156666132501465e-05,0.5075195865045834
0.2811706625951745,0.05,1.5467433884124195e-05,7.760686048392197e-05,0.19930498138535868
0.2811706625951745,0.05,1.5457979423265646e-05,2.7910648938277554e-05,0.5538380514709595
0.2811706625951745,0.05,1.5201138240855174e-05,2.6545739415265484e-05,0.5726394734408323
0.2811706625951745,0.05,1.633332220940326e-05,3.293397239512492e-05,0.49594145563263464
0.2811706625951745,0.05,1.643450534786081e-05,5.2347708259774334e-05,0.31394889851347346
0.2811706625951745,0.05,1.581853293566659e-05,3.743550698907605e-05,0.42255425952378717
0.2811706625951745,0.05,1.517260877109114e-05,2.531194907550341e-05,0.599424750967716
0.2811706625951745,0.05,1.6061677995393742e-05,2.6717161763706463e-05,0.6011745610348661
0.2811706625951745,0.05,1.5174995213607914e-05,0.00017455744580337438,0.08693410437903283
0.2811706625951745,0.05,1.5556227290839217e-05,4.391227155606531e-05,0.3542569477640821
0.2811706625951745,0.05,1.699146113062237e-05,3.787700451268583e-05,0.4485956941217873
0.2811706625951745,0.05,1.4631891463432383e-05,2.423437392381495e-05,0.6037660188552972
0.2811706625951745,0.05,1.640401656112498e-05,5.3456768356186684e-05,0.306865099884522
0.2811706625951745,0.05,1.6902532936833473e-05,2.6915081430854914e-05,0.6279948652674981
0.2811706625951745,0.05,1.6120487045922474e-05,4.318472428801344e-05,0.3732914198643374
0.2811706625951745,0.05,1.6938261138704894e-05,4.403134035583757e-05,0.3846864756289269
0.2811706625951745,0.05,1.4100493540170862e-05,2.349891734941089e-05,0.6000486460932362
0.2811706625951745,0.05,1.5603024842662534e-05,3.2827100341157965e-05,0.47530926217993646
0.2811706625951745,0.05,1.7724187081298232e-05,4.2112132574662985e-05,0.4208807770509845
0.2811706625951745,0.05,1.5789207100138715e-05,2.3992071590825028e-05,0.658101033100317
0.2811706625951745,0.05,1.7084999265915965e-05,5.4606302472893024e-05,0.31287595922461675
0.2811706625951745,0.05,1.624212242209371e-05,4.336780186792002e-05,0.3745203059071416
0.2811706625951745,0.05,1.5272471604937264e-05,2.2300355844178044e-05,0.6848532692326723
0.2811706625951745,0.05,1.5790073311787172e-05,2.5616018359145123e-05,0.6164140379041378
0.2811706625951745,0.05,1.6931310818541035e-05,4.949566121941615e-05,0.34207666695235955
0.2811706625951745,0.05,1.5380637581169994e-05,3.6010457847823486e-05,0.42711585745915803
0.2811706625951745,0.05,1.8049384399547427e-05,0.00010329520908148934,0.1747359297690981
0.2811706625951745,0.05,1.6139665513706538e-05,4.46608590216588e-05,0.36138278276016633
0.2811706625951745,0.05,1.3718236176593283e-05,2.2990156215071937e-05,0.5967004333619905
0.2811706625951745,0.05,1.797573848030525e-05,4.4687348023499506e-05,0.4022556556914597
0.2811706625951745,0.05,1.5421763956175837e-05,3.159411935299715e-05,0.48812134257867407
0.2811706625951745,0.05,1.443728773135877e-05,2.2590502353634885e-05,0.6390866172586801
0.2811706625951745,0.05,1.4419468426155507e-05,5.324941473955759e-05,0.27079111567105474
0.2811706625951745,0.05,1.7791625123548662e-05,6.877162660224692e-05,0.25870589373215974
0.2811706625951745,0.05,1.5893681915573743e-05,2.9146984103410926e-05,0.5452942184064178
0.2811706625951745,0.05,1.5066947464629154e-05,2.875294815554734e-05,0.5240140031248333
0.2811706625951745,0.05,1.703074534672888e-05,6.802741984099231e-05,0.250351187602538
0.2811706625951745,0.05,1.6025411021399922e-05,0.00014547447194857027,0.11015960949537182
0.2811706625951745,0.05,1.5502631831817926e-05,2.501837240572048e-05,0.6196498949017656
0.2811706625951745,0.05,1.6449128820445045e-05,8.725592059414194e-05,0.1885159048055403
0.2811706625951745,0.05,1.3738210164611427e-05,2.5939409061406764e-05,0.5296269522597353
0.2811706625951745,0.05,1.582107639481992e-05,4.673736680735898e-05,0.338510221597012
0.2811706625951745,0.05,1.500374483727634e-05,2.6258951513481794e-05,0.5713763868132039
0.2811706625951745,0.05,1.685226607730598e-05,3.1977322623269404e-05,0.5270067877741224
0.2811706625951745,0.05,1.5824450192213877e-05,2.5884047301439412e-05,0.6113591900032527
0.2811706625951745,0.05,1.5886098592019338e-05,0.00010057136973392243,0.15795845909276707
0.2811706625951745,0.05,1.7118115667201682e-05,4.97862861826888e-05,0.34383194609831785
0.2811706625951745,0.05,1.6851236279454158e-05,4.067987732200057e-05,0.4142400958112191
0.2811706625951745,0.05,1.7739571574048495e-05,3.756362003623218e-05,0.4722540467861644
0.2811706625951745,0.05,1.6909277234779005e-05,6.22976431580376e-05,0.2714272382966928
0.2811706625951745,0.05,1.655400360230314e-05,0.0001173017926324113,0.1411231936938801
0.2811706625951745,0.05,1.7757749927451382e-05,9.122482852303537e-05,0.19465917574147412
0.2811706625951745,0.05,1.7194914248820203e-05,0.0001440859186256821,0.11933792290619684
0.2811706625951745,0.05,1.691933440458749e-05,4.6260333495604675e-05,0.36574173003303234
0.2811706625951745,0.05,1.5740935333587385e-05,9.247375512307904e-05,0.17022057028652943
0.2811706625951745,0.05,1.727590701330815e-05,3.025595562510879e-05,0.570991947085328
0.2811706625951745,0.05,1.8627385131271915e-05,3.263588763082037e-05,0.5707638579341339
0.2811706625951745,0.05,1.5271965455558886e-05,4.811468022353418e-05,0.3174076058410331
0.2811706625951745,0.05,1.5416370530745266e-05,2.379009372311006e-05,0.6480163848942541
0.2811706625951745,0.05,1.4728158191884537e-05,5.284847364027546e-05,0.27868653865265675
0.2811706625951745,0.05,1.6549204344262513e-05,7.00561809238462e-05,0.2362276122681044
0.2811706625951745,0.05,1.740916119534805e-05,4.688700886606248e-05,0.3713003157245346
0.2811706625951745,0.05,1.4496937978417408e-05,3.40608361789639e-05,0.425618969019051
0.2811706625951745,0.05,1.4673493384059838e-05,2.6964172459767697e-05,0.544184821765016
0.2811706625951745,0.05,2.169440980527011e-05,6.373736855225455e-05,0.3403719089451289
0.2811706625951745,0.05,1.557028457280451e-05,2.6442852484248152e-05,0.5888277212936704
0.2811706625951745,0.05,1.5225280998466224e-05,4.3548171214451935e-05,0.34961929683544435
0.2811706625951745,0.05,1.5662075262965202e-05,4.073386622558136e-05,0.3844976358548855
0.2811706625951745,0.05,1.637343813973564e-05,3.524779279471834e-05,0.4645237855060558
0.2811706625951745,0.05,1.597954711328987e-05,2.637109462010285e-05,0.6059493298813832
0.2811706625951745,0.05,1.7376687839652783e-05,4.39568978275558e-05,0.39531196918904604
0.2811706625951745,0.05,1.6470033825589156e-05,5.2679086725314974e-05,0.3126484312734767
0.2811706625951745,0.05,1.4807853017803805e-05,0.00013033295643266135,0.11361556910169933
0.2811706625951745,0.05,1.4663349492734613e-05,5.1810923435624686e-05,0.283016563311285
0.2811706625951745,0.05,1.6933573552290855e-05,9.47009402014748e-05,0.17881103942859422
0.2811706625951745,0.05,1.8342753043251774e-05,0.00021087953237897638,0.086982140164687
0.2811706625951745,0.05,1.677979572795759e-05,4.226340330376313e-05,0.39702897581046237
0.2811706625951745,0.05,1.5953098655873806e-05,8.335842730605409e-05,0.1913795541907396
0.2811706625951745,0.05,1.4594582066712257e-05,2.8956455524956624e-05,0.5040182509262455
0.2811706625951745,0.05,1.532655975853819e-05,5.4123916832737866e-05,0.2831753623061447
0.2811706625951745,0.05,1.5694964241613624e-05,4.425939420202232e-05,0.35461317364566375
0.2811706625951745,0.05,1.6054428207065623e-05,4.625423185803465e-05,0.34709101334426046
0.2811706625951745,0.05,1.743858224661135e-05,4.5707382024528115e-05,0.3815266041107587
0.2811706625951745,0.05,1.3545116172160464e-05,3.5393548963034506e-05,0.3827001408168241
0.2811706625951745,0.05,1.5076131407612259e-05,2.2610047061118534e-05,0.6667890326304536
0.2811706625951745,0.05,2.179812369278544e-05,3.6976121950039835e-05,0.5895189258148246
0.2811706625951745,0.05,1.4410085715653602e-05,2.4560000634699015e-05,0.5867298592531245
0.2811706625951745,0.05,1.510875153351788e-05,5.907548300471316e-05,0.25575333057052574
0.2811706625951745,0.05,1.5023078310942127e-05,2.7350552268988788e-05,0.5492787920036236
0.2811706625951745,0.05,1.4157695134964335e-05,6.753088418991146e-05,0.2096477086713367
0.2811706625951745,0.05,1.814412717113769e-05,4.546201370149967e-05,0.3991052242047774
0.2811706625951745,0.05,1.4796252945405551e-05,3.648310340867806e-05,0.4055645370861196
0.2811706625951745,0.05,1.619224369387692e-05,4.796071848250926e-05,0.3376147023273234
0.2811706625951745,0.05,1.6087679681815293e-05,4.768651967047008e-05,0.33736325890391206
0.2811706625951745,0.05,1.5785920745072233e-05,3.133444090890288e-05,0.5037881732425316
0.2811706625951745,0.05,1.3407055726311395e-05,1.9480837841864606e-05,0.6882176133872145
0.2811706625951745,0.05,1.662811171575838e-05,3.229280367334414e-05,0.514916941989894
0.2811706625951745,0.05,1.676017115798722e-05,2.9136537364223685e-05,0.5752286535793639
0.2811706625951745,0.05,1.8902420029859055e-05,4.032002634570407e-05,0.46880971425439133
0.2811706625951745,0.05,1.7761538580149122e-05,6.716069651368451e-05,0.26446328734143
0.2811706625951745,0.05,1.7704870985097575e-05,7.273891287517066e-05,0.24340301889693366
0.2811706625951745,0.2811706625951745,2.3732317339367873e-05,6.50967821004693e-05,0.3645697463622673
0.2811706625951745,0.2811706625951745,2.9429111661238208e-05,8.615589894111936e-05,0.34157976439141613
0.2811706625951745,0.2811706625951745,2.5195350619379964e-05,5.304517644016168e-05,0.4749791085679942
0.2811706625951745,0.2811706625951745,2.7716989640416948e-05,7.992005252967726e-05,0.346808951734918
0.2811706625951745,0.2811706625951745,2.9718209926957086e-05,8.870862509897744e-05,0.33500924959437406
0.2811706625951745,0.2811706625951745,2.7993247781818363e-05,8.608571544764472e-05,0.32517877834032977
0.2811706625951745,0.2811706625951745,2.704557491637932e-05,5.4664932931025026e-05,0.49475181741290736
0.2811706625951745,0.2811706625951745,3.120842479620618e-05,8.35771655778811e-05,0.37340850913548534
0.2811706625951745,0.2811706625951745,2.79549313199564e-05,3.74557449662737e-05,0.746345623218224
0.2811706625951745,0.2811706625951745,2.5694049895429763e-05,4.406888579796086e-05,0.5830428754933185
0.2811706625951745,0.2811706625951745,2.9696875531946725e-05,5.1807468598931956e-05,0.5732161083152969
0.2811706625951745,0.2811706625951745,2.8865876723573083e-05,5.280930441877052e-05,0.5466058877555109
0.2811706625951745,0.2811706625951745,2.7881411239112834e-05,5.047567688756143e-05,0.552373201477236
0.2811706625951745,0.2811706625951745,2.7378632891748074e-05,7.107569759665776e-05,0.38520385754237774
0.2811706625951745,0.2811706625951745,2.6710204816212954e-05,9.357908142949172e-05,0.2854292263633521
0.2811706625951745,0.2811706625951745,2.6471023132255945e-05,5.9173636824671864e-05,0.44734487438532955
0.2811706625951745,0.2811706625951745,2.8135302700163926e-05,5.2081102865012045e-05,0.5402209468007474
0.2811706625951745,0.2811706625951745,2.818210370998413e-05,0.00010267676318693371,0.2744740176380091
0.2811706625951745,0.2811706625951745,2.7537501978536857e-05,5.175033279588712e-05,0.5321222201053248
0.2811706625951745,0.2811706625951745,3.061604671643677e-05,5.310529795653881e-05,0.576515863661905
0.2811706625951745,0.2811706625951745,2.9294070266100556e-05,0.00016072979297983894,0.18225662911029222
0.2811706625951745,0.2811706625951745,2.8450870991490852e-05,0.00012121187356175318,0.2347201652402158
0.2811706625951745,0.2811706625951745,2.8128687496600914e-05,0.00017135309535231975,0.16415628465167445
0.2811706625951745,0.2811706625951745,2.63811500396339e-05,4.657888494345197e-05,0.5663757316574093
0.2811706625951745,0.2811706625951745,2.8230558095532596e-05,9.07323335150076e-05,0.31114110044202836
0.2811706625951745,0.2811706625951745,2.9085470255919508e-05,0.00016834553132471218,0.1727724521526989
0.2811706625951745,0.2811706625951745,2.719828040660274e-05,4.946796961693957e-05,0.549815984306926
0.2811706625951745,0.2811706625951745,3.0780618384379835e-05,0.00012260551846581455,0.251054102372743
0.2811706625951745,0.2811706625951745,2.7647715029234042e-05,7.3941256908081e-05,0.37391459362942525
0.2811706625951745,0.2811706625951745,3.236568133668651e-05,6.160255437738122e-05,0.5253951181701372
0.2811706625951745,0.2811706625951745,3.0179874564594e-05,0.00014379454507515614,0.2098819155401207
0.2811706625951745,0.2811706625951745,2.618392198374603e-05,4.343410751447053e-05,0.6028424084694863
0.2811706625951745,0.2811706625951745,3.334374374480581e-05,7.612120321088785e-05,0.4380349014246342
0.2811706625951745,0.2811706625951745,2.5115516726897947e-05,0.0001325632328102738,0.18946065356480551
0.2811706625951745,0.2811706625951745,2.4180266770366792e-05,4.6510360966245135e-05,0.5198898969611438
0.2811706625951745,0.2811706625951745,3.0212492228511397e-05,7.95794683064305e-05,0.37965184829049736
0.2811706625951745,0.2811706625951745,2.5123378240675803e-05,7.285011503936728e-05,0.34486394739527104
0.2811706625951745,0.2811706625951745,2.4539526809883087e-05,5.5057851522708144e-05,0.4457044023914004
0.2811706625951745,0.2811706625951745,2.918732420285003e-05,8.582990771297466e-05,0.340060067412118
0.2811706625951745,0.2811706625951745,2.9501334299931895e-05,8.537549968971719e-05,0.34554801327253726
0.2811706625951745,0.2811706625951745,2.9404391789553876e-05,7.235908685861809e-05,0.40636764594620867
0.2811706625951745,0.2811706625951745,2.7581644074973563e-05,0.00012778623923074902,0.21584205185949812
0.2811706625951745,0.2811706625951745,2.5585050485466048e-05,4.851323407158206e-05,0.527382908501109
0.2811706625951745,0.2811706625951745,3.0391831470297067e-05,9.315399892235843e-05,0.32625364259056566
0.2811706625951745,0.2811706625951745,3.060346082854124e-05,6.204767601784131e-05,0.49322493270725337
0.2811706625951745,0.2811706625951745,2.805170851799033e-05,0.00010232982965776419,0.2741303157818941
0.2811706625951745,0.2811706625951745,2.5851645600989952e-05,5.3244461853409426e-05,0.48552740888176676
0.2811706625951745,0.2811706625951745,2.6716550298818537e-05,5.186092049590337e-05,0.5151576571212025
0.2811706625951745,0.2811706625951745,2.7668425964047123e-05,5.805311892481793e-05,0.47660533105687736
0.2811706625951745,0.2811706625951745,2.557607081577289e-05,5.538114846739969e-05,0.4618190760494672
0.2811706625951745,0.2811706625951745,2.6650662524121363e-05,0.00011546698469386622,0.230807642503001
0.2811706625951745,0.2811706625951745,2.4768142521955078e-05,3.9394654283848884e-05,0.6287183622299125
0.2811706625951745,0.2811706625951745,3.074174391164251e-05,4.856730480654667e-05,0.6329719969863069
0.2811706625951745,0.2811706625951745,2.5782816718146483e-05,6.589506051943485e-05,0.3912708557349635
0.2811706625951745,0.2811706625951745,2.9691860735995744e-05,7.824410095809718e-05,0.37947730720168815
0.2811706625951745,0.2811706625951745,2.709170752705347e-05,4.509044721124502e-05,0.6008303133506541
0.2811706625951745,0.2811706625951745,2.903960076118228e-05,5.0561518520235625e-05,0.5743419424707371
0.2811706625951745,0.2811706625951745,3.146433169450913e-05,0.00011349097266260368,0.2772408320796506
0.2811706625951745,0.2811706625951745,2.6582622548363125e-05,5.211122558751948e-05,0.5101131713687732
0.2811706625951745,0.2811706625951745,2.8575878811867848e-05,5.721853745988949e-05,0.4994164492914503
0.2811706625951745,0.2811706625951745,2.6422775278913054e-05,7.699467717054453e-05,0.34317664869723596
0.2811706625951745,0.2811706625951745,3.1832821182433104e-05,6.518630452976548e-05,0.4883360302760766
0.2811706625951745,0.2811706625951745,2.3478307438551486e-05,6.0564263802325075e-05,0.38765942099423567
0.2811706625951745,0.2811706625951745,2.8339711011243765e-05,9.566910095581998e-05,0.2962263753720342
0.2811706625951745,0.2811706625951745,2.668920799406155e-05,5.104858553467529e-05,0.5228197356405229
0.2811706625951745,0.2811706625951745,2.623278035808121e-05,5.82975547999358e-05,0.44998080019147046
0.2811706625951745,0.2811706625951745,2.5547226733652e-05,7.056541764889884e-05,0.36203607354473955
0.2811706625951745,0.2811706625951745,3.2641827767937014e-05,0.000130923489272407,0.24931987338055536
0.2811706625951745,0.2811706625951745,2.5981333056770718e-05,6.318134943061097e-05,0.41121839420832196
0.2811706625951745,0.2811706625951745,3.225229212471582e-05,0.0001911673884746136,0.168712312189162
0.2811706625951745,0.2811706625951745,2.7552070492297122e-05,4.029294273035295e-05,0.683793950634982
0.2811706625951745,0.2811706625951745,2.6857833672975485e-05,6.46947722003915e-05,0.41514689300989543
0.2811706625951745,0.2811706625951745,2.682618614312597e-05,6.0512872521193296e-05,0.4433137120326041
0.2811706625951745,0.2811706625951745,2.9599393582749507e-05,5.442161470318717e-05,0.5438903961998033
0.2811706625951745,0.2811706625951745,3.131494993833281e-05,6.841943508097449e-05,0.45769085788667396
0.2811706625951745,0.2811706625951745,2.985722286302212e-05,8.578863959378378e-05,0.34803236191176956
0.2811706625951745,0.2811706625951745,2.4581301390444883e-05,4.636370097523602e-05,0.5301841930948169
0.2811706625951745,0.2811706625951745,2.7859024540473327e-05,9.730568866985635e-05,0.2863041711260565
0.2811706625951745,0.2811706625951745,2.8864544799877788e-05,7.664174808113481e-05,0.3766164723868391
0.2811706625951745,0.2811706625951745,2.635880059890494e-05,6.575128262239009e-05,0.40088648536764904
0.2811706625951745,0.2811706625951745,2.592993466474631e-05,4.04498116864726e-05,0.6410396880393368
0.2811706625951745,0.2811706625951745,3.092128884025568e-05,7.63978573423879e-05,0.40474026256623286
0.2811706625951745,0.2811706625951745,2.7547242280763874e-05,5.8809871224985925e-05,0.4684118789408294
0.2811706625951745,0.2811706625951745,2.820586556275282e-05,0.00010260068090404564,0.274909145964943
0.2811706625951745,0.2811706625951745,2.9375518399753313e-05,7.392706885982957e-05,0.3973580834842941
0.2811706625951745,0.2811706625951745,3.1128510302122144e-05,7.421678419153575e-05,0.4194268269800927
0.2811706625951745,0.2811706625951745,2.4770627137229427e-05,9.60509416786317e-05,0.2578905183471003
0.2811706625951745,0.2811706625951745,2.6388246842930636e-05,0.00015247235796803446,0.17306905457881672
0.2811706625951745,0.2811706625951745,3.285439711931709e-05,0.00022998942726673376,0.14285177153475712
0.2811706625951745,0.2811706625951745,2.6564589339146662e-05,7.345793870768108e-05,0.361629931447681
0.2811706625951745,0.2811706625951745,2.8394418837907092e-05,8.51844973957868e-05,0.33332847766865464
0.2811706625951745,0.2811706625951745,3.2792279968281875e-05,7.946957811372159e-05,0.412639411792974
0.2811706625951745,0.2811706625951745,2.5788551931627332e-05,7.45120326100704e-05,0.34609916047494826
0.2811706625951745,0.2811706625951745,2.873226431124348e-05,6.377861807403362e-05,0.45049995090660855
0.2811706625951745,0.2811706625951745,2.92633443142135e-05,6.00698132947642e-05,0.4871555729766876
0.2811706625951745,0.2811706625951745,2.5343624782957342e-05,4.9849150863199676e-05,0.5084063488364625
0.2811706625951745,0.2811706625951745,2.572594842618759e-05,6.6159724964347e-05,0.38884606065172
0.2811706625951745,0.2811706625951745,2.6118399760497996e-05,6.228859248679113e-05,0.4193127299519032
0.2811706625951745,0.2811706625951745,2.4951392817694112e-05,4.845738604175825e-05,0.5149141308652555
0.2811706625951745,0.2811706625951745,2.9865531329672506e-05,8.023128202731659e-05,0.3722429777390831
0.2811706625951745,0.2811706625951745,2.6564738276363117e-05,5.355029917060407e-05,0.4960707724849758
0.2811706625951745,0.2811706625951745,2.432934318067339e-05,3.22615272681304e-05,0.754128686421711
0.2811706625951745,0.2811706625951745,2.3901381842958003e-05,4.176452017128097e-05,0.5722891522501818
0.2811706625951745,0.2811706625951745,3.1135211017222324e-05,0.00011199894843666309,0.27799556559970473
0.2811706625951745,0.2811706625951745,2.611368618231601e-05,3.7970693421064455e-05,0.6877326651040114
0.2811706625951745,0.2811706625951745,2.4634626365036906e-05,8.519223930494563e-05,0.28916514656760295
0.2811706625951745,0.2811706625951745,2.9791131628035233e-05,9.718425699099535e-05,0.3065427729801499
0.2811706625951745,0.2811706625951745,2.5744321243480387e-05,6.323577672359774e-05,0.4071163916592387
0.2811706625951745,0.2811706625951745,2.712999959147515e-05,0.00015608229485948133,0.1738185590870502
0.2811706625951745,0.2811706625951745,2.5309423341964434e-05,4.974796899473717e-05,0.5087528969201117
0.2811706625951745,0.2811706625951745,2.489232213732185e-05,4.848855135083818e-05,0.5133649375749304
0.2811706625951745,0.2811706625951745,2.687170788369768e-05,5.8986364927825026e-05,0.45555795676810334
0.2811706625951745,0.2811706625951745,2.6549614675691127e-05,5.3128263663182416e-05,0.49972675267552286
0.2811706625951745,0.2811706625951745,3.339949723265005e-05,0.00015204144815531532,0.21967363266976625
0.2811706625951745,0.2811706625951745,2.3886414019997185e-05,7.827652477322819e-05,0.30515424757547127
0.2811706625951745,0.2811706625951745,2.725725097130454e-05,5.150296223915624e-05,0.5292365678838882
0.2811706625951745,0.2811706625951745,2.733249482759237e-05,6.0685635277180076e-05,0.4503948043511764
0.2811706625951745,0.2811706625951745,2.921501442031593e-05,0.0001622045193640648,0.1801122097883316
0.2811706625951745,0.2811706625951745,2.788160578839294e-05,8.04313538145535e-05,0.34665095719609723
0.2811706625951745,0.2811706625951745,2.4319085099740143e-05,3.861739854633462e-05,0.6297442607523441
0.2811706625951745,0.2811706625951745,2.5507298819904352e-05,6.747959805698819e-05,0.37800015937206394
0.2811706625951745,0.2811706625951745,2.532541669236405e-05,6.435429994158207e-05,0.39353107275431976
0.2811706625951745,0.2811706625951745,3.0176954262519614e-05,8.053514470528154e-05,0.374705408091737
0.2811706625951745,0.2811706625951745,2.733296033388588e-05,5.528574097563755e-05,0.4943943926867244
0.2811706625951745,0.2811706625951745,2.5920855938499483e-05,5.941142095882798e-05,0.43629415893726214
0.2811706625951745,0.2811706625951745,2.8202597706115716e-05,7.127147288132088e-05,0.3957066771031635
0.2811706625951745,0.2811706625951745,2.493547624522337e-05,4.2188986444425584e-05,0.5910423157017579
0.2811706625951745,0.2811706625951745,2.8177838258730033e-05,6.982697294792771e-05,0.4035380178909256
0.2811706625951745,0.2811706625951745,2.6834509362829958e-05,9.32493396415336e-05,0.2877715752839259
0.2811706625951745,0.2811706625951745,2.8347641107042208e-05,7.60369433314673e-05,0.3728140541298003
0.2811706625951745,0.2811706625951745,2.540694694123635e-05,6.80825572914606e-05,0.37317850492115806
0.2811706625951745,0.2811706625951745,3.090596364484391e-05,9.245957709900341e-05,0.3342646009698982
0.2811706625951745,0.2811706625951745,2.766313971959391e-05,5.210427943314127e-05,0.5309187656090795
0.2811706625951745,0.2811706625951745,2.384630385248827e-05,3.8275516415854295e-05,0.6230171682964093
0.2811706625951745,0.2811706625951745,2.7112471017456382e-05,6.434547736463539e-05,0.421357834736611
0.2811706625951745,0.2811706625951745,2.7870854366505016e-05,0.00010546845115160742,0.2642577383301247
0.2811706625951745,0.2811706625951745,2.8515382612264934e-05,0.00021163536907413725,0.13473826580601378
0.2811706625951745,0.2811706625951745,2.839190084842081e-05,5.4724426878317945e-05,0.5188158646512898
0.2811706625951745,0.2811706625951745,2.734862296949171e-05,5.45728362878993e-05,0.5011398495986886
0.2811706625951745,0.2811706625951745,2.6984755572360725e-05,6.681712943781677e-05,0.4038598455127294
0.2811706625951745,0.2811706625951745,2.490349409535555e-05,8.744078274908806e-05,0.28480410756175756
0.2811706625951745,0.2811706625951745,2.961955811898016e-05,9.041805703757162e-05,0.3275845454926362
0.2811706625951745,0.2811706625951745,2.670995574290459e-05,6.270783186664952e-05,0.42594289975938376
0.2811706625951745,0.2811706625951745,3.166408135706915e-05,0.00011796340994981035,0.268422906480418
0.2811706625951745,0.2811706625951745,2.5677967156794696e-05,9.508931832070397e-05,0.2700405009760574
0.2811706625951745,0.2811706625951745,2.6805073506485605e-05,0.00010314323113402504,0.25988204181479346
0.2811706625951745,0.2811706625951745,2.6145287059902915e-05,8.9843489106392e-05,0.2910092575427682
0.2811706625951745,0.2811706625951745,2.952407782935569e-05,7.419529406389706e-05,0.39792386029132154
0.2811706625951745,0.2811706625951745,2.6326885671775013e-05,0.00011171393831847766,0.23566339230402464
0.2811706625951745,0.2811706625951745,2.7190339652327018e-05,6.121369174842106e-05,0.44418722144835127
0.2811706625951745,0.2811706625951745,2.4822211733029564e-05,4.556758509486007e-05,0.5447339744108901
0.2811706625951745,0.2811706625951745,2.817333311332857e-05,8.216048598655318e-05,0.34290611569580504
0.2811706625951745,0.2811706625951745,3.0372765452393357e-05,0.00014502730331776014,0.20942791293474936
0.2811706625951745,0.2811706625951745,2.818322696046986e-05,7.824647921821556e-05,0.36018524081923015
0.2811706625951745,0.2811706625951745,2.759058272750827e-05,7.587782427827082e-05,0.363618527414859
0.2811706625951745,0.2811706625951745,2.760394314567675e-05,9.355650439429221e-05,0.2950510317202578
0.2811706625951745,0.2811706625951745,2.8593462600991214e-05,6.582355040047145e-05,0.43439562933066
0.2811706625951745,0.2811706625951745,3.298503325385931e-05,0.0002410336435887506,0.13684825388997593
0.2811706625951745,0.2811706625951745,2.631359454762842e-05,4.7956636000510964e-05,0.5486955871414345
0.2811706625951745,0.2811706625951745,2.8405777353809686e-05,4.36715976728176e-05,0.6504405349816231
0.2811706625951745,0.2811706625951745,2.798250391578416e-05,0.0001642615177855775,0.17035337486843238
0.2811706625951745,0.2811706625951745,2.745198207626475e-05,4.751902120051513e-05,0.5777051248683371
0.2811706625951745,0.2811706625951745,2.9410564247669087e-05,4.8056504952456566e-05,0.6119996507604049
0.2811706625951745,0.2811706625951745,2.973964726287318e-05,6.080152847373884e-05,0.48912663890872765
0.2811706625951745,0.2811706625951745,2.793653592781191e-05,0.00011814119898939638,0.23646734726570126
0.2811706625951745,0.2811706625951745,2.7207338516399725e-05,4.472762879178791e-05,0.6082893113572578
0.2811706625951745,0.2811706625951745,2.663179805109009e-05,7.58713264791884e-05,0.3510126853837889
0.2811706625951745,0.2811706625951745,2.929244480596436e-05,6.536124731668017e-05,0.44816226752895727
0.2811706625951745,0.2811706625951745,2.8249972237899556e-05,6.677650128299294e-05,0.4230525962745287
0.2811706625951745,0.2811706625951745,2.7601775645398823e-05,4.433714004083401e-05,0.6225429881128529
0.2811706625951745,0.2811706625951745,2.789871444745007e-05,4.031109166116805e-05,0.6920853119521219
0.2811706625951745,0.2811706625951745,2.5635155169287078e-05,5.421892026040849e-05,0.4728082936023769
0.2811706625951745,0.2811706625951745,2.891054487262324e-05,5.82305091734067e-05,0.49648449383345594
0.2811706625951745,0.2811706625951745,2.5605671977482877e-05,4.997951889338243e-05,0.5123232985116472
0.2811706625951745,0.2811706625951745,2.634305497098379e-05,6.24640132719011e-05,0.42173170744432437
0.2811706625951745,0.2811706625951745,2.633592505704347e-05,0.00015932584558666317,0.16529600053318652
0.2811706625951745,0.2811706625951745,2.63510057380148e-05,7.321046418317258e-05,0.3599349632872779
0.2811706625951745,0.2811706625951745,2.9423570208432272e-05,6.699052677919361e-05,0.43921986619712405
0.2811706625951745,0.2811706625951745,2.8575304779854935e-05,4.381570301393049e-05,0.6521704049977215
0.2811706625951745,0.2811706625951745,2.9739205306762508e-05,6.458890527860476e-05,0.4604382932096806
0.2811706625951745,0.2811706625951745,2.9552876312838846e-05,9.520415273177958e-05,0.31041583234398096
0.2811706625951745,0.2811706625951745,2.509633357754008e-05,5.061840667530805e-05,0.49579461752956
0.2811706625951745,0.2811706625951745,2.436884316677819e-05,3.642264189158263e-05,0.6690575395193915
0.2811706625951745,0.2811706625951745,2.3543592905195773e-05,5.0849743587634704e-05,0.4630031784648162
0.2811706625951745,0.2811706625951745,2.5200449415563787e-05,4.3771821887842416e-05,0.5757231097242308
0.2811706625951745,0.2811706625951745,2.449165180553517e-05,8.027947384816299e-05,0.3050798744876877
0.2811706625951745,0.2811706625951745,3.031592692593443e-05,0.00017098592228369488,0.17730071880207263
0.2811706625951745,0.2811706625951745,2.6147229450205024e-05,8.812519550466788e-05,0.2967054915505979
0.2811706625951745,0.2811706625951745,2.618563743596804e-05,0.00016417555203878737,0.15949778825644845
0.2811706625951745,0.2811706625951745,2.8700830901008536e-05,7.457123042765728e-05,0.3848780653934853
0.2811706625951745,0.2811706625951745,2.604355766080065e-05,6.053304729333479e-05,0.4302370163953116
0.2811706625951745,0.2811706625951745,2.7251076231763246e-05,4.651846205568685e-05,0.5858120631576602
0.2811706625951745,0.2811706625951745,2.662749296905975e-05,5.8042387015956464e-05,0.4587594400922824
0.2811706625951745,0.2811706625951745,3.066563567278268e-05,6.642859636149126e-05,0.46163305191496695
0.2811706625951745,0.2811706625951745,3.096562029130798e-05,9.232173597800266e-05,0.33540985731340783
0.2811706625951745,0.2811706625951745,2.6896687270812273e-05,6.501429869672051e-05,0.41370418215660937
0.2811706625951745,0.2811706625951745,2.5543626932409974e-05,3.605530740658545e-05,0.708456778480953
0.2811706625951745,0.2811706625951745,2.700834491303445e-05,4.5538133894594356e-05,0.5930929224185996
0.2811706625951745,0.2811706625951745,2.5056853908401825e-05,3.474074823941334e-05,0.7212525687623172
0.2811706625951745,0.2811706625951745,2.4593412840688986e-05,4.0320662963145556e-05,0.6099456465576519
0.2811706625951745,1.5811388300841895,0.00010291403623621941,0.0005112927461572633,0.20128201897971998
0.2811706625951745,1.5811388300841895,9.457688842574036e-05,0.00015449729024621437,0.612158881719013
0.2811706625951745,1.5811388300841895,7.865126892522964e-05,0.00015014961032665838,0.5238193342901101
0.2811706625951745,1.5811388300841895,9.155073868002691e-05,0.00016290464310171035,0.5619897440422661
0.2811706625951745,1.5811388300841895,0.00010519436728411124,0.001059651443058015,0.09927261268151923
0.2811706625951745,1.5811388300841895,8.778556596000034e-05,0.0003138158546525392,0.2797359172856247
0.2811706625951745,1.5811388300841895,8.975912179958269e-05,0.00016573302198549404,0.5415886389101078
0.2811706625951745,1.5811388300841895,8.833472430982541e-05,0.00030795079670155757,0.28684687702052836
0.2811706625951745,1.5811388300841895,9.237166937307918e-05,0.00029980974504730825,0.3081009570202712
0.2811706625951745,1.5811388300841895,7.375299846762972e-05,0.000190174859255309,0.38781676377431473
0.2811706625951745,1.5811388300841895,0.00010269968461083943,0.0008501840717545288,0.12079699917089438
0.2811706625951745,1.5811388300841895,8.472364155143135e-05,0.00021474454008901887,0.39453222659961706
0.2811706625951745,1.5811388300841895,8.790352257417733e-05,0.0001792833159945016,0.490305091059746
0.2811706625951745,1.5811388300841895,8.851405496344062e-05,0.00021045302345758758,0.4205881840480129
0.2811706625951745,1.5811388300841895,8.596673222188027e-05,0.00016878364405025926,0.5093309408361966
0.2811706625951745,1.5811388300841895,8.448047278898584e-05,0.00014473193976212667,0.5837030369926169
0.2811706625951745,1.5811388300841895,7.654308066007418e-05,0.00012731784031774204,0.6011968194641746
0.2811706625951745,1.5811388300841895,0.0001114840392127153,0.0003058229730431828,0.36453781775567773
0.2811706625951745,1.5811388300841895,7.290197387377456e-05,0.0004370292049563113,0.16681259066213297
0.2811706625951745,1.5811388300841895,8.690225865501558e-05,0.0002964622595479335,0.29313093271140234
0.2811706625951745,1.5811388300841895,8.094204709596589e-05,0.0002465877245287998,0.32824848540468365
0.2811706625951745,1.5811388300841895,0.00010380080874211462,0.00026688899638295207,0.3889287686974308
0.2811706625951745,1.5811388300841895,8.658998015576022e-05,0.00016397529029270954,0.528067247212613
0.2811706625951745,1.5811388300841895,8.983486234549983e-05,0.00012866190833675734,0.6982242336276226
0.2811706625951745,1.5811388300841895,8.746584001345622e-05,0.0002849041122756882,0.3070009741692309
0.2811706625951745,1.5811388300841895,9.355983520347264e-05,0.0002900860059149439,0.32252446962541625
0.2811706625951745,1.5811388300841895,0.00010076221602309885,0.00018882532309758975,0.5336266045789968
0.2811706625951745,1.5811388300841895,9.358615212538226e-05,0.0003656832397560184,0.25592136021279605
0.2811706625951745,1.5811388300841895,8.557283540583012e-05,0.00023531054636296647,0.36365915904948026
0.2811706625951745,1.5811388300841895,8.723251336029409e-05,0.00014091543030828564,0.6190415994149998
0.2811706625951745,1.5811388300841895,8.397118980705294e-05,0.0001710206198941382,0.49100038263825224
0.2811706625951745,1.5811388300841895,9.895994000621704e-05,0.000312457275371473,0.31671510893310434
0.2811706625951745,1.5811388300841895,8.713534274219712e-05,0.00017109186083699428,0.5092898184397812
0.2811706625951745,1.5811388300841895,8.48796883686439e-05,0.00018905876660997188,0.4489592833520947
0.2811706625951745,1.5811388300841895,8.59139323128201e-05,0.0001752727999310222,0.49017264713424524
0.2811706625951745,1.5811388300841895,0.00010392838566175522,0.00042635365325766744,0.24376098308918664
0.2811706625951745,1.5811388300841895,9.309403651599228e-05,0.00026759450208138245,0.347892186842015
0.2811706625951745,1.5811388300841895,0.00010531872413524458,0.00016814324858823883,0.6263630863535685
0.2811706625951745,1.5811388300841895,7.781882940344282e-05,0.00012515386793384987,0.6217852527304549
0.2811706625951745,1.5811388300841895,9.9266002518918e-05,0.00025186752747387287,0.39411989117658375
0.2811706625951745,1.5811388300841895,9.890661697648294e-05,0.00012464378615207336,0.7935142218466515
0.2811706625951745,1.5811388300841895,9.696435217101654e-05,0.00020878873503373595,0.4644137154015953
0.2811706625951745,1.5811388300841895,8.872795344713195e-05,0.00013215275742135856,0.6714044805302846
0.2811706625951745,1.5811388300841895,9.04683782162871e-05,0.00032252472063442077,0.2805006017471519
0.2811706625951745,1.5811388300841895,0.00010004929550700881,0.00022531537436974575,0.4440411391671235
0.2811706625951745,1.5811388300841895,7.896628813690198e-05,0.0001937043325736965,0.4076640263420983
0.2811706625951745,1.5811388300841895,8.810877425241535e-05,0.00015368619572251726,0.5733031118259773
0.2811706625951745,1.5811388300841895,8.159198705898674e-05,0.0007310416223318036,0.11161059037751196
0.2811706625951745,1.5811388300841895,9.329894306831558e-05,0.0002341196099593142,0.3985097322028226
0.2811706625951745,1.5811388300841895,8.913442870254146e-05,0.00028654825273126487,0.31106254479986273
0.2811706625951745,1.5811388300841895,8.779577820603582e-05,0.00014328198950492644,0.612748179372657
0.2811706625951745,1.5811388300841895,9.050783229700899e-05,0.00021226791803586776,0.42638488724290174
0.2811706625951745,1.5811388300841895,8.372858986612897e-05,0.0001235220321587399,0.6778433644819588
0.2811706625951745,1.5811388300841895,8.640847223888007e-05,0.00024211885823382113,0.3568845189061355
0.2811706625951745,1.5811388300841895,9.13685047123049e-05,0.0008595524453468761,0.10629776601407114
0.2811706625951745,1.5811388300841895,9.413308057322916e-05,0.00026476837761651246,0.355529921740014
0.2811706625951745,1.5811388300841895,9.61500842955033e-05,0.00016728883731600833,0.5747549318779468
0.2811706625951745,1.5811388300841895,0.00011660053695108,0.00046706719146216084,0.2496440321274981
0.2811706625951745,1.5811388300841895,8.36876589525649e-05,0.0002067825868831894,0.4047132798461396
0.2811706625951745,1.5811388300841895,9.126683807093026e-05,0.00016778969866433635,0.5439358840110308
0.2811706625951745,1.5811388300841895,8.856331277578654e-05,0.0004050816180478157,0.21863078656245655
0.2811706625951745,1.5811388300841895,8.980318035254448e-05,0.0001625528263721378,0.5524553608619205
0.2811706625951745,1.5811388300841895,0.00010069227279081609,0.00022664430864779094,0.44427443773712216
0.2811706625951745,1.5811388300841895,9.11004892093355e-05,0.00025193146217757507,0.36160822638786927
0.2811706625951745,1.5811388300841895,9.165152771955209e-05,0.0002072549980108834,0.44221624857866765
0.2811706625951745,1.5811388300841895,9.732875045846836e-05,0.000268476182838307,0.3625228481331834
0.2811706625951745,1.5811388300841895,9.088328283428848e-05,0.00023950125333934796,0.37946892372006286
0.2811706625951745,1.5811388300841895,8.353948029430644e-05,0.00013416186560512742,0.6226767935695262
0.2811706625951745,1.5811388300841895,0.00010140204647855827,0.00023821083908148475,0.4256819163626374
0.2811706625951745,1.5811388300841895,8.841274585072475e-05,0.00016423393956602,0.5383341962346578
0.2811706625951745,1.5811388300841895,9.903217576795031e-05,0.0001552393433864602,0.6379321994516228
0.2811706625951745,1.5811388300841895,8.825504445096289e-05,0.0001966635132663329,0.4487616588616664
0.2811706625951745,1.5811388300841895,8.07424329381728e-05,0.0002871864733732089,0.2811498466128841
0.2811706625951745,1.5811388300841895,9.286129471367327e-05,0.00014898623278310137,0.6232877560496716
0.2811706625951745,1.5811388300841895,8.049914784001759e-05,0.0003951897369997679,0.2036974655545391
0.2811706625951745,1.5811388300841895,8.478991910625309e-05,0.00020276213416574513,0.4181743275445243
0.2811706625951745,1.5811388300841895,8.515079832871579e-05,0.0003140013893731452,0.27117968649344537
0.2811706625951745,1.5811388300841895,8.597365997052979e-05,0.00029420836310914,0.29222031305288515
0.2811706625951745,1.5811388300841895,7.760287311000374e-05,0.00017210888577590778,0.45089405326257
0.2811706625951745,1.5811388300841895,8.966912464283906e-05,0.00041672268087227546,0.21517697202164632
0.2811706625951745,1.5811388300841895,8.64785935670604e-05,0.0003356491181138148,0.25764582386817564
0.2811706625951745,1.5811388300841895,0.000103867385880686,0.0002988287363573297,0.347581652108868
0.2811706625951745,1.5811388300841895,9.095979924809188e-05,0.0002699370741363718,0.33696667839757033
0.2811706625951745,1.5811388300841895,7.756376129635724e-05,0.00010304952799386697,0.7526842946915145
0.2811706625951745,1.5811388300841895,9.764667408135715e-05,0.00020902439495028464,0.4671544395790831
0.2811706625951745,1.5811388300841895,0.00010293668774772867,0.00015677481132155647,0.6565894538797951
0.2811706625951745,1.5811388300841895,9.021327043742754e-05,0.0002377344437897125,0.3794707615747321
0.2811706625951745,1.5811388300841895,0.00010057771051280987,0.00027337527716595226,0.3679107765540709
0.2811706625951745,1.5811388300841895,9.461326732400169e-05,0.00017643241789675336,0.5362578399813606
0.2811706625951745,1.5811388300841895,8.356520538972567e-05,0.0001964288238112162,0.4254223171953548
0.2811706625951745,1.5811388300841895,8.13350664539412e-05,0.00017079822779030157,0.4762055643446182
0.2811706625951745,1.5811388300841895,9.216199622781189e-05,0.00023076269951514456,0.39937995361231876
0.2811706625951745,1.5811388300841895,9.702913651936752e-05,0.00022551942022915945,0.4302473659287181
0.2811706625951745,1.5811388300841895,7.538880034257256e-05,0.000163772957839898,0.46032508258336235
0.2811706625951745,1.5811388300841895,0.00010270102266843673,0.0003573913072170421,0.2873629564976153
0.2811706625951745,1.5811388300841895,0.00010221599087813253,0.00031464490295469,0.3248614228874128
0.2811706625951745,1.5811388300841895,9.952739565354194e-05,0.0002356490498999545,0.42235432604458445
0.2811706625951745,1.5811388300841895,9.568246906157923e-05,0.0002691625442104869,0.35548210967553834
0.2811706625951745,1.5811388300841895,9.037615534637672e-05,0.00028428263765004264,0.3179095146064864
0.2811706625951745,1.5811388300841895,8.697089184213035e-05,0.00016432535285355662,0.5292603382975056
0.2811706625951745,1.5811388300841895,8.222953240021062e-05,0.0002134141769370306,0.3853049201341157
0.2811706625951745,1.5811388300841895,8.706179981384841e-05,0.00012473297867386838,0.6979854144386588
0.2811706625951745,1.5811388300841895,8.748999909742854e-05,0.00038859658900435425,0.2251435076195386
0.2811706625951745,1.5811388300841895,9.040583591204354e-05,0.00046505463352224113,0.19439831236026142
0.2811706625951745,1.5811388300841895,9.959877623835844e-05,0.0001521212774305677,0.6547327101155723
0.2811706625951745,1.5811388300841895,9.857490243813914e-05,0.0001849447448435703,0.5329965040180819
0.2811706625951745,1.5811388300841895,0.00010101618108574398,0.00031456971601232376,0.32112493969949263
0.2811706625951745,1.5811388300841895,9.088962307047908e-05,0.00017725697500991367,0.512756257210165
0.2811706625951745,1.5811388300841895,8.668940455438566e-05,0.00018984837811101705,0.45662441479322285
0.2811706625951745,1.5811388300841895,8.761192633878687e-05,0.00015514504526797313,0.564709792616708
0.2811706625951745,1.5811388300841895,8.738822622286963e-05,0.00020247931207822593,0.43159088859956235
0.2811706625951745,1.5811388300841895,7.145187183369697e-05,0.00015133548793542966,0.4721422107165198
0.2811706625951745,1.5811388300841895,0.00010797915214199572,0.0007820942572460463,0.13806411585506062
0.2811706625951745,1.5811388300841895,9.180722540529485e-05,0.0001901362290833271,0.4828497222644527
0.2811706625951745,1.5811388300841895,7.745352846487889e-05,0.00012176354544414405,0.6360978417831036
0.2811706625951745,1.5811388300841895,8.540685063352212e-05,0.0002214416478461161,0.38568558111919815
0.2811706625951745,1.5811388300841895,9.569340109838604e-05,0.0002480448825365894,0.38579066868783396
0.2811706625951745,1.5811388300841895,9.191589507366174e-05,0.00016538294177175528,0.5557761525400529
0.2811706625951745,1.5811388300841895,8.58312630792319e-05,0.0005523435653671582,0.15539470080035686
0.2811706625951745,1.5811388300841895,9.064946218470527e-05,0.0002487313194017932,0.36444731770297417
0.2811706625951745,1.5811388300841895,9.073002195893246e-05,0.00025023064378572215,0.36258557539669883
0.2811706625951745,1.5811388300841895,9.401693562953061e-05,0.00018849737373344952,0.49877053333633253
0.2811706625951745,1.5811388300841895,9.202248700066165e-05,0.00017133612702727272,0.5370874700932968
0.2811706625951745,1.5811388300841895,0.00011389639558762366,0.0005735995321632665,0.19856431046600778
0.2811706625951745,1.5811388300841895,9.187876671522446e-05,0.000250681517832895,0.36651591832338876
0.2811706625951745,1.5811388300841895,8.799573986593778e-05,0.00014077905249244068,0.6250627370195067
0.2811706625951745,1.5811388300841895,9.2880035103222e-05,0.0002838173857761976,0.32725280323898814
0.2811706625951745,1.5811388300841895,9.68469969813967e-05,0.00021019268107716986,0.4607534215039601
0.2811706625951745,1.5811388300841895,8.563288001035018e-05,0.00017836132738213847,0.4801090083103164
0.2811706625951745,1.5811388300841895,8.539660449574475e-05,0.00014254282665410276,0.5990943669369616
0.2811706625951745,1.5811388300841895,8.344080523277079e-05,0.00015171866472998128,0.5499706010547427
0.2811706625951745,1.5811388300841895,0.00011701858754469489,0.0003060782463142037,0.3823159239633443
0.2811706625951745,1.5811388300841895,7.875916867977078e-05,0.00015280514065627943,0.5154222452301654
0.2811706625951745,1.5811388300841895,0.00010158842912772433,0.00015730919089153807,0.6457882629233518
0.2811706625951745,1.5811388300841895,9.423108933496771e-05,0.0002855614981523299,0.32998527443185316
0.2811706625951745,1.5811388300841895,9.190874367172144e-05,0.00045619249821376014,0.20146921317556465
0.2811706625951745,1.5811388300841895,8.911492585283895e-05,0.00016786781968567408,0.530863664159713
0.2811706625951745,1.5811388300841895,9.580219020200045e-05,0.0003096382029167568,0.30940042055390665
0.2811706625951745,1.5811388300841895,0.00010667205427727801,0.0005994499797407734,0.17794988386421726
0.2811706625951745,1.5811388300841895,9.225479281573594e-05,0.00017164124355245703,0.5374861595403264
0.2811706625951745,1.5811388300841895,9.312581841152373e-05,0.00020767809353111491,0.44841425895298564
0.2811706625951745,1.5811388300841895,9.543141775378508e-05,0.00019435806256746385,0.49100827870549374
0.2811706625951745,1.5811388300841895,0.00010271956155151394,0.00016621274262113361,0.6180005210891295
0.2811706625951745,1.5811388300841895,8.413827102045078e-05,0.00033171104100467795,0.2536492929678039
0.2811706625951745,1.5811388300841895,9.062852730586717e-05,0.0004205119706598491,0.2155194944002589
0.2811706625951745,1.5811388300841895,7.909845844441066e-05,0.0008282744377333704,0.0954978867401353
0.2811706625951745,1.5811388300841895,8.546604601838776e-05,0.00019237185669973962,0.4442752047238698
0.2811706625951745,1.5811388300841895,8.139904837640581e-05,0.00017911897124278225,0.4544412454562144
0.2811706625951745,1.5811388300841895,9.194507018043117e-05,0.00027057207849214053,0.339817288956155
0.2811706625951745,1.5811388300841895,9.072075872558408e-05,0.00027897232254957803,0.32519626999721984
0.2811706625951745,1.5811388300841895,9.03720617952523e-05,0.0001535876523814675,0.5884070782643003
0.2811706625951745,1.5811388300841895,0.00011012679169455301,0.0005817335351423394,0.1893079649733568
0.2811706625951745,1.5811388300841895,8.084092461613922e-05,0.00014006304031071606,0.5771752807650155
0.2811706625951745,1.5811388300841895,8.86418749188202e-05,0.00021738359945511752,0.40776707691383035
0.2811706625951745,1.5811388300841895,9.83671351087426e-05,0.0003365106224903364,0.2923150965659856
0.2811706625951745,1.5811388300841895,8.912071131680804e-05,0.0008450211756430296,0.10546565445415082
0.2811706625951745,1.5811388300841895,0.00010485562522680206,0.00017686496088919104,0.5928569723456752
0.2811706625951745,1.5811388300841895,0.00010734480405145974,0.0005184454794449655,0.20705128756524283
0.2811706625951745,1.5811388300841895,9.192823878493642e-05,0.0001544273360015139,0.5952847544040728
0.2811706625951745,1.5811388300841895,8.473534981313307e-05,0.00017847450948764283,0.4747756419467843
0.2811706625951745,1.5811388300841895,9.484691057634668e-05,0.0001543912280523486,0.6143283642007656
0.2811706625951745,1.5811388300841895,8.810086316683567e-05,0.00014982707124165206,0.5880169880964979
0.2811706625951745,1.5811388300841895,9.95468331615964e-05,0.00025904300519706124,0.38428689894895385
0.2811706625951745,1.5811388300841895,9.256906813400042e-05,0.0004666085667581376,0.19838698799969265
0.2811706625951745,1.5811388300841895,0.00010173678716312632,0.00022521440933370314,0.4517330283799985
0.2811706625951745,1.5811388300841895,8.694049991443053e-05,0.00016188038026973694,0.5370663187815837
0.2811706625951745,1.5811388300841895,7.928695494227105e-05,0.0002551823002969642,0.31070710958401954
0.2811706625951745,1.5811388300841895,9.991635762992797e-05,0.00017724738977588556,0.5637113063061961
0.2811706625951745,1.5811388300841895,8.474612754303187e-05,0.0001852784566562844,0.4573987125780465
0.2811706625951745,1.5811388300841895,8.289863500376854e-05,0.00016518841625851586,0.5018429069144545
0.2811706625951745,1.5811388300841895,8.501911776615006e-05,0.0007952927838434822,0.1069029161251415
0.2811706625951745,1.5811388300841895,8.471741980801464e-05,0.0002995429618346776,0.2828222679282029
0.2811706625951745,1.5811388300841895,8.35606428124577e-05,0.0001929994597967466,0.43295791035092984
0.2811706625951745,1.5811388300841895,9.197696266479062e-05,0.00016350778136450415,0.5625234584998037
0.2811706625951745,1.5811388300841895,8.840239942113968e-05,0.0001970419954141499,0.4486475039766642
0.2811706625951745,1.5811388300841895,9.458352621347641e-05,0.00032511094145711055,0.29092692417414107
0.2811706625951745,1.5811388300841895,0.00010375439040825387,0.00018061302942581624,0.5744568414476944
0.2811706625951745,1.5811388300841895,8.972635870759777e-05,0.0004685696551997967,0.19148990488796958
0.2811706625951745,1.5811388300841895,0.00010834050836525909,0.0002390570060597145,0.45319946966204583
0.2811706625951745,1.5811388300841895,9.558432411464445e-05,0.00037300891692471034,0.25625211564027456
0.2811706625951745,1.5811388300841895,9.093240000873846e-05,0.0002756755079047157,0.32985302430337143
0.2811706625951745,1.5811388300841895,9.671564977238592e-05,0.00015735520405593686,0.6146326735911785
0.2811706625951745,1.5811388300841895,7.712626194838848e-05,0.0002238794268639342,0.3444991039541254
0.2811706625951745,1.5811388300841895,8.706596656715842e-05,0.0003372754312525437,0.2581450010865616
0.2811706625951745,1.5811388300841895,8.49966122083726e-05,0.0007648528931013199,0.11112805217187446
0.2811706625951745,1.5811388300841895,9.915586341319971e-05,0.0002301265909836581,0.4308752977627041
0.2811706625951745,1.5811388300841895,9.251381759099667e-05,0.0009786103584791042,0.0945359067471715
0.2811706625951745,1.5811388300841895,8.455466868010647e-05,0.00019371710886367384,0.43648529123780616
0.2811706625951745,1.5811388300841895,8.7219612438888e-05,0.0002413824548289409,0.36133368724208814
0.2811706625951745,1.5811388300841895,8.196704369554127e-05,0.00013758747166614673,0.5957449664779993
0.2811706625951745,1.5811388300841895,8.622897182154873e-05,0.00018549083689085126,0.4648691723370067
0.2811706625951745,1.5811388300841895,9.65346127688267e-05,0.00041684760918372297,0.23158250315471923
0.2811706625951745,1.5811388300841895,8.772416383778838e-05,0.00013393428180086118,0.6549791633498298
0.2811706625951745,1.5811388300841895,8.730670903260118e-05,0.00019987973837847344,0.4367961942559952
0.2811706625951745,1.5811388300841895,8.673309212723563e-05,0.0001779830741600799,0.48731090041307495
0.2811706625951745,1.5811388300841895,8.7603025462572e-05,0.00016346074603169582,0.5359269891352714
0.2811706625951745,1.5811388300841895,9.541222609646059e-05,0.00021269760634154972,0.4485815695699353
0.2811706625951745,1.5811388300841895,9.685874318171806e-05,0.00021099625699731576,0.459054319541556
0.2811706625951745,1.5811388300841895,9.259342096890173e-05,0.00021440308219021725,0.4318660908370401
0.2811706625951745,1.5811388300841895,9.733376360324083e-05,0.0002432323273083573,0.4001678752176973
0.2811706625951745,8.891397050194612,0.00045755467007157845,0.004090729318106885,0.11185161238762344
0.2811706625951745,8.891397050194612,0.0005380236758236005,0.002220907844661583,0.24225394003486145
0.2811706625951745,8.891397050194612,0.00042020802580904613,0.0012556571162202557,0.3346518889439696
0.2811706625951745,8.891397050194612,0.0004352473104123985,0.0007217472092052432,0.6030467521885869
0.2811706625951745,8.891397050194612,0.00046930268421101754,0.0017279855020476383,0.27158948015183026
0.2811706625951745,8.891397050194612,0.00045441144892733004,0.0006797875901610718,0.6684609361869343
0.2811706625951745,8.891397050194612,0.0003605911633645171,0.0009070226215030544,0.3975547630410482
0.2811706625951745,8.891397050194612,0.0004673909113421017,0.0009848924847804348,0.4745603388843998
0.2811706625951745,8.891397050194612,0.00039954761538668436,0.0008533933021842417,0.46818695947583705
0.2811706625951745,8.891397050194612,0.0004153175383212968,0.0008116181292954147,0.5117154525390456
0.2811706625951745,8.891397050194612,0.00042645915524366234,0.00069854776206142,0.6104939109463009
0.2811706625951745,8.891397050194612,0.0004578184590729957,0.0008026689744329357,0.5703701945081809
0.2811706625951745,8.891397050194612,0.0004441663371785023,0.0006888790157260549,0.6447668270318355
0.2811706625951745,8.891397050194612,0.0004512408460776409,0.0007101644764516665,0.635403291829329
0.2811706625951745,8.891397050194612,0.00038822420059283623,0.0007242853084512173,0.5360100447474204
0.2811706625951745,8.891397050194612,0.0004515486144833387,0.0009832049034845898,0.4592619634859419
0.2811706625951745,8.891397050194612,0.0004273784189957288,0.0006650249305695811,0.6426502215934783
0.2811706625951745,8.891397050194612,0.00047440264991318703,0.0024543826403630184,0.19328797478905732
0.2811706625951745,8.891397050194612,0.00047046234735382235,0.000919228056276096,0.5118015536424358
0.2811706625951745,8.891397050194612,0.0004120668382458375,0.0013254428068694816,0.31088994267439135
0.2811706625951745,8.891397050194612,0.00039383695780906963,0.0005851807184238381,0.6730176600313393
0.2811706625951745,8.891397050194612,0.000458944344446157,0.0011107757411283057,0.4131746197301444
0.2811706625951745,8.891397050194612,0.000556176179124987,0.0009773761327983837,0.5690502974863586
0.2811706625951745,8.891397050194612,0.00047586514962992316,0.0012266641686587512,0.387934335891004
0.2811706625951745,8.891397050194612,0.00045212159695288875,0.001996912310267613,0.2264103409189252
0.2811706625951745,8.891397050194612,0.0004448016722842208,0.0010738192724325318,0.4142239608687669
0.2811706625951745,8.891397050194612,0.0005190826216468875,0.0019273762346079248,0.2693208582352794
0.2811706625951745,8.891397050194612,0.0003995166359659385,0.0004742501441726629,0.8424175319185232
0.2811706625951745,8.891397050194612,0.000427644822818543,0.00201611956940121,0.2121128276858867
0.2811706625951745,8.891397050194612,0.00044165635578329607,0.0006466601223023411,0.6829806579240446
0.2811706625951745,8.891397050194612,0.0004350701138878568,0.0011064997977575102,0.39319493303983644
0.2811706625951745,8.891397050194612,0.00039863986570831445,0.0008407868203614648,0.474127158102852
0.2811706625951745,8.891397050194612,0.00048652944508255597,0.0009991112025242628,0.48696225590638487
0.2811706625951745,8.891397050194612,0.0004114594669405389,0.0012363152455297593,0.33281112437000576
0.2811706625951745,8.891397050194612,0.00038769565677149257,0.0005660910973216191,0.684864430134691
0.2811706625951745,8.891397050194612,0.0004518677638764963,0.0007605861298837022,0.5941046597123582
0.2811706625951745,8.891397050194612,0.00044271265421849107,0.0010313290076815233,0.42926423180293377
0.2811706625951745,8.891397050194612,0.0006107727832124171,0.010369979410027007,0.05889816739865894
0.2811706625951745,8.891397050194612,0.0005120260240754746,0.0009574868480917679,0.5347603730494278
0.2811706625951745,8.891397050194612,0.00041379799291680014,0.0013599780113671069,0.3042681495275303
0.2811706625951745,8.891397050194612,0.0004064275885415148,0.0009330522305835338,0.4355893220332732
0.2811706625951745,8.891397050194612,0.00045073166507354485,0.0007644393641670387,0.5896238291766656
0.2811706625951745,8.891397050194612,0.0003911288674661793,0.0005722195515975608,0.6835293662619524
0.2811706625951745,8.891397050194612,0.00044942478022985785,0.0007382084520680272,0.6088047068153083
0.2811706625951745,8.891397050194612,0.00040399441710243584,0.0006189356166635239,0.6527244615203038
0.2811706625951745,8.891397050194612,0.00044847388795788936,0.002140214508512,0.20954623294731992
0.2811706625951745,8.891397050194612,0.0004471767990958862,0.0006410102546363709,0.6976125512212881
0.2811706625951745,8.891397050194612,0.0004439770288210726,0.0011633020763197062,0.38165239954326013
0.2811706625951745,8.891397050194612,0.0004932124583220194,0.0016719524895197804,0.29499191000557695
0.2811706625951745,8.891397050194612,0.0004667892989141567,0.00208889073063342,0.22346276522209993
0.2811706625951745,8.891397050194612,0.0005053456918385836,0.0011329925043426139,0.44602739197449137
0.2811706625951745,8.891397050194612,0.0004958692796111819,0.004436554450495388,0.11176900568769371
0.2811706625951745,8.891397050194612,0.0003749658918474265,0.002027980641224297,0.1848961889601957
0.2811706625951745,8.891397050194612,0.00041103470917247986,0.0016869227062247178,0.24365947986577474
0.2811706625951745,8.891397050194612,0.0004496627620426275,0.0018247031057751985,0.2464306443165694
0.2811706625951745,8.891397050194612,0.00044651264434628595,0.0009662303343527446,0.46211822219946597
0.2811706625951745,8.891397050194612,0.0004937903898470519,0.0008387336209640525,0.5887332730020792
0.2811706625951745,8.891397050194612,0.0003649893471113203,0.004158483643142754,0.08776981670065712
0.2811706625951745,8.891397050194612,0.0004527307292341868,0.0018439277368045518,0.24552520155629845
0.2811706625951745,8.891397050194612,0.0004759989673701888,0.0013040148910373113,0.3650257145388451
0.2811706625951745,8.891397050194612,0.00044874947623673665,0.00261278350452364,0.17175149623372726
0.2811706625951745,8.891397050194612,0.0004268820045689577,0.0007344094907156424,0.5812588344317068
0.2811706625951745,8.891397050194612,0.0004417696272431579,0.002847271263595058,0.15515544054111835
0.2811706625951745,8.891397050194612,0.0004798851856124788,0.0008494374596037427,0.5649446939111235
0.2811706625951745,8.891397050194612,0.0005044621490863748,0.004506445923694258,0.11194235049709214
0.2811706625951745,8.891397050194612,0.00039936906363379073,0.002037870931018309,0.19597367897790707
0.2811706625951745,8.891397050194612,0.0004296218438235092,0.0016229820437277916,0.2647113968289632
0.2811706625951745,8.891397050194612,0.0004674511431296297,0.0009529906187797609,0.4905097006392034
0.2811706625951745,8.891397050194612,0.000425403347710792,0.00114245556338403,0.3723587694305752
0.2811706625951745,8.891397050194612,0.0004041927413764089,0.002320420862754821,0.17418941014715247
0.2811706625951745,8.891397050194612,0.00041168024964766326,0.004112722103878346,0.10009921391465858
0.2811706625951745,8.891397050194612,0.0005541662973636285,0.00333930361521277,0.1659526539722321
0.2811706625951745,8.891397050194612,0.00040540081769452395,0.0006488342511099987,0.6248141447541973
0.2811706625951745,8.891397050194612,0.00042931361230123376,0.0009787126454150682,0.4386513388913694
0.2811706625951745,8.891397050194612,0.0005047804119262924,0.0008942240608968762,0.5644898566249882
0.2811706625951745,8.891397050194612,0.0004968086529701007,0.0010921705092022279,0.454881951841927
0.2811706625951745,8.891397050194612,0.00037093902100607793,0.0011735494341217638,0.31608299592737094
0.2811706625951745,8.891397050194612,0.0004332028341113257,0.0023392012190123377,0.1851926335324985
0.2811706625951745,8.891397050194612,0.0003875087587403798,0.0008522356283259734,0.45469673627885543
0.2811706625951745,8.891397050194612,0.0004863420609582855,0.0008003639224225206,0.6076511538479121
0.2811706625951745,8.891397050194612,0.0004750624971382841,0.0008242080435096278,0.5763866306319719
0.2811706625951745,8.891397050194612,0.0005534908870353566,0.0011108181417070176,0.49827317924858117
0.2811706625951745,8.891397050194612,0.00041641229055751783,0.000985770934006335,0.4224229749452542
0.2811706625951745,8.891397050194612,0.0004315228063350891,0.0014034192013416557,0.3074796225693344
0.2811706625951745,8.891397050194612,0.0004015848556854422,0.0006034895124670819,0.6654380024662767
0.2811706625951745,8.891397050194612,0.00044656867196597093,0.0006959653233026721,0.6416536241300062
0.2811706625951745,8.891397050194612,0.0004733817552418086,0.0011017308025900864,0.42967098144930105
0.2811706625951745,8.891397050194612,0.0005311319177567111,0.0009343321782886084,0.5684615494347753
0.2811706625951745,8.891397050194612,0.0004762319033288288,0.0017204377143476277,0.2768085699106004
0.2811706625951745,8.891397050194612,0.0005164532045092598,0.001000080384302279,0.5164116931156201
0.2811706625951745,8.891397050194612,0.00039888968340240886,0.0010895241083662998,0.3661136824228046
0.2811706625951745,8.891397050194612,0.000465570148882412,0.0018064837157360587,0.2577217523894001
0.2811706625951745,8.891397050194612,0.00042826227868217223,0.0008934236993506884,0.4793495840701556
0.2811706625951745,8.891397050194612,0.0004545072295593156,0.0012620535392304042,0.3601330810707702
0.2811706625951745,8.891397050194612,0.0005067570515138516,0.002604853500121902,0.19454339811821908
0.2811706625951745,8.891397050194612,0.00045488532189185245,0.0018508586823940988,0.24576988303799352
0.2811706625951745,8.891397050194612,0.0005072041050929476,0.0019824660500176463,0.25584503961035443
0.2811706625951745,8.891397050194612,0.0004771283680108988,0.0006756777482497089,0.7061478186115542
0.2811706625951745,8.891397050194612,0.0004370486544263635,0.0007095212077806441,0.6159768723382285
0.2811706625951745,8.891397050194612,0.0005262505050154446,0.0013249433988234425,0.39718715945357225
0.2811706625951745,8.891397050194612,0.0004594634244239756,0.0008997325362717004,0.5106666769303397
0.2811706625951745,8.891397050194612,0.0004782127887122291,0.0008212517217237806,0.5822974565075809
0.2811706625951745,8.891397050194612,0.00045565728492223386,0.0007749160562183571,0.588008573658768
0.2811706625951745,8.891397050194612,0.0004837851394570919,0.0015240566471015546,0.31743251825786967
0.2811706625951745,8.891397050194612,0.00041412508292140867,0.0007292350767109588,0.5678896917427796
0.2811706625951745,8.891397050194612,0.000437368881166734,0.002419153271195141,0.18079420034046023
0.2811706625951745,8.891397050194612,0.0004092612850710959,0.0006886060569917869,0.594332972990357
0.2811706625951745,8.891397050194612,0.0004994617740911483,0.0016892039350872685,0.295678789112781
0.2811706625951745,8.891397050194612,0.00040396582948518236,0.0007590774809012909,0.532179967986316
0.2811706625951745,8.891397050194612,0.0004681103988195167,0.0011975248969070132,0.39089826026044205
0.2811706625951745,8.891397050194612,0.00040758657670265653,0.0007123301643305411,0.5721877257377029
0.2811706625951745,8.891397050194612,0.00044735872036837744,0.0010085931512828306,0.44354725173315074
0.2811706625951745,8.891397050194612,0.00042414875672628364,0.0009425331069237474,0.45000939872619033
0.2811706625951745,8.891397050194612,0.0004713120890629548,0.0009060021660718795,0.5202107751092974
0.2811706625951745,8.891397050194612,0.0005138008955422642,0.0009916699452630641,0.518116837155901
0.2811706625951745,8.891397050194612,0.0004607996454823139,0.001063048486583892,0.4334700169350641
0.2811706625951745,8.891397050194612,0.000438655400593662,0.0008551290533199169,0.5129698247190232
0.2811706625951745,8.891397050194612,0.0004195389431009074,0.0007504769401110581,0.5590297591806386
0.2811706625951745,8.891397050194612,0.0004059739833433774,0.0010294339207942663,0.39436623870927584
0.2811706625951745,8.891397050194612,0.0005103882029205005,0.0012709367475360947,0.40158426759629545
0.2811706625951745,8.891397050194612,0.0004520210782152922,0.0008921749501183069,0.5066507170542638
0.2811706625951745,8.891397050194612,0.000439926146978336,0.0018587567584980162,0.23667763141521647
0.2811706625951745,8.891397050194612,0.0005528750048436656,0.001347584885843592,0.4102710045590666
0.2811706625951745,8.891397050194612,0.0004562086511799506,0.0009441025629719746,0.4832193758100125
0.2811706625951745,8.891397050194612,0.00048560048731710007,0.0008452195480089293,0.5745258595367578
0.2811706625951745,8.891397050194612,0.00039017728822704495,0.0005237276902303927,0.7450003036031995
0.2811706625951745,8.891397050194612,0.0004352121826645012,0.0007012537664721453,0.620620099987425
0.2811706625951745,8.891397050194612,0.0004801560933500345,0.0018020947127046702,0.2664433173045568
0.2811706625951745,8.891397050194612,0.0004374278862193637,0.0009188961712519123,0.47603624860402677
0.2811706625951745,8.891397050194612,0.00045414759271266455,0.0013092811495764882,0.3468678922472589
0.2811706625951745,8.891397050194612,0.0004804920598598996,0.0010066229727196834,0.4773307115788458
0.2811706625951745,8.891397050194612,0.0004448421204139444,0.0009013596262829099,0.49352345883120546
0.2811706625951745,8.891397050194612,0.000449375473007775,0.0007979965735422069,0.5631295771271968
0.2811706625951745,8.891397050194612,0.00040858051164868666,0.0015897338084634978,0.2570119031711265
0.2811706625951745,8.891397050194612,0.0004333189895481705,0.0021249767451980896,0.20391705016413092
0.2811706625951745,8.891397050194612,0.00044278364406181607,0.0006067288225735615,0.7297883792361484
0.2811706625951745,8.891397050194612,0.0004153009164407946,0.0010044100392766577,0.4134774645819752
0.2811706625951745,8.891397050194612,0.0004672874051935682,0.0008604826881301442,0.5430526513078355
0.2811706625951745,8.891397050194612,0.00046600674704270486,0.0008212893556464984,0.5674087260949292
0.2811706625951745,8.891397050194612,0.0004483201617443701,0.0008734243690946081,0.5132901915813259
0.2811706625951745,8.891397050194612,0.0007224020640446385,0.004868775382678563,0.14837448994149494
0.2811706625951745,8.891397050194612,0.00044000117065549866,0.0053286314308724995,0.08257301642336591
0.2811706625951745,8.891397050194612,0.0005060963390232909,0.0009513046212015527,0.5320023972805493
0.2811706625951745,8.891397050194612,0.0005663470330097769,0.0013280203676200922,0.4264595986767217
0.2811706625951745,8.891397050194612,0.00046136245995841645,0.0019072628680111019,0.24189767844614218
0.2811706625951745,8.891397050194612,0.00048773406613654283,0.0024899104424169296,0.1958841803414843
0.2811706625951745,8.891397050194612,0.0004879773456054723,0.0008911488957937857,0.5475822816015603
0.2811706625951745,8.891397050194612,0.0004752867239053007,0.0016292401198279216,0.29172294379511104
0.2811706625951745,8.891397050194612,0.00041222193367428084,0.005334163366074269,0.07727958545402776
0.2811706625951745,8.891397050194612,0.0004973022981202427,0.0019761161145139647,0.25165641556572027
0.2811706625951745,8.891397050194612,0.0004389199989551622,0.0006370405481264966,0.6889985264611542
0.2811706625951745,8.891397050194612,0.00042816868976996997,0.002171411656730193,0.19718448523700252
0.2811706625951745,8.891397050194612,0.0004138929797609802,0.0008308692509629899,0.4981445387240797
0.2811706625951745,8.891397050194612,0.0005554349230814629,0.0012014698080553053,0.4622961970059721
0.2811706625951745,8.891397050194612,0.000458358275551668,0.0009234466676786443,0.4963559798248953
0.2811706625951745,8.891397050194612,0.0004236410146969879,0.0013413583152921136,0.3158298643004496
0.2811706625951745,8.891397050194612,0.00044007163442333217,0.0009961465689179683,0.4417739800091322
0.2811706625951745,8.891397050194612,0.0004357972828464287,0.0007504688341390768,0.580700041123449
0.2811706625951745,8.891397050194612,0.0005029624354205123,0.0006879453244322632,0.7311081528689642
0.2811706625951745,8.891397050194612,0.000437921308473448,0.0008729089864163766,0.5016803759476478
0.2811706625951745,8.891397050194612,0.00039076670357584756,0.0009697936229457927,0.4029380007561565
0.2811706625951745,8.891397050194612,0.0004447058252215395,0.0022119509431795556,0.20104687519981784
0.2811706625951745,8.891397050194612,0.0004458005873677307,0.0005632687304549293,0.791452752947382
0.2811706625951745,8.891397050194612,0.00047770678350106296,0.000689594166199771,0.6927361148276802
0.2811706625951745,8.891397050194612,0.0003981875377940715,0.0008353252756971666,0.47668560904222873
0.2811706625951745,8.891397050194612,0.0004348315117333607,0.0010587651111327707,0.4106968648297594
0.2811706625951745,8.891397050194612,0.0004228546669878855,0.0005794321364009555,0.7297742745412356
0.2811706625951745,8.891397050194612,0.000449095771258721,0.001197726892543247,0.37495674018399416
0.2811706625951745,8.891397050194612,0.00044637153683684645,0.0045420937711114304,0.09827439928163818
0.2811706625951745,8.891397050194612,0.0004678909067594074,0.00114687612507496,0.407969872708638
0.2811706625951745,8.891397050194612,0.00038445363677601846,0.000788304701007133,0.48769674503379595
0.2811706625951745,8.891397050194612,0.00040631131757568794,0.000567030253698907,0.716560209839243
0.2811706625951745,8.891397050194612,0.00041023363232644714,0.000633516592462308,0.6475499414024497
0.2811706625951745,8.891397050194612,0.00048499023073244777,0.0006870487974548468,0.7059036163502223
0.2811706625951745,8.891397050194612,0.0004887622025053665,0.0007901407931727412,0.6185760901456369
0.2811706625951745,8.891397050194612,0.00039134864801672407,0.0005556701386466427,0.7042823085110703
0.2811706625951745,8.891397050194612,0.0005120075157649178,0.0008143990498943745,0.6286936555627416
0.2811706625951745,8.891397050194612,0.0003882917993090725,0.0007437987205754004,0.5220388104576077
0.2811706625951745,8.891397050194612,0.0004252021606358631,0.0008968969247831087,0.47408141212959026
0.2811706625951745,8.891397050194612,0.00046165285579341693,0.0018416152021331657,0.25067823900382596
0.2811706625951745,8.891397050194612,0.00040223990394494703,0.001369027500780436,0.29381433442034127
0.2811706625951745,8.891397050194612,0.00042755725087402475,0.0044972303828265435,0.09507123595596224
0.2811706625951745,8.891397050194612,0.0004161227642704181,0.0010949788260383043,0.38002813787365547
0.2811706625951745,8.891397050194612,0.00039828082651947703,0.0006417251374947309,0.6206408370947558
0.2811706625951745,8.891397050194612,0.0003698260572463174,0.0008299032615919779,0.4456255016239983
0.2811706625951745,8.891397050194612,0.0004666910402375281,0.0005117985967388698,0.9118646342745708
0.2811706625951745,8.891397050194612,0.0004158358016681515,0.0006947143665182458,0.5985708972051754
0.2811706625951745,8.891397050194612,0.00045874598398919697,0.0006633707315375749,0.6915378719315904
0.2811706625951745,8.891397050194612,0.0004725812569868834,0.000852782864521944,0.5541636407666384
0.2811706625951745,8.891397050194612,0.0004892896938895198,0.0043331963899305185,0.1129165747083449
0.2811706625951745,8.891397050194612,0.0004170373724625009,0.0007186599627577664,0.5802986030586328
0.2811706625951745,8.891397050194612,0.0003829227784369796,0.0010968852202570142,0.34910013496877634
0.2811706625951745,8.891397050194612,0.0004209632068269211,0.00125912734374481,0.3343293344539094
0.2811706625951745,8.891397050194612,0.0004691321924636427,0.0014911841803497377,0.3146037884827975
0.2811706625951745,8.891397050194612,0.000491626373887244,0.0007572260989644093,0.6492464728297104
0.2811706625951745,8.891397050194612,0.0003969016080916351,0.0011185955135448035,0.3548213838564961
0.2811706625951745,8.891397050194612,0.00042803533331383444,0.004283843355534977,0.09991853057857208
0.2811706625951745,8.891397050194612,0.00045480475237576293,0.0009564992231083307,0.47548888842563425
0.2811706625951745,8.891397050194612,0.0004649572837062816,0.0009291125970158007,0.5004315786909672
0.2811706625951745,8.891397050194612,0.00038124395834831213,0.0007251485600573625,0.5257460048161083
0.2811706625951745,50.0,0.0027572421147587585,0.00709776980261709,0.388465981771078
0.2811706625951745,50.0,0.0020890399946185884,0.0029259857551705896,0.7139610953084746
0.2811706625951745,50.0,0.002373305577303761,0.0037601706109110433,0.6311696523601992
0.2811706625951745,50.0,0.0023179739487540966,0.004524951845501562,0.5122648876492439
0.2811706625951745,50.0,0.0023871415653756653,0.0038037696420006118,0.6275725898375213
0.2811706625951745,50.0,0.002252745059591813,0.004207017374136657,0.5354732009049784
0.2811706625951745,50.0,0.002479417066118638,0.0063740458967417,0.388986384203175
0.2811706625951745,50.0,0.0024334902134505697,0.004726138172624193,0.5149003530083784
0.2811706625951745,50.0,0.002365620023103271,0.005092042459745214,0.4645719358792695
0.2811706625951745,50.0,0.0027157317852056885,0.0041373275424041855,0.6563975796868108
0.2811706625951745,50.0,0.0022092572284619218,0.007166464819453893,0.30827713302446297
0.2811706625951745,50.0,0.0024032785663259016,0.02442839393400351,0.09838053917169798
0.2811706625951745,50.0,0.002467710289786749,0.01056429084407153,0.23358977201688638
0.2811706625951745,50.0,0.002418030455879779,0.005554912137590862,0.43529589595425483
0.2811706625951745,50.0,0.002131768464527202,0.00264559300624752,0.8057809570455732
0.2811706625951745,50.0,0.0023846691592930317,0.003949707349325719,0.6037584429388508
0.2811706625951745,50.0,0.0027664866872886772,0.006563154086587141,0.42151786333074776
0.2811706625951745,50.0,0.0024415585903861054,0.005881442190432762,0.4151292338395752
0.2811706625951745,50.0,0.002716093714198517,0.011227589914179742,0.2419124438066856
0.2811706625951745,50.0,0.002670015694759728,0.007965516168116185,0.33519682069657725
0.2811706625951745,50.0,0.002442213431298589,0.02842409203412187,0.08592054333228373
0.2811706625951745,50.0,0.002458100474689379,0.004353459841071764,0.564631480345579
0.2811706625951745,50.0,0.0024004518535880887,0.004361824212982794,0.5503320941828056
0.2811706625951745,50.0,0.00234523093702246,0.0043190965541484464,0.5429910879787789
0.2811706625951745,50.0,0.003279623038400265,0.01772309831044501,0.1850479516026516
0.2811706625951745,50.0,0.0020890302812561603,0.003158847405214027,0.6613267477903443
0.2811706625951745,50.0,0.0022916009388336905,0.0040351779631468436,0.5679057924490101
0.2811706625951745,50.0,0.002408740929318474,0.0052592111762662435,0.45800422317868406
0.2811706625951745,50.0,0.002491687137232038,0.006436973419255231,0.3870898596192014
0.2811706625951745,50.0,0.0027267330241187793,0.007723119565808918,0.35306109155558335
0.2811706625951745,50.0,0.002308040972684722,0.0039896591128450315,0.5785058089935045
0.2811706625951745,50.0,0.0028044085515111744,0.007869977967291903,0.3563426178785332
0.2811706625951745,50.0,0.0027383090404813877,0.005861220970031675,0.46719088983034696
0.2811706625951745,50.0,0.002360089592180132,0.009463354324408452,0.24939249987637546
0.2811706625951745,50.0,0.002774692570675312,0.006238978952651095,0.4447350426621134
0.2811706625951745,50.0,0.0025653534836268025,0.003922961823132689,0.6539328189480658
0.2811706625951745,50.0,0.002393527203447391,0.0043521560040229315,0.5499635585753189
0.2811706625951745,50.0,0.003009487988160946,0.01228559434254019,0.2449607161242717
0.2811706625951745,50.0,0.0021432521609506816,0.005180370852736654,0.41372562348860753
0.2811706625951745,50.0,0.0023780362963014123,0.004157213888700259,0.5720264484743407
0.2811706625951745,50.0,0.0027957664624374593,0.0235322970392286,0.11880550622733027
0.2811706625951745,50.0,0.002442745536333888,0.023327224151382314,0.10471651150954182
0.2811706625951745,50.0,0.002295045033118786,0.006431671250124577,0.35683494131860866
0.2811706625951745,50.0,0.0027043647136026226,0.006470987998089534,0.417921454096507
0.2811706625951745,50.0,0.002246633024701862,0.003433217101776403,0.6543812867352365
0.2811706625951745,50.0,0.0024278082187988736,0.013613621157076521,0.17833669607713964
0.2811706625951745,50.0,0.0025274678896749087,0.005579465929378375,0.45299459153727667
0.2811706625951745,50.0,0.002784944885190245,0.0051821913234980895,0.5374068056040717
0.2811706625951745,50.0,0.002562381663499949,0.005001312809207278,0.5123418112905626
0.2811706625951745,50.0,0.002418215153702005,0.003933937710124524,0.6147060100820609
0.2811706625951745,50.0,0.0025492574239328876,0.005306876136446317,0.48036874394433593
0.2811706625951745,50.0,0.002315401849728516,0.00731806324794627,0.31639544115422985
0.2811706625951745,50.0,0.0024114699329532267,0.006058756053313104,0.398014033199862
0.2811706625951745,50.0,0.002499311194144413,0.011085034839211125,0.22546714831274978
0.2811706625951745,50.0,0.002267829217805857,0.008226383798024779,0.27567753626452257
0.2811706625951745,50.0,0.0024381597091501926,0.00335735201374727,0.7262150942667667
0.2811706625951745,50.0,0.002357173318239741,0.0047976051987841575,0.4913229039432241
0.2811706625951745,50.0,0.0024484432841538196,0.005306591359735554,0.4613966137908599
0.2811706625951745,50.0,0.00282610238881526,0.00555464108438478,0.508782177980861
0.2811706625951745,50.0,0.0022661620709103878,0.00440458755491728,0.5145004027404212
0.2811706625951745,50.0,0.0025878895301615903,0.005478970552533999,0.4723313449758738
0.2811706625951745,50.0,0.002416039242313633,0.004111744977852705,0.5875946235302201
0.2811706625951745,50.0,0.0026986068291858633,0.0058278938778904095,0.46305009763882476
0.2811706625951745,50.0,0.002460423810032851,0.0039820487128939125,0.6178788828137574
0.2811706625951745,50.0,0.001980549778126788,0.0038605512875528815,0.5130225272521156
0.2811706625951745,50.0,0.002288856063633782,0.004652060784128039,0.4920090621865756
0.2811706625951745,50.0,0.0029019347953593982,0.014540565183719805,0.19957510307842227
0.2811706625951745,50.0,0.002405191729261325,0.003098460602875991,0.7762537716402869
0.2811706625951745,50.0,0.0023049631806273648,0.0034519409073225133,0.6677296171953309
0.2811706625951745,50.0,0.002570407591670268,0.004957715817502475,0.5184661013839938
0.2811706625951745,50.0,0.0026456329992039793,0.012210252682732294,0.2166730753201714
0.2811706625951745,50.0,0.002215710971894351,0.0035926397843689052,0.6167361897885262
0.2811706625951745,50.0,0.002462734224687366,0.00540429622552563,0.45569934028696535
0.2811706625951745,50.0,0.0025337942006530764,0.009397448631138443,0.2696257569588995
0.2811706625951745,50.0,0.002997348180762376,0.02593332416126218,0.11557901957048973
0.2811706625951745,50.0,0.002384260251553043,0.0055046584337399805,0.4331350037886232
0.2811706625951745,50.0,0.0026186733953067567,0.005035105459019298,0.5200831276762976
0.2811706625951745,50.0,0.0024148508943347066,0.007235896644269883,0.33373208781900315
0.2811706625951745,50.0,0.002502650621153442,0.005459109254591221,0.45843570891142404
0.2811706625951745,50.0,0.0026183853824656143,0.005056471052525084,0.5178286111532378
0.2811706625951745,50.0,0.0024933696391780677,0.003933499247979473,0.6338807972211615
0.2811706625951745,50.0,0.002326030523751558,0.004461768539470877,0.521324784818937
0.2811706625951745,50.0,0.0022094571424501885,0.005636989157876769,0.39195696152135295
0.2811706625951745,50.0,0.0026936172428818567,0.006763040191607243,0.39828496749502773
0.2811706625951745,50.0,0.002702044380009807,0.01208697104589179,0.22355016569086578
0.2811706625951745,50.0,0.003208197364937265,0.015954751797138803,0.20108099491165995
0.2811706625951745,50.0,0.0026627558674447486,0.014961832777214449,0.17796989894846912
0.2811706625951745,50.0,0.0025847293742454437,0.006142526951495375,0.4207925166068992
0.2811706625951745,50.0,0.002268255340340254,0.003940993947134509,0.5755541294321194
0.2811706625951745,50.0,0.0026451293205215012,0.0059926300263745584,0.4413970675446087
0.2811706625951745,50.0,0.0027774130802515136,0.011789315656243408,0.2355873030493204
0.2811706625951745,50.0,0.002464636303932019,0.0033843556456744452,0.7282438850899366
0.2811706625951745,50.0,0.002285199722568397,0.005759637895330897,0.39676100548281257
0.2811706625951745,50.0,0.0028940675092312368,0.008667938363764276,0.3338818745331287
0.2811706625951745,50.0,0.0023918146379048873,0.00607861871774647,0.3934799580243464
0.2811706625951745,50.0,0.002128917303571472,0.0039284005838309,0.5419297900356672
0.2811706625951745,50.0,0.0028954196367879984,0.008449942412712482,0.3426555466735484
0.2811706625951745,50.0,0.00234312822492106,0.004999409398448407,0.4686810057300493
0.2811706625951745,50.0,0.002377758061211611,0.007380326841290753,0.32217517087573355
0.2811706625951745,50.0,0.0024578341643975887,0.007176233675855369,0.3424963951030522
0.2811706625951745,50.0,0.0025451399698189305,0.004754569959302004,0.5353039268755592
0.2811706625951745,50.0,0.002485518175795609,0.006945328904821979,0.3578690382927685
0.2811706625951745,50.0,0.0024602372526169435,0.015679202221107014,0.1569108694385626
0.2811706625951745,50.0,0.0024235900797017285,0.004352693595940916,0.5568023630153605
0.2811706625951745,50.0,0.0024010344797682948,0.004612383284989129,0.5205626530610311
0.2811706625951745,50.0,0.0026579852171546756,0.003813239532763484,0.6970412412640685
0.2811706625951745,50.0,0.0023123696575768106,0.0077619006640900256,0.29791281255052027
0.2811706625951745,50.0,0.0020984168120622045,0.0030862048640756174,0.6799343868867642
0.2811706625951745,50.0,0.002355049705486924,0.013476592710600407,0.17475112263610157
0.2811706625951745,50.0,0.0027426624662841032,0.007729280837147135,0.3548405762542347
0.2811706625951745,50.0,0.002932825093254858,0.006494367762676218,0.45159516683211215
0.2811706625951745,50.0,0.002490456442915086,0.0032287668743806795,0.7713336204840706
0.2811706625951745,50.0,0.0022868656200936625,0.0050003474196573154,0.4573413461439818
0.2811706625951745,50.0,0.002663793445870909,0.009837782146362379,0.2707717457288759
0.2811706625951745,50.0,0.0025175831238609366,0.0038425092581856196,0.6551924679160578
0.2811706625951745,50.0,0.002774880526636228,0.006737410396526739,0.4118615852860516
0.2811706625951745,50.0,0.0023443070433162346,0.004300304240715962,0.5451491131999369
0.2811706625951745,50.0,0.0022858604540604657,0.0034182275310257935,0.6687268279576726
0.2811706625951745,50.0,0.003313447102381224,0.012834580685431828,0.2581655905706545
0.2811706625951745,50.0,0.002329071609863901,0.01130519276331974,0.2060178591045957
0.2811706625951745,50.0,0.0025302015083592043,0.00541798459326559,0.46700049895014045
0.2811706625951745,50.0,0.0025308169988053023,0.0058647210253025845,0.43153237603057637
0.2811706625951745,50.0,0.002998339443234378,0.0065637784875524985,0.45680082728574817
0.2811706625951745,50.0,0.002395307677100032,0.0038380494888799045,0.6240950472473137
0.2811706625951745,50.0,0.0027337507164683313,0.012784579398695204,0.2138318853686605
0.2811706625951745,50.0,0.002489781964895484,0.013267317856572144,0.18766279603847263
0.2811706625951745,50.0,0.0023445330942624613,0.005666749564301602,0.4137350817534166
0.2811706625951745,50.0,0.0026174289246421057,0.024066862620219506,0.10875654903365352
0.2811706625951745,50.0,0.002373060897488738,0.006181194091975826,0.38391625666137047
0.2811706625951745,50.0,0.00214385086458629,0.003459080118656419,0.6197748508406933
0.2811706625951745,50.0,0.0030611814742560243,0.004005946864010087,0.764159280732865
0.2811706625951745,50.0,0.0021101366540136686,0.012778032079546975,0.1651378428914134
0.2811706625951745,50.0,0.0024198135445575386,0.007026291736464236,0.3443941178814808
0.2811706625951745,50.0,0.002531274117536179,0.00590218794631889,0.4288704698254989
0.2811706625951745,50.0,0.0027388793586599195,0.005073591568127279,0.5398304774601459
0.2811706625951745,50.0,0.0025358343940127385,0.003480633085644183,0.7285555045924685
0.2811706625951745,50.0,0.0024274728334234283,0.0032932378757375464,0.7371082578964256
0.2811706625951745,50.0,0.0024509335783777916,0.005151399106671447,0.47578017692390584
0.2811706625951745,50.0,0.002337603723893644,0.00357333252273272,0.6541802950109866
0.2811706625951745,50.0,0.0021455282422360913,0.003544078377044139,0.6053839712273864
0.2811706625951745,50.0,0.0022600917519736592,0.005288036542187622,0.4273971508976516
0.2811706625951745,50.0,0.002791606961259053,0.00861354025294677,0.3240951895829382
0.2811706625951745,50.0,0.0023147488343776327,0.007968071205972828,0.29050303072624506
0.2811706625951745,50.0,0.002452847919876342,0.005532098848341337,0.4433846876419729
0.2811706625951745,50.0,0.0022156622000569187,0.0036242229330342634,0.6113482092565226
0.2811706625951745,50.0,0.0023088575688676766,0.003161864193520735,0.7302203470974394
0.2811706625951745,50.0,0.002178211441599005,0.0035562273112618096,0.6125062463530034
0.2811706625951745,50.0,0.00238903927101378,0.027738447913094592,0.08612735934248063
0.2811706625951745,50.0,0.0022210569327456345,0.004984108852660022,0.44562769361673454
0.2811706625951745,50.0,0.0025297526463110118,0.0041540668384688305,0.6089821720931834
0.2811706625951745,50.0,0.002751737308758338,0.00798470203448976,0.34462617350932623
0.2811706625951745,50.0,0.002278047764620812,0.0038216322423481053,0.5960928786860776
0.2811706625951745,50.0,0.002704883360297684,0.005733603678575011,0.4717597364472768
0.2811706625951745,50.0,0.002693843015620189,0.008889222261206586,0.30304597370417624
0.2811706625951745,50.0,0.0024013314188129882,0.016178602274856343,0.1484263830717299
0.2811706625951745,50.0,0.0022169240637759523,0.0068859592394616,0.32194847321653464
0.2811706625951745,50.0,0.002378581375462818,0.006927159822856903,0.3433703619215533
0.2811706625951745,50.0,0.0021826467811245477,0.006655011463008005,0.32797040144210526
0.2811706625951745,50.0,0.0025430207122320476,0.00891587245944685,0.2852239894411656
0.2811706625951745,50.0,0.0024860667976129925,0.005539268816486731,0.44880775423168123
0.2811706625951745,50.0,0.0028752722409582277,0.007857206208392727,0.36594078921932666
0.2811706625951745,50.0,0.002414401740168584,0.006379666987366753,0.3784526284756978
0.2811706625951745,50.0,0.0023992188316288503,0.027550506205543588,0.08708438290495331
0.2811706625951745,50.0,0.0025156745933807545,0.007356402014505641,0.34197078795044766
0.2811706625951745,50.0,0.003092976004673881,0.010064537892095927,0.30731425901858
0.2811706625951745,50.0,0.002426972753689168,0.006381757565215518,0.38029848813399836
0.2811706625951745,50.0,0.0024351455376696034,0.02141842460615237,0.11369396127155477
0.2811706625951745,50.0,0.0023345970613542896,0.004175479507342537,0.5591207087111613
0.2811706625951745,50.0,0.0025866995358879955,0.005605086473476904,0.46149145925369356
0.2811706625951745,50.0,0.002582002338262125,0.004932105257497278,0.5235091717349769
0.2811706625951745,50.0,0.002484620302825038,0.006914104739774505,0.35935531733152065
0.2811706625951745,50.0,0.0021921087255231527,0.004826818807965856,0.454151857100052
0.2811706625951745,50.0,0.002644561587122516,0.005367768356150119,0.4926743129838139
0.2811706625951745,50.0,0.002565372593105906,0.0042889658878431545,0.5981331305005988
0.2811706625951745,50.0,0.002432223968832161,0.01048992358614937,0.23186288716569947
0.2811706625951745,50.0,0.0023791979171998785,0.004187237388683774,0.5682023005501871
0.2811706625951745,50.0,0.002928363816937694,0.004890079131516562,0.5988377157466406
0.2811706625951745,50.0,0.002699702327830229,0.004777253574274125,0.565115978429182
0.2811706625951745,50.0,0.002490354168198953,0.009735112749823905,0.2558115383146436
0.2811706625951745,50.0,0.0021645775505320358,0.004391878415747019,0.4928591699558378
0.2811706625951745,50.0,0.002241757585169279,0.010954539377415938,0.20464188478713435
0.2811706625951745,50.0,0.002330585060424697,0.024556596539188538,0.09490668043942665
0.2811706625951745,50.0,0.0025045556442129485,0.0031513766582177377,0.7947496969877923
0.2811706625951745,50.0,0.0022519054277955136,0.009180918682673404,0.24528105581039505
0.2811706625951745,50.0,0.0024735833843682045,0.0038156225810244845,0.6482777926385094
0.2811706625951745,50.0,0.002318098792868271,0.010351667480966014,0.22393481988584382
0.2811706625951745,50.0,0.0026088530099171144,0.005832769627749449,0.4472751671016587
0.2811706625951745,50.0,0.002612292737476288,0.009599540014938651,0.2721268658093075
0.2811706625951745,50.0,0.002666641828739997,0.00503550456648009,0.5295679496531623
0.2811706625951745,50.0,0.0022231272367170297,0.006085379382954873,0.3653227016451927
0.2811706625951745,50.0,0.0026925474336731998,0.007438025099103567,0.36199762676220415
0.2811706625951745,50.0,0.0023819642609097602,0.004301010535637903,0.5538150258347321
0.2811706625951745,50.0,0.002674013737056387,0.011428394260155085,0.23397982920306604
0.2811706625951745,50.0,0.0022267718320215717,0.003527678836074515,0.6312286167465999
0.2811706625951745,50.0,0.0028417566929440064,0.0104576704808925,0.27173897840214595
0.2811706625951745,50.0,0.0025042059898168186,0.014365849258332203,0.17431659937294533
0.2811706625951745,50.0,0.0028283500970815592,0.0049130597676101525,0.5756799694821028
0.2811706625951745,50.0,0.0022816084912051266,0.0045437327926293155,0.5021440730199347
0.2811706625951745,50.0,0.002293888945899388,0.010900237512959335,0.21044394153541832
0.2811706625951745,50.0,0.0025143875810617585,0.005040368686220945,0.49884993292959684
1.5811388300841895,0.05,7.494839679925356e-05,0.0001760764536341562,0.425658259536383
1.5811388300841895,0.05,8.663337607169136e-05,0.00035973870217408257,0.24082306281787902
1.5811388300841895,0.05,8.021158079250031e-05,0.0003596998102421862,0.22299589409984336
1.5811388300841895,0.05,8.097392156444788e-05,0.0001505896728400602,0.5377123147777171
1.5811388300841895,0.05,7.193864029036432e-05,0.00013001774233903037,0.5532986421405417
1.5811388300841895,0.05,7.295045494778512e-05,9.42604926822826e-05,0.773923972513853
1.5811388300841895,0.05,7.492813310508077e-05,0.0001668553759513246,0.44906034748882745
1.5811388300841895,0.05,7.2497341543778e-05,0.0002527509346582547,0.2868331293880352
1.5811388300841895,0.05,8.105854590740088e-05,0.000197586473376713,0.4102433963323838
1.5811388300841895,0.05,7.553208652701744e-05,0.0001259378003114824,0.5997570732552392
1.5811388300841895,0.05,7.837477593159214e-05,0.0001371838933277585,0.5713117920070969
1.5811388300841895,0.05,0.00010039399066752604,0.0003374202800722845,0.2975339557124988
1.5811388300841895,0.05,8.443754683791641e-05,0.00014625768977361855,0.5773203923062852
1.5811388300841895,0.05,7.958568148011297e-05,0.00020897040773670063,0.3808466583478636
1.5811388300841895,0.05,9.290750238783249e-05,0.0001361993118961505,0.6821436987778087
1.5811388300841895,0.05,7.962577490416202e-05,0.00031405394972113985,0.253541708279309
1.5811388300841895,0.05,6.847743118455731e-05,0.00013153111675758293,0.5206177281286521
1.5811388300841895,0.05,9.2419725938165e-05,0.0002857100502353687,0.3234738360167218
1.5811388300841895,0.05,8.90261573581186e-05,0.00015544016796588004,0.5727358540789812
1.5811388300841895,0.05,7.910839934648687e-05,0.0001395228428663814,0.5669924560112899
1.5811388300841895,0.05,8.66112297717554e-05,0.00014769848648708175,0.5864056689526791
1.5811388300841895,0.05,7.48647893750733e-05,0.0004812149648202705,0.15557452458494228
1.5811388300841895,0.05,7.073131278754792e-05,9.293163695616845e-05,0.7611112329906402
1.5811388300841895,0.05,8.369446186457962e-05,0.00021609331849566722,0.3873070321989513
1.5811388300841895,0.05,7.449697193530282e-05,0.0004932617050875453,0.15102930385013552
1.5811388300841895,0.05,7.514141361069885e-05,0.00013125854393264294,0.5724687426767332
1.5811388300841895,0.05,7.119396015729001e-05,0.00021036357194745829,0.3384329306552746
1.5811388300841895,0.05,9.763355753528823e-05,0.00036304909893551343,0.2689265937349989
1.5811388300841895,0.05,9.49555782466709e-05,0.000189454007454834,0.501206490811805
1.5811388300841895,0.05,9.32409035398876e-05,0.00022920728703846222,0.40679729141526494
1.5811388300841895,0.05,7.843570492515731e-05,0.0001759533402393438,0.4457755949302451
1.5811388300841895,0.05,8.131428712605426e-05,0.00027625379384782153,0.294346318265759
1.5811388300841895,0.05,8.672993646564483e-05,0.0003808667133800351,0.2277172916896633
1.5811388300841895,0.05,7.956753209721074e-05,0.00046168963507773784,0.17233987088277045
1.5811388300841895,0.05,7.746664816435133e-05,0.00014758427147601894,0.5248977237858231
1.5811388300841895,0.05,7.915223787407618e-05,0.00018866030942744967,0.41954896668138136
1.5811388300841895,0.05,7.959092240026598e-05,0.0002122002299084175,0.37507462849882983
1.5811388300841895,0.05,8.538833605617786e-05,0.00021466168654975487,0.3977809800557321
1.5811388300841895,0.05,8.660077825551391e-05,0.0003637566411753334,0.2380733942772792
1.5811388300841895,0.05,7.157396079795163e-05,0.00015627786301457898,0.4579916785224698
1.5811388300841895,0.05,7.42284640884729e-05,0.0001508805371220881,0.4919684506982462
1.5811388300841895,0.05,7.830116417275885e-05,0.0006243742399614353,0.1254074226021803
1.5811388300841895,0.05,8.691779564955906e-05,0.0002878761534667676,0.3019277373372048
1.5811388300841895,0.05,8.536727649062468e-05,0.00015332613102113656,0.5567692598912347
1.5811388300841895,0.05,8.055209972628411e-05,0.00022876010955250037,0.35212476460104786
1.5811388300841895,0.05,7.864874357246587e-05,0.0001064585385160252,0.7387734668236768
1.5811388300841895,0.05,7.800430783427858e-05,0.0003182335634106642,0.24511653327282137
1.5811388300841895,0.05,9.715532310835165e-05,0.00015517097976979713,0.6261178685117912
1.5811388300841895,0.05,8.683163779465813e-05,0.00020476126570706104,0.4240628103895522
1.5811388300841895,0.05,9.278045060532724e-05,0.00018749177337012605,0.49485078165093715
1.5811388300841895,0.05,7.503166678077445e-05,9.52176711415415e-05,0.788001490492658
1.5811388300841895,0.05,9.433868898712879e-05,0.000849176082624516,0.11109437832441042
1.5811388300841895,0.05,6.876371845479772e-05,0.00013731101962194918,0.5007880550601187
1.5811388300841895,0.05,8.247891224023574e-05,0.0002873999801842008,0.2869830129681054
1.5811388300841895,0.05,7.322644353095545e-05,0.0001529212713359626,0.4788506065325572
1.5811388300841895,0.05,8.244240070455875e-05,0.00010276420077071412,0.8022482546086545
1.5811388300841895,0.05,8.337388231005343e-05,0.00019079658500698659,0.43697785422627167
1.5811388300841895,0.05,9.354042530823634e-05,0.00045294739956936223,0.20651498473590862
1.5811388300841895,0.05,8.086775721970949e-05,0.0001586570775898499,0.5097015427749377
1.5811388300841895,0.05,7.048223199310324e-05,0.0007353555699257325,0.09584782501915587
1.5811388300841895,0.05,8.657409045366e-05,0.0002804221626642772,0.30872770408417016
1.5811388300841895,0.05,8.47320258386834e-05,0.0001772877247840669,0.47793509641959364
1.5811388300841895,0.05,8.307061265585037e-05,0.00032114249733272135,0.25867212637941417
1.5811388300841895,0.05,7.159061762654367e-05,0.00014037641147807375,0.5099903671331978
1.5811388300841895,0.05,7.604335934783846e-05,0.00015864361321136412,0.4793345146931591
1.5811388300841895,0.05,7.338698489400991e-05,0.00016480298146493732,0.44530131822659635
1.5811388300841895,0.05,7.999539287417386e-05,0.00010920589686571174,0.7325189863377302
1.5811388300841895,0.05,7.941349636099403e-05,0.00020486770128552912,0.3876330717955072
1.5811388300841895,0.05,8.026234265875833e-05,9.401376371401915e-05,0.8537297039070649
1.5811388300841895,0.05,6.638216862331808e-05,0.00013026922866530506,0.5095767381402928
1.5811388300841895,0.05,7.235255981899132e-05,0.00023288329984281778,0.3106816155036662
1.5811388300841895,0.05,9.612142921192339e-05,0.00019970459758127953,0.48131805865311683
1.5811388300841895,0.05,8.10019740100792e-05,0.0001800985243709964,0.44976478454214364
1.5811388300841895,0.05,7.186096259977714e-05,0.00015243069346469322,0.4714336789159983
1.5811388300841895,0.05,9.341610587229582e-05,0.00038977449976946237,0.23966705345667327
1.5811388300841895,0.05,8.355631662662806e-05,0.00012107469121016721,0.6901220708594419
1.5811388300841895,0.05,7.442778434352165e-05,0.00030566245289811414,0.24349665337643062
1.5811388300841895,0.05,7.350220755959751e-05,9.861228243423278e-05,0.745365645589008
1.5811388300841895,0.05,6.940474250474079e-05,0.00012823955634482423,0.5412116548354073
1.5811388300841895,0.05,6.901786910538076e-05,0.00012559984974789857,0.5495059846322428
1.5811388300841895,0.05,7.348063667320356e-05,0.00011759209405737115,0.6248773547425188
1.5811388300841895,0.05,8.780664508448119e-05,0.00012544161429947398,0.6999801905837669
1.5811388300841895,0.05,7.700869184581284e-05,0.0008238434971553159,0.09347490404636245
1.5811388300841895,0.05,8.636104290517176e-05,0.0003712570410466138,0.23261792601080541
1.5811388300841895,0.05,7.263331295676438e-05,0.00011905804458673999,0.6100664025591922
1.5811388300841895,0.05,6.94412893818747e-05,8.797982819048592e-05,0.7892864854376249
1.5811388300841895,0.05,0.00010252605320134083,0.00041341680996568177,0.247996817569783
1.5811388300841895,0.05,6.908708493066193e-05,0.00018796537724762873,0.3675521840367732
1.5811388300841895,0.05,6.74815989839491e-05,0.00013867313460762097,0.4866234485496411
1.5811388300841895,0.05,7.7504696357536e-05,0.0002410555012746195,0.32152220525031594
1.5811388300841895,0.05,8.271564634813339e-05,0.00041021731739204206,0.2016386018854552
1.5811388300841895,0.05,7.160850760516733e-05,0.00017743017448689053,0.40358697618514794
1.5811388300841895,0.05,0.00010773147923378455,0.0002928677952307306,0.3678502074593427
1.5811388300841895,0.05,7.654273362923631e-05,0.0001418901451197117,0.5394506684354841
1.5811388300841895,0.05,8.662522456943021e-05,0.00020832418494352503,0.41581933750473377
1.5811388300841895,0.05,7.410690959666238e-05,0.00027124136623880683,0.273213892940714
1.5811388300841895,0.05,8.167843430869102e-05,0.00028665347986606317,0.2849378781197936
1.5811388300841895,0.05,7.087738667540957e-05,9.292957572331409e-05,0.7626999921579101
1.5811388300841895,0.05,7.321183416602712e-05,0.00015901490047436924,0.4604086406218752
1.5811388300841895,0.05,7.671348473996068e-05,0.0007897691897081466,0.09713405605036274
1.5811388300841895,0.05,8.399806207967039e-05,0.00019268010346877075,0.4359456973889608
1.5811388300841895,0.05,7.177618867078184e-05,0.00011010691674533736,0.6518772007465308
1.5811388300841895,0.05,7.374875323817742e-05,0.0001731912182983792,0.42582270603998396
1.5811388300841895,0.05,8.728919532619242e-05,0.00011382297368874288,0.7668855635848261
1.5811388300841895,0.05,8.280447442481004e-05,0.0001850669941063127,0.44742972578482887
1.5811388300841895,0.05,8.462304393390837e-05,0.0001091902595330304,0.7750054290173166
1.5811388300841895,0.05,8.240173224102325e-05,0.00013511652928091043,0.6098567856913207
1.5811388300841895,0.05,7.83468046511312e-05,0.000277185496501963,0.2826511691262907
1.5811388300841895,0.05,8.218632129907871e-05,0.00015799731972519532,0.5201754146337757
1.5811388300841895,0.05,0.00010462809335046325,0.0005735386096642443,0.18242554483248072
1.5811388300841895,0.05,7.114244984705174e-05,0.00019102990616409816,0.37241524783003915
1.5811388300841895,0.05,8.795375653794198e-05,0.00017948155255467348,0.4900434350273943
1.5811388300841895,0.05,7.085914088052168e-05,0.00011258917410604757,0.6293601622282047
1.5811388300841895,0.05,7.669298445360767e-05,0.00010978971259213474,0.698544359420264
1.5811388300841895,0.05,7.96111815635293e-05,0.00047582338981384386,0.1673124593447908
1.5811388300841895,0.05,8.100044672611811e-05,0.00020587784203505391,0.39343936154298004
1.5811388300841895,0.05,7.96178545021559e-05,0.00023322845488792608,0.3413728163676036
1.5811388300841895,0.05,7.567362161999795e-05,0.00022273795147747106,0.3397428283686626
1.5811388300841895,0.05,7.869653373245588e-05,0.00013580752506443745,0.5794710837644397
1.5811388300841895,0.05,9.863766672406686e-05,0.00018335162731592642,0.5379699551513003
1.5811388300841895,0.05,8.09395529581872e-05,0.00023550641754509213,0.3436830036391251
1.5811388300841895,0.05,8.41829022430955e-05,0.00014088175371492552,0.597542975035928
1.5811388300841895,0.05,8.986736433127972e-05,0.00021519042025896698,0.4176178671110474
1.5811388300841895,0.05,8.416786760014472e-05,0.00022002690402634747,0.3825344358345646
1.5811388300841895,0.05,8.271254521249843e-05,0.0007518805703915716,0.11000755767557951
1.5811388300841895,0.05,9.551473792718273e-05,0.0008124973598168702,0.11755698252202433
1.5811388300841895,0.05,8.734826193350381e-05,0.0002538401675998128,0.34410732847927816
1.5811388300841895,0.05,6.789666246899823e-05,0.00014579132971689264,0.4657112504621812
1.5811388300841895,0.05,7.568699735135226e-05,0.00031751991332645585,0.23836929330959852
1.5811388300841895,0.05,8.806531392963931e-05,0.0002008547600133961,0.4384527104250144
1.5811388300841895,0.05,8.899977900653957e-05,0.00021183819699251315,0.4201309313904566
1.5811388300841895,0.05,8.247985758606199e-05,0.00012363831742880654,0.6671059530841283
1.5811388300841895,0.05,8.738315771360326e-05,0.00022768870247159728,0.383783458577633
1.5811388300841895,0.05,7.81405754635463e-05,0.000184211431476914,0.42418961101954816
1.5811388300841895,0.05,8.978985058591461e-05,0.000293271647882472,0.30616614744122045
1.5811388300841895,0.05,8.743796688555865e-05,0.0002245126102907603,0.38945681836009155
1.5811388300841895,0.05,8.02275601844794e-05,0.0002903947521895712,0.27627069559475526
1.5811388300841895,0.05,7.693780930465197e-05,0.00010824445982199746,0.710778264598228
1.5811388300841895,0.05,8.123122210129865e-05,0.00019419190434138024,0.4183038545134095
1.5811388300841895,0.05,7.667811873125588e-05,0.0007749590002274051,0.09894474250735244
1.5811388300841895,0.05,8.897826622873693e-05,0.0001804723526696714,0.4930299013256552
1.5811388300841895,0.05,8.268250828257695e-05,0.00022734395593752434,0.36368905406615987
1.5811388300841895,0.05,7.441257640562143e-05,9.581069556152215e-05,0.7766625215432182
1.5811388300841895,0.05,7.38896165134187e-05,0.0001117700487521931,0.6610860184667215
1.5811388300841895,0.05,7.931006361013516e-05,0.00019946815613552883,0.3976076439802645
1.5811388300841895,0.05,7.609283458428936e-05,0.00029825164709849916,0.2551296374204408
1.5811388300841895,0.05,7.807016876912319e-05,0.00024808711448711675,0.31468852757839383
1.5811388300841895,0.05,6.564705230060302e-05,8.505796692258388e-05,0.7717919282076441
1.5811388300841895,0.05,6.648053821116078e-05,0.000135888141260483,0.48922987388373146
1.5811388300841895,0.05,7.879013765624079e-05,0.00015046695126859995,0.5236374964200065
1.5811388300841895,0.05,7.217699274146364e-05,0.00024957825786138093,0.28919583524600007
1.5811388300841895,0.05,7.810527674826376e-05,0.0001240917998284697,0.6294152946143706
1.5811388300841895,0.05,8.776624300289011e-05,0.00017749346488769995,0.4944759124422963
1.5811388300841895,0.05,9.325867975316135e-05,0.0008174679896533146,0.1140823627757119
1.5811388300841895,0.05,7.112085855216114e-05,0.00015530648777050478,0.4579387479115225
1.5811388300841895,0.05,8.873966073301368e-05,0.00030834469813974176,0.28779369734062
1.5811388300841895,0.05,7.676251967812622e-05,0.0002232454827258992,0.3438480310590439
1.5811388300841895,0.05,7.681506487684664e-05,0.00014144554681669587,0.5430716385606251
1.5811388300841895,0.05,8.56809877743374e-05,0.0001963372251853672,0.43639705966835224
1.5811388300841895,0.05,7.659052620721449e-05,0.00011253170642783651,0.680612856931392
1.5811388300841895,0.05,7.464829725566745e-05,0.00025805645594813217,0.2892711867308265
1.5811388300841895,0.05,8.304429287628259e-05,0.0004675142303320446,0.17762944417178853
1.5811388300841895,0.05,8.468004689740199e-05,0.00012155280763395612,0.6966523319840321
1.5811388300841895,0.05,8.276390591957946e-05,0.00011298265780771426,0.7325363690809589
1.5811388300841895,0.05,8.469714772791789e-05,0.0002502530674622748,0.3384459922381804
1.5811388300841895,0.05,8.2177480133241e-05,0.00016251279427416772,0.5056677568081391
1.5811388300841895,0.05,7.290910173730706e-05,9.764285647941376e-05,0.7466916102836323
1.5811388300841895,0.05,7.615761708286623e-05,0.00013070476721996756,0.5826690081984383
1.5811388300841895,0.05,8.492115864730587e-05,0.00045443701778330535,0.1868711291644816
1.5811388300841895,0.05,8.476737267786135e-05,0.00041576568094587446,0.20388256309422662
1.5811388300841895,0.05,8.617352142410187e-05,0.00014666014317356394,0.5875728712614198
1.5811388300841895,0.05,7.060496387579452e-05,0.0007360124558145345,0.09592903396948223
1.5811388300841895,0.05,8.571765380657467e-05,0.00024163452396296968,0.3547409219541444
1.5811388300841895,0.05,8.08545465194961e-05,0.00010919792394078146,0.7404403270829938
1.5811388300841895,0.05,6.883199897436756e-05,8.751872936521658e-05,0.786483070236668
1.5811388300841895,0.05,7.148878898185449e-05,0.00016676634461686501,0.4286763564080954
1.5811388300841895,0.05,7.919141316914515e-05,0.00023330473465414415,0.3394333736370167
1.5811388300841895,0.05,7.931480983218531e-05,0.00016351246171612826,0.48506889933491837
1.5811388300841895,0.05,7.070645347312584e-05,0.00025156582916237497,0.2810654122165688
1.5811388300841895,0.05,8.524165442740435e-05,0.0002510730540733452,0.3395093700596918
1.5811388300841895,0.05,7.427867204642931e-05,0.00019009428606428817,0.3907464742065363
1.5811388300841895,0.05,9.561779478630769e-05,0.00013634889114002354,0.7012729915648009
1.5811388300841895,0.05,7.25641401666964e-05,0.00011592355106078208,0.625965470369769
1.5811388300841895,0.05,8.0694620830066e-05,0.00013231726515709077,0.6098570790007115
1.5811388300841895,0.05,8.161875511109356e-05,0.0004382836413153451,0.18622359453377102
1.5811388300841895,0.05,8.32504347149737e-05,0.000276182461264028,0.3014327352068422
1.5811388300841895,0.05,9.035028614837348e-05,0.00027148587370376046,0.3327992168276194
1.5811388300841895,0.05,6.843283597693133e-05,0.00011878593797364211,0.5761021644844541
1.5811388300841895,0.05,8.017124484871546e-05,0.00023978123698345638,0.3343516192396941
1.5811388300841895,0.05,7.184546550641167e-05,0.0007393935467878372,0.09716809920580376
1.5811388300841895,0.05,7.865569320994592e-05,0.00015538594133451876,0.506195686266198
1.5811388300841895,0.05,8.954698329312681e-05,0.00020020368357019416,0.4472793991411772
1.5811388300841895,0.05,8.937049510499635e-05,0.00018382624648788324,0.4861683073689215
1.5811388300841895,0.05,7.611314335526555e-05,0.0002631380679008247,0.28925173754772787
1.5811388300841895,0.05,9.660344477286324e-05,0.0002969538917112885,0.32531462785739584
1.5811388300841895,0.05,8.028695733321029e-05,0.0001302090524410321,0.6166004269908186
1.5811388300841895,0.05,7.3025862970616e-05,0.00012727566641846665,0.573761387589329
1.5811388300841895,0.05,7.635562075874474e-05,0.00010860600920200348,0.7030515283618044
1.5811388300841895,0.05,7.298301784875487e-05,0.0001672216223650661,0.43644486171425634
1.5811388300841895,0.05,8.052147495362584e-05,0.00028338265905885956,0.2841439741621637
1.5811388300841895,0.2811706625951745,8.31928742260138e-05,0.0001393052747833735,0.5971983067789987
1.5811388300841895,0.2811706625951745,0.00010599249313942719,0.00018647515885212066,0.5684000688986237
1.5811388300841895,0.2811706625951745,8.858392818373604e-05,0.0001464692021858472,0.6047955943075082
1.5811388300841895,0.2811706625951745,8.901996324377902e-05,0.00018242801176766694,0.4879731044657292
1.5811388300841895,0.2811706625951745,9.543029988089786e-05,0.0002101886573251027,0.454022120391083
1.5811388300841895,0.2811706625951745,8.55292755557991e-05,0.00041307393857806756,0.20705560813208934
1.5811388300841895,0.2811706625951745,9.284626726877436e-05,0.0001637123906744015,0.5671303612774867
1.5811388300841895,0.2811706625951745,9.116411128755098e-05,0.00016814411541869945,0.5421784227211351
1.5811388300841895,0.2811706625951745,8.315521402118693e-05,0.0002884066446893482,0.28832627663886184
1.5811388300841895,0.2811706625951745,0.00010995819988382806,0.0004322725602648343,0.2543723798162473
1.5811388300841895,0.2811706625951745,9.808250778402488e-05,0.00018671844202771786,0.5252963055971985
1.5811388300841895,0.2811706625951745,9.271183146703817e-05,0.00038425042714285997,0.24127970958004674
1.5811388300841895,0.2811706625951745,8.966464517045787e-05,0.00019391878026694378,0.4623824729457753
1.5811388300841895,0.2811706625951745,0.00010564113414662159,0.0003734069140970744,0.28291156419015345
1.5811388300841895,0.2811706625951745,8.239261406611876e-05,0.00022417016473499186,0.3675449592657487
1.5811388300841895,0.2811706625951745,8.788181511197345e-05,0.00023912086280455,0.3675204834962699
1.5811388300841895,0.2811706625951745,9.209731986660409e-05,0.00021860277058269675,0.4212998747505076
1.5811388300841895,0.2811706625951745,0.00010019536685660285,0.00018880834485079224,0.5306723436179862
1.5811388300841895,0.2811706625951745,9.326857181383406e-05,0.0003711738684168148,0.25128000581414
1.5811388300841895,0.2811706625951745,8.227300738241803e-05,0.00018315256670010894,0.44920477427504757
1.5811388300841895,0.2811706625951745,9.740312233628391e-05,0.0005144672546992487,0.18932812816867148
1.5811388300841895,0.2811706625951745,8.5292194438667e-05,0.00022747149596269602,0.3749577241653803
1.5811388300841895,0.2811706625951745,7.792065486651212e-05,0.00023030495444482065,0.338336858858941
1.5811388300841895,0.2811706625951745,9.242748790210132e-05,0.00021239160292079468,0.4351748686437923
1.5811388300841895,0.2811706625951745,8.343054437493851e-05,0.0003274410201190399,0.2547956402793018
1.5811388300841895,0.2811706625951745,9.002493647909242e-05,0.00024011770626383854,0.37492002518204165
1.5811388300841895,0.2811706625951745,9.126125576059427e-05,0.00019546557438765956,0.4668917073837219
1.5811388300841895,0.2811706625951745,9.189062571975595e-05,0.00018032725290573754,0.5095770286468565
1.5811388300841895,0.2811706625951745,0.00010040870186004997,0.00037048956636641833,0.27101627407435447
1.5811388300841895,0.2811706625951745,9.320571910813152e-05,0.00016386714269332257,0.5687883341114092
1.5811388300841895,0.2811706625951745,7.744832898903467e-05,0.0004249226210674248,0.18226454688263236
1.5811388300841895,0.2811706625951745,8.057098253852889e-05,0.00015865297044994305,0.5078441475758566
1.5811388300841895,0.2811706625951745,9.478676854835028e-05,0.0002253822486467878,0.4205600446239989
1.5811388300841895,0.2811706625951745,9.245562891779871e-05,0.00024358181532531425,0.379567041136959
1.5811388300841895,0.2811706625951745,0.00011498035208014123,0.0008633872746907094,0.13317355426778854
1.5811388300841895,0.2811706625951745,9.045873658559045e-05,0.00034367023748711615,0.26321376342337954
1.5811388300841895,0.2811706625951745,0.00010105323491057444,0.0003128975728068641,0.32295947202169417
1.5811388300841895,0.2811706625951745,0.00010688014811642018,0.0003794100888539563,0.28170085945595613
1.5811388300841895,0.2811706625951745,9.861076664034862e-05,0.00014575489245277848,0.6765520181238268
1.5811388300841895,0.2811706625951745,9.31477021537769e-05,0.0002590005991738257,0.35964280565722456
1.5811388300841895,0.2811706625951745,9.157096828103775e-05,0.00015708061946669767,0.5829552276527119
1.5811388300841895,0.2811706625951745,9.83530967674283e-05,0.00018787868063416146,0.5234925880650719
1.5811388300841895,0.2811706625951745,0.00010416384776564837,0.0001939213712261704,0.5371447566970952
1.5811388300841895,0.2811706625951745,0.0001083555935507538,0.00032543103148932135,0.3329602375497782
1.5811388300841895,0.2811706625951745,9.010388455129938e-05,0.00026881646174217863,0.3351873764253242
1.5811388300841895,0.2811706625951745,0.00010159887767643102,0.00016842070597410897,0.6032445778492915
1.5811388300841895,0.2811706625951745,9.584682556270814e-05,0.0009303463702159357,0.10302273285643265
1.5811388300841895,0.2811706625951745,9.055581214205302e-05,0.0007655638570026016,0.11828642550682128
1.5811388300841895,0.2811706625951745,0.00010248691836810782,0.00020104981521109803,0.5097588289772798
1.5811388300841895,0.2811706625951745,9.36195420493747e-05,0.000333558878769901,0.28066871550421624
1.5811388300841895,0.2811706625951745,9.137325011599257e-05,0.0003316316010056348,0.2755263667241411
1.5811388300841895,0.2811706625951745,8.554741714053514e-05,0.00016184278176704692,0.5285834573930538
1.5811388300841895,0.2811706625951745,0.00010921095606400786,0.00048647557959400234,0.22449422056324386
1.5811388300841895,0.2811706625951745,8.874319596483624e-05,0.000241593431985841,0.3673245387318194
1.5811388300841895,0.2811706625951745,0.00010842729074327903,0.0002533441870063187,0.42798412714547396
1.5811388300841895,0.2811706625951745,9.172344462340143e-05,0.00042058997514159255,0.21808281234597313
1.5811388300841895,0.2811706625951745,9.177058849411692e-05,0.00023541228676322366,0.38982922155808825
1.5811388300841895,0.2811706625951745,9.044834260093944e-05,0.00015182526665861778,0.5957397249583917
1.5811388300841895,0.2811706625951745,8.450664107572357e-05,0.00013206937477282455,0.6398655344669066
1.5811388300841895,0.2811706625951745,9.177914491680646e-05,0.00022352916431862553,0.4105913659927685
1.5811388300841895,0.2811706625951745,8.645519552617221e-05,0.00030052579811301817,0.2876797801354118
1.5811388300841895,0.2811706625951745,7.942282985559155e-05,0.00012634974692526854,0.6285950845834886
1.5811388300841895,0.2811706625951745,8.275774514781252e-05,0.00024127274905199833,0.34300494139094356
1.5811388300841895,0.2811706625951745,9.988278570946937e-05,0.00017503262989051376,0.5706523736285511
1.5811388300841895,0.2811706625951745,8.425655495583611e-05,0.00014532172361012892,0.5797932536355042
1.5811388300841895,0.2811706625951745,8.922189088529196e-05,0.00013800060691583337,0.6465325977856636
1.5811388300841895,0.2811706625951745,7.805087786340431e-05,0.00019060713485300832,0.40948560463696854
1.5811388300841895,0.2811706625951745,8.858605689930772e-05,0.0002491559730646777,0.3555445844210683
1.5811388300841895,0.2811706625951745,8.686299211196723e-05,0.0001954313485143297,0.44446805884675217
1.5811388300841895,0.2811706625951745,0.00011533014790511445,0.00027691170742332176,0.4164870780591678
1.5811388300841895,0.2811706625951745,9.792114331481191e-05,0.0002973319198997434,0.3293327650385794
1.5811388300841895,0.2811706625951745,8.296379566934513e-05,0.00016875459204296608,0.49162392954748146
1.5811388300841895,0.2811706625951745,9.444122097123064e-05,0.00038630700063780184,0.24447193764365127
1.5811388300841895,0.2811706625951745,9.344441940109142e-05,0.00020232629456935587,0.46185010010678273
1.5811388300841895,0.2811706625951745,8.491993856170465e-05,0.00015961703680659523,0.5320230237364978
1.5811388300841895,0.2811706625951745,9.079960365901402e-05,0.00022448528478082792,0.40447908978828856
1.5811388300841895,0.2811706625951745,8.643625489468393e-05,0.00018578084297115742,0.4652592458529387
1.5811388300841895,0.2811706625951745,9.981255778841952e-05,0.0003531088147106622,0.28266798683631295
1.5811388300841895,0.2811706625951745,9.12145899901629e-05,0.00019409094650300228,0.4699579843037756
1.5811388300841895,0.2811706625951745,7.708803831609779e-05,0.0001074095819758822,0.7177016882293349
1.5811388300841895,0.2811706625951745,8.582516561087373e-05,0.0008327346201339786,0.10306424584228926
1.5811388300841895,0.2811706625951745,0.00010881192165264445,0.0005982767342190918,0.18187556932942173
1.5811388300841895,0.2811706625951745,0.00010507596129023699,0.0002430607239521979,0.43230333384056735
1.5811388300841895,0.2811706625951745,9.144976216875682e-05,0.00018265088079551283,0.5006806524581701
1.5811388300841895,0.2811706625951745,9.41773984695513e-05,0.00032552657168417355,0.28930786811751386
1.5811388300841895,0.2811706625951745,9.50475725224061e-05,0.00019378631804499777,0.49047617747882366
1.5811388300841895,0.2811706625951745,8.805420739927726e-05,0.00013631729960515506,0.6459503500606855
1.5811388300841895,0.2811706625951745,8.299607390365246e-05,0.0006079309504620287,0.13652220509677174
1.5811388300841895,0.2811706625951745,9.617512111759068e-05,0.00036086610573565005,0.2665119266923979
1.5811388300841895,0.2811706625951745,8.02952698878636e-05,0.0002313841278695592,0.3470215119212039
1.5811388300841895,0.2811706625951745,8.849197183407096e-05,0.0002028479444047937,0.43624781159961173
1.5811388300841895,0.2811706625951745,8.536348892275987e-05,0.00033561928697513566,0.2543461959296875
1.5811388300841895,0.2811706625951745,8.399536832739883e-05,0.00021765833746125024,0.38590466741184465
1.5811388300841895,0.2811706625951745,9.455759349588123e-05,0.00014291922284058944,0.6616156428540739
1.5811388300841895,0.2811706625951745,9.926818636133602e-05,0.00030522219334820476,0.3252325306767208
1.5811388300841895,0.2811706625951745,8.40372473541683e-05,0.00041155376362540563,0.2041950646104615
1.5811388300841895,0.2811706625951745,9.422180972690207e-05,0.00023479619817656975,0.4012918882785575
1.5811388300841895,0.2811706625951745,9.304011279337749e-05,0.0003185558078430201,0.2920684869108598
1.5811388300841895,0.2811706625951745,0.00010617276846050172,0.00018826777718654488,0.5639455144535996
1.5811388300841895,0.2811706625951745,9.416132657632654e-05,0.00019305066976093666,0.48775446722319454
1.5811388300841895,0.2811706625951745,9.032319285709257e-05,0.00014839665842650125,0.608660557554457
1.5811388300841895,0.2811706625951745,9.595616845772318e-05,0.0002320432136395786,0.41352714846798844
1.5811388300841895,0.2811706625951745,9.42947131062752e-05,0.00016774408304349756,0.5621343620318562
1.5811388300841895,0.2811706625951745,9.50349655755933e-05,0.0004220624789619574,0.22516800311017288
1.5811388300841895,0.2811706625951745,8.504754934270689e-05,0.00019202658237287376,0.44289466745579575
1.5811388300841895,0.2811706625951745,8.872303236047712e-05,0.0008628692136830185,0.10282326794552922
1.5811388300841895,0.2811706625951745,9.671961671127219e-05,0.0001529817637950222,0.6322297136073372
1.5811388300841895,0.2811706625951745,9.988649321350927e-05,0.00018117585684623527,0.5513234210796827
1.5811388300841895,0.2811706625951745,8.228638338515295e-05,0.0003589815949126842,0.22922173323445072
1.5811388300841895,0.2811706625951745,0.00010285946581347757,0.0005259167925513907,0.1955812540506139
1.5811388300841895,0.2811706625951745,8.666656817591316e-05,0.00033604888677758445,0.2578986914879258
1.5811388300841895,0.2811706625951745,9.735028615305541e-05,0.00016082550980319702,0.6053161981092642
1.5811388300841895,0.2811706625951745,8.379350760748572e-05,0.0001345074320281737,0.6229656335267368
1.5811388300841895,0.2811706625951745,9.35011515188242e-05,0.00019828936696330714,0.4715389077626453
1.5811388300841895,0.2811706625951745,8.54154461876344e-05,0.0001981802317396515,0.43099882080996
1.5811388300841895,0.2811706625951745,9.356529958359121e-05,0.0003230310461485137,0.2896480096856527
1.5811388300841895,0.2811706625951745,9.572233225495219e-05,0.00014691102053635905,0.6515667232143544
1.5811388300841895,0.2811706625951745,9.559987467487337e-05,0.00016886010659522465,0.5661483733634983
1.5811388300841895,0.2811706625951745,9.206973474412778e-05,0.000601917600073167,0.1529606955053916
1.5811388300841895,0.2811706625951745,8.285849335412447e-05,0.00024212749106829252,0.34221018434769174
1.5811388300841895,0.2811706625951745,9.065647633818558e-05,0.0001389849254522072,0.6522756050213493
1.5811388300841895,0.2811706625951745,8.806409816697569e-05,0.000303545003789638,0.2901187536198278
1.5811388300841895,0.2811706625951745,0.00010223253266191666,0.00025609054305136955,0.39920463849932053
1.5811388300841895,0.2811706625951745,9.269014219614046e-05,0.00016655555189859438,0.5565118733032322
1.5811388300841895,0.2811706625951745,8.316953772397657e-05,0.00012554423792002212,0.6624719628865776
1.5811388300841895,0.2811706625951745,9.260326633650735e-05,0.00024569038946050206,0.37691041371154055
1.5811388300841895,0.2811706625951745,8.457415557593138e-05,0.000140248640523142,0.6030301274968584
1.5811388300841895,0.2811706625951745,8.447061210452285e-05,0.0001576469197271744,0.5358215197018037
1.5811388300841895,0.2811706625951745,8.064415062921645e-05,0.00043382331296123983,0.18589169419860488
1.5811388300841895,0.2811706625951745,8.195614273149359e-05,0.00031991854299060407,0.256178156993859
1.5811388300841895,0.2811706625951745,9.404388174932856e-05,0.0001826204224129615,0.5149691393039609
1.5811388300841895,0.2811706625951745,8.696759098439575e-05,0.0002820151791458893,0.3083791136625541
1.5811388300841895,0.2811706625951745,7.603808105919005e-05,0.00024461105811667656,0.31085299922508325
1.5811388300841895,0.2811706625951745,0.0001014286894181703,0.0008533402056988104,0.11886078816022638
1.5811388300841895,0.2811706625951745,8.199082603309374e-05,0.0001724929951942371,0.4753284383563942
1.5811388300841895,0.2811706625951745,8.956965941626032e-05,0.000770424780734449,0.11626009658058144
1.5811388300841895,0.2811706625951745,8.216818461423318e-05,0.00016857641812950916,0.4874239560073421
1.5811388300841895,0.2811706625951745,0.00010132172011810175,0.0007192397600517981,0.14087335787833083
1.5811388300841895,0.2811706625951745,8.789930133472999e-05,0.00020157143362796256,0.43607022955923624
1.5811388300841895,0.2811706625951745,8.721902418188704e-05,0.000164690066697245,0.5295949290142954
1.5811388300841895,0.2811706625951745,7.7522353528548e-05,0.0001775205196237944,0.4366951701855941
1.5811388300841895,0.2811706625951745,0.00010912779063304222,0.0003853118292084239,0.2832194144084077
1.5811388300841895,0.2811706625951745,9.081907677946156e-05,0.000515591926463868,0.17614526550548312
1.5811388300841895,0.2811706625951745,9.61138579845124e-05,0.0001767591553178994,0.543756038048794
1.5811388300841895,0.2811706625951745,8.42485971703386e-05,0.00016595155113777177,0.5076698385325487
1.5811388300841895,0.2811706625951745,9.103625477315583e-05,0.0006154054507786723,0.14792890550119064
1.5811388300841895,0.2811706625951745,7.65872761842903e-05,0.00012316374662611215,0.6218329523279775
1.5811388300841895,0.2811706625951745,8.412795465969029e-05,0.0002050317557457594,0.4103167060814202
1.5811388300841895,0.2811706625951745,6.934964079023837e-05,0.0007193288273674036,0.09640881631846157
1.5811388300841895,0.2811706625951745,8.994126722089734e-05,0.00014792913350175285,0.608002393388126
1.5811388300841895,0.2811706625951745,9.344798024640919e-05,0.00019235872008634,0.4858005927907254
1.5811388300841895,0.2811706625951745,9.636425125115897e-05,0.00024597505292860963,0.3917643277390702
1.5811388300841895,0.2811706625951745,8.688591054975675e-05,0.00021783776382736214,0.3988560524272293
1.5811388300841895,0.2811706625951745,9.568241249429058e-05,0.0009452042863123972,0.10122934679822941
1.5811388300841895,0.2811706625951745,8.089434907736111e-05,0.00011799424414244402,0.6855787726366085
1.5811388300841895,0.2811706625951745,9.376901239263229e-05,0.00023671759465356462,0.39612185367911884
1.5811388300841895,0.2811706625951745,9.91785058427762e-05,0.0002972433290521117,0.33366099807538
1.5811388300841895,0.2811706625951745,7.601721629027225e-05,0.00020780384749758058,0.3658123620216286
1.5811388300841895,0.2811706625951745,0.00010202915369120071,0.0002135103534520876,0.47786513413316223
1.5811388300841895,0.2811706625951745,8.269487172140169e-05,0.0005575903768352076,0.14830756619359958
1.5811388300841895,0.2811706625951745,8.356114848319389e-05,0.00011560228341397214,0.7228330273024206
1.5811388300841895,0.2811706625951745,9.31646385574523e-05,0.00022165108388077988,0.420321150369664
1.5811388300841895,0.2811706625951745,9.790988045175831e-05,0.0002500686815261131,0.3915319577575099
1.5811388300841895,0.2811706625951745,9.103688829568965e-05,0.00015751821019835315,0.5779451669813439
1.5811388300841895,0.2811706625951745,9.325264922537339e-05,0.00018485745651043023,0.5044570610551043
1.5811388300841895,0.2811706625951745,8.658064549025793e-05,0.0001570883312450631,0.5511589868199007
1.5811388300841895,0.2811706625951745,8.648240591916927e-05,0.00015225491599536153,0.5680105982377867
1.5811388300841895,0.2811706625951745,9.28772502511314e-05,0.0002253259368279534,0.412190676131738
1.5811388300841895,0.2811706625951745,9.693809907443399e-05,0.00015587712681193306,0.6218879001496515
1.5811388300841895,0.2811706625951745,0.00010541089709196722,0.0005035790227786001,0.20932344741117506
1.5811388300841895,0.2811706625951745,9.550166018084365e-05,0.0008028216732170311,0.11895750123206524
1.5811388300841895,0.2811706625951745,0.00010213131544515905,0.00027142814401117407,0.37627385994635304
1.5811388300841895,0.2811706625951745,9.432035529931146e-05,0.00037130867916032633,0.2540214128918466
1.5811388300841895,0.2811706625951745,9.252612350129226e-05,0.00020140245545515096,0.4594091134201505
1.5811388300841895,0.2811706625951745,9.278610825371266e-05,0.0008574594751632564,0.10821048800708233
1.5811388300841895,0.2811706625951745,9.923650313571108e-05,0.00022314355728542915,0.44472044966449514
1.5811388300841895,0.2811706625951745,8.609724818790356e-05,0.00020177315887397816,0.42670317830369836
1.5811388300841895,0.2811706625951745,9.477827206620822e-05,0.0003459997082456874,0.27392587278977726
1.5811388300841895,0.2811706625951745,8.739283884045954e-05,0.000928015030270802,0.09417179247081552
1.5811388300841895,0.2811706625951745,8.51742930102007e-05,0.00019261419915159143,0.442201527121927
1.5811388300841895,0.2811706625951745,8.232506098675518e-05,0.0001552548467674941,0.5302575906698951
1.5811388300841895,0.2811706625951745,8.224445935824192e-05,0.0003253059612516032,0.25282186358285375
1.5811388300841895,0.2811706625951745,0.0001073604232553645,0.00021167409722535875,0.5071967929125654
1.5811388300841895,0.2811706625951745,7.569438938170548e-05,0.00020723903422585106,0.3652516026455374
1.5811388300841895,0.2811706625951745,9.608281597653831e-05,0.0002239929374485499,0.4289546673702963
1.5811388300841895,0.2811706625951745,8.500753057466177e-05,0.00020222979958958747,0.42035115866790723
1.5811388300841895,0.2811706625951745,9.245928114683885e-05,0.0005509707388184398,0.16781159984125174
1.5811388300841895,0.2811706625951745,9.856306869678732e-05,0.0001686349072185124,0.5844760751050911
1.5811388300841895,0.2811706625951745,8.081852172782022e-05,0.0001487152415337309,0.5434447800664018
1.5811388300841895,0.2811706625951745,9.263804543088893e-05,0.00021395958218230513,0.4329698370412609
1.5811388300841895,0.2811706625951745,9.215894817839361e-05,0.00035616858712560787,0.2587509160258775
1.5811388300841895,0.2811706625951745,7.945662794422618e-05,0.0003557528734972383,0.2233478177228075
1.5811388300841895,0.2811706625951745,7.42983601829498e-05,0.0001624183927392433,0.45745040897081807
1.5811388300841895,0.2811706625951745,8.147556095244742e-05,0.00014358233089255327,0.567448379239768
1.5811388300841895,0.2811706625951745,8.220347897404565e-05,0.00017339243508809004,0.4740891892560544
1.5811388300841895,0.2811706625951745,8.900445984765258e-05,0.00017263855302048105,0.5155537873228901
1.5811388300841895,0.2811706625951745,8.975022096488705e-05,0.0004530307494819244,0.19811066040776118
1.5811388300841895,0.2811706625951745,8.585340367811803e-05,0.0002588433142117311,0.3316809782766529
1.5811388300841895,0.2811706625951745,9.764863448286261e-05,0.0003659822286985246,0.2668125029734709
1.5811388300841895,0.2811706625951745,7.989545159414269e-05,0.00015635003719718165,0.5110037261672162
1.5811388300841895,1.5811388300841895,0.00014591228597898796,0.00024056950066644233,0.6065286147029096
1.5811388300841895,1.5811388300841895,0.0001646874871984399,0.00032324422595838144,0.5094831522826454
1.5811388300841895,1.5811388300841895,0.00014055283693614062,0.00021479085408342475,0.6543706785650655
1.5811388300841895,1.5811388300841895,0.00014401979404289635,0.0002884460683741532,0.4992953963792059
1.5811388300841895,1.5811388300841895,0.00015484129131477104,0.00029414821711330855,0.5264056768194681
1.5811388300841895,1.5811388300841895,0.00015938604265841274,0.000353064374772906,0.45143620837115384
1.5811388300841895,1.5811388300841895,0.00014716654537037506,0.00032805152852059436,0.4486080160456752
1.5811388300841895,1.5811388300841895,0.00015327767038636632,0.0009305322453533519,0.1647204287135284
1.5811388300841895,1.5811388300841895,0.0001447756853055728,0.0002716627845745659,0.5329242484659684
1.5811388300841895,1.5811388300841895,0.00017468348762512113,0.0007592459992703578,0.23007495303629327
1.5811388300841895,1.5811388300841895,0.0001617454443888644,0.0003534149929102393,0.45766435390007537
1.5811388300841895,1.5811388300841895,0.00016255427233541564,0.00021939672692257428,0.7409147557282452
1.5811388300841895,1.5811388300841895,0.00013738782114845172,0.00023942512324664854,0.5738237461693564
1.5811388300841895,1.5811388300841895,0.00015268757004066038,0.00034602574601051223,0.44126072062863714
1.5811388300841895,1.5811388300841895,0.00018474200344461168,0.0007689693427494094,0.24024625323042967
1.5811388300841895,1.5811388300841895,0.00017612791795911236,0.0004923461443956225,0.35773189241751346
1.5811388300841895,1.5811388300841895,0.0001613196063065113,0.00046941184316996135,0.34366326426089305
1.5811388300841895,1.5811388300841895,0.0001743462114601813,0.00043870220231677587,0.3974135769993018
1.5811388300841895,1.5811388300841895,0.00016746258274742955,0.000958452123351264,0.17472190698674683
1.5811388300841895,1.5811388300841895,0.00013098353860817395,0.0001980513031734189,0.6613616598800227
1.5811388300841895,1.5811388300841895,0.00018103498166785925,0.0003064490921060193,0.5907505890251693
1.5811388300841895,1.5811388300841895,0.00015534754563867445,0.0006884810903938607,0.2256380717004217
1.5811388300841895,1.5811388300841895,0.00017399634825371004,0.001048051001236238,0.16601897049711423
1.5811388300841895,1.5811388300841895,0.0001406670483335819,0.00023971459348951895,0.5868105328336312
1.5811388300841895,1.5811388300841895,0.00015266984777012984,0.0003803131311913122,0.4014319655277193
1.5811388300841895,1.5811388300841895,0.00015667895369810824,0.00028563441188809855,0.5485296840196184
1.5811388300841895,1.5811388300841895,0.00016034295339343544,0.001928784520649293,0.08313160525544795
1.5811388300841895,1.5811388300841895,0.00014050064155766344,0.00025436484776357454,0.5523587193473176
1.5811388300841895,1.5811388300841895,0.00017248035510869058,0.0006326946945357239,0.27261229878853016
1.5811388300841895,1.5811388300841895,0.0001695649639426013,0.00044855223145997284,0.3780272442089783
1.5811388300841895,1.5811388300841895,0.00013810326074398217,0.00020906098031699507,0.6605884107812893
1.5811388300841895,1.5811388300841895,0.00015510444221602686,0.0002932504845167865,0.5289145300871557
1.5811388300841895,1.5811388300841895,0.00013597371221082944,0.00039638072288796205,0.34303815589251735
1.5811388300841895,1.5811388300841895,0.00015932838419271017,0.00037757362807398504,0.42197964144225136
1.5811388300841895,1.5811388300841895,0.0001587479325893182,0.0016186872529886658,0.09807202243436075
1.5811388300841895,1.5811388300841895,0.0001827263933080507,0.0007800840271355498,0.23423937287758312
1.5811388300841895,1.5811388300841895,0.00016188449294501862,0.0005218743312506637,0.3101982282919816
1.5811388300841895,1.5811388300841895,0.0001757804222967422,0.0005397007801598637,0.32569977431693653
1.5811388300841895,1.5811388300841895,0.00014572215165208763,0.0002727340163461899,0.5343013446005865
1.5811388300841895,1.5811388300841895,0.00013060370952243432,0.00020804329653627862,0.6277717748990755
1.5811388300841895,1.5811388300841895,0.00016171675368153868,0.0009494948288921716,0.17031873029811295
1.5811388300841895,1.5811388300841895,0.00015553098496576463,0.0003323084695125728,0.46803196197164676
1.5811388300841895,1.5811388300841895,0.00015330577173228174,0.0006180082477933884,0.2480642811478055
1.5811388300841895,1.5811388300841895,0.00015524175397818005,0.0003731534653488958,0.41602656385096176
1.5811388300841895,1.5811388300841895,0.00018826650046665618,0.0003325182212262129,0.5661840117284221
1.5811388300841895,1.5811388300841895,0.0001495253391868428,0.0002646638187806695,0.5649632801178482
1.5811388300841895,1.5811388300841895,0.0001510092581253383,0.00045018565421041883,0.33543773932599785
1.5811388300841895,1.5811388300841895,0.00015959989137305579,0.00025466525455653243,0.6267046191714648
1.5811388300841895,1.5811388300841895,0.00016259709077948975,0.0006360997419061135,0.2556157156930408
1.5811388300841895,1.5811388300841895,0.00014397907078149717,0.0004957976140968759,0.2903988778642338
1.5811388300841895,1.5811388300841895,0.00015281131654868823,0.0003079136433933989,0.4962797843726993
1.5811388300841895,1.5811388300841895,0.00014352092580834563,0.0006776216040932549,0.21180098884302123
1.5811388300841895,1.5811388300841895,0.00014426980991609002,0.00034457170714278867,0.4186931397019935
1.5811388300841895,1.5811388300841895,0.00018250730515216148,0.0006413672670840341,0.28455974372051757
1.5811388300841895,1.5811388300841895,0.0001477393033828163,0.0002518872684498214,0.5865294593571232
1.5811388300841895,1.5811388300841895,0.00013664897916072219,0.00028417195103573004,0.48086723078288884
1.5811388300841895,1.5811388300841895,0.0001648333444936676,0.0005649944035992972,0.2917433224888542
1.5811388300841895,1.5811388300841895,0.00014370329021058504,0.00029939709385110855,0.47997556810638015
1.5811388300841895,1.5811388300841895,0.00016970702095672378,0.000639677576099535,0.26530087546842046
1.5811388300841895,1.5811388300841895,0.00014378225941413987,0.0004558881545188617,0.3153893295733594
1.5811388300841895,1.5811388300841895,0.00013878584595154627,0.0004324871470136442,0.32090166588735136
1.5811388300841895,1.5811388300841895,0.00015618043268541786,0.0003485202069439299,0.44812446903701125
1.5811388300841895,1.5811388300841895,0.0001546344734866036,0.00028116164861265885,0.5499842323788445
1.5811388300841895,1.5811388300841895,0.00016307850456661292,0.0004992256888332173,0.3266628865749227
1.5811388300841895,1.5811388300841895,0.00015366221211592077,0.000292593067937454,0.5251737958083419
1.5811388300841895,1.5811388300841895,0.00014504827709855002,0.00024399716621601762,0.5944670561056216
1.5811388300841895,1.5811388300841895,0.00015555842254634473,0.0010010629553555898,0.15539324646279462
1.5811388300841895,1.5811388300841895,0.00015439265554902012,0.00034177083421349,0.45174321531654593
1.5811388300841895,1.5811388300841895,0.00015108005453395499,0.0005585511865247497,0.27048560307240627
1.5811388300841895,1.5811388300841895,0.0001468103452957682,0.0006490471970171253,0.2261936357948628
1.5811388300841895,1.5811388300841895,0.00016982640945040832,0.0005770437279526683,0.29430422899308983
1.5811388300841895,1.5811388300841895,0.00014977972152998995,0.0002461093222943086,0.6085901994028354
1.5811388300841895,1.5811388300841895,0.00016472077928217143,0.000289901533663589,0.5681956118014839
1.5811388300841895,1.5811388300841895,0.0001527422869777515,0.0003798713121439493,0.402089555317278
1.5811388300841895,1.5811388300841895,0.00016165409219055972,0.0005106508135619775,0.31656483823645143
1.5811388300841895,1.5811388300841895,0.0001363895197207603,0.00029636544187016333,0.4602072321931248
1.5811388300841895,1.5811388300841895,0.00015703265953162163,0.00036386950489365006,0.4315631219975918
1.5811388300841895,1.5811388300841895,0.0001500967146330331,0.000606878385904514,0.2473258532833121
1.5811388300841895,1.5811388300841895,0.0001539925342608407,0.0006972560677939706,0.22085506512414224
1.5811388300841895,1.5811388300841895,0.00014610235786778402,0.00030753644214215933,0.4750733176533528
1.5811388300841895,1.5811388300841895,0.00014637664165940438,0.0004293939642217539,0.3408912417404415
1.5811388300841895,1.5811388300841895,0.00014847875322653796,0.0004022464232570814,0.36912386199551883
1.5811388300841895,1.5811388300841895,0.00014721220344413288,0.0003362162270499344,0.4378497871319849
1.5811388300841895,1.5811388300841895,0.00014422193861374642,0.0002763596194842999,0.5218632840893014
1.5811388300841895,1.5811388300841895,0.0001450364038012385,0.00028936891416441786,0.501216256141562
1.5811388300841895,1.5811388300841895,0.00013346064792212823,0.00020895894089062136,0.6386931679175558
1.5811388300841895,1.5811388300841895,0.00015273528400473366,0.00032121151123087324,0.4754975418516493
1.5811388300841895,1.5811388300841895,0.0001631668868798304,0.0003145966432250857,0.5186542526554828
1.5811388300841895,1.5811388300841895,0.00016155047138417334,0.000378897641012295,0.4263696943389814
1.5811388300841895,1.5811388300841895,0.00014831214263495175,0.00029112903350307726,0.5094378284788421
1.5811388300841895,1.5811388300841895,0.00019083900688802332,0.0008292794383560327,0.23012629767638207
1.5811388300841895,1.5811388300841895,0.00016632024479616936,0.0005649891910300777,0.2943777464006655
1.5811388300841895,1.5811388300841895,0.00014628636275791353,0.0008650795951131435,0.169101622075343
1.5811388300841895,1.5811388300841895,0.00013358858159034177,0.00023057277786175256,0.5793770749053436
1.5811388300841895,1.5811388300841895,0.00016868105352832994,0.001018035900288277,0.1656926376374002
1.5811388300841895,1.5811388300841895,0.00014416065086169592,0.00025576089673009074,0.5636539936510754
1.5811388300841895,1.5811388300841895,0.00013978415120565702,0.00023379848518005383,0.5978830491480981
1.5811388300841895,1.5811388300841895,0.00014886910808750063,0.0004866679753858217,0.3058946049809007
1.5811388300841895,1.5811388300841895,0.00015982038528783188,0.000545285856948646,0.29309468281859996
1.5811388300841895,1.5811388300841895,0.00016576298357211675,0.0005580871763625441,0.29701987537594654
1.5811388300841895,1.5811388300841895,0.0001473940121775192,0.000582951756405249,0.25284084070081386
1.5811388300841895,1.5811388300841895,0.00017501347711151123,0.0004067737252431468,0.43024774278844546
1.5811388300841895,1.5811388300841895,0.00014218071111781985,0.0003806094231628002,0.37356066998111104
1.5811388300841895,1.5811388300841895,0.00017559976786849494,0.0010151385529279325,0.17298108456428732
1.5811388300841895,1.5811388300841895,0.00014609667962288186,0.0006204452072021392,0.23547071993947083
1.5811388300841895,1.5811388300841895,0.00016806894825990807,0.0003355175289531734,0.500924493525835
1.5811388300841895,1.5811388300841895,0.0001393789494941407,0.00033895125700048566,0.4112064688225688
1.5811388300841895,1.5811388300841895,0.00015467354139314765,0.0009730371501890522,0.15895954369583526
1.5811388300841895,1.5811388300841895,0.00016156484974704367,0.00023867666510533485,0.6769193363571612
1.5811388300841895,1.5811388300841895,0.00013877761630583092,0.0005612168540348136,0.2472798443384279
1.5811388300841895,1.5811388300841895,0.0001660897427649792,0.0003243602225404134,0.5120533629683443
1.5811388300841895,1.5811388300841895,0.00016438056734635297,0.000418722690357112,0.39257621125370423
1.5811388300841895,1.5811388300841895,0.00015387434345937175,0.00033278603441076423,0.46238221424112314
1.5811388300841895,1.5811388300841895,0.00014930318560814053,0.0002936939076844265,0.5083632370357729
1.5811388300841895,1.5811388300841895,0.00014767082506669807,0.00027176452527210036,0.543377855953954
1.5811388300841895,1.5811388300841895,0.0001560354782600485,0.00044397064679112936,0.3514544922909217
1.5811388300841895,1.5811388300841895,0.0001453066861506779,0.0005336890816087349,0.27226842586449435
1.5811388300841895,1.5811388300841895,0.00016225083519567332,0.0009771555222625222,0.1660440242101841
1.5811388300841895,1.5811388300841895,0.0001494302826571865,0.00024280710629249037,0.6154279622985159
1.5811388300841895,1.5811388300841895,0.00018191242044870033,0.0003981246398626042,0.4569232904335679
1.5811388300841895,1.5811388300841895,0.00014606932645974834,0.00043369985629204124,0.33679818967103686
1.5811388300841895,1.5811388300841895,0.00017520027840949877,0.0005036314477131069,0.3478739844484482
1.5811388300841895,1.5811388300841895,0.0001611661609935851,0.0010261127419690917,0.15706476920295345
1.5811388300841895,1.5811388300841895,0.0001501960012762994,0.0003890054842420282,0.38610252904005765
1.5811388300841895,1.5811388300841895,0.00014480451296885734,0.00046134191482494116,0.3138767762383009
1.5811388300841895,1.5811388300841895,0.0001397011936370465,0.0002409572303606929,0.5797758939539829
1.5811388300841895,1.5811388300841895,0.00014667571636731955,0.00026108766646811357,0.5617872278361067
1.5811388300841895,1.5811388300841895,0.00016208838965841988,0.0007251230182112356,0.22353226361268524
1.5811388300841895,1.5811388300841895,0.0001758284315422515,0.0002783567329895973,0.6316658111834591
1.5811388300841895,1.5811388300841895,0.0001499835948263445,0.0002979846508247059,0.5033265787725915
1.5811388300841895,1.5811388300841895,0.00015494520477968402,0.0003267543811380735,0.4741947276728642
1.5811388300841895,1.5811388300841895,0.00017095867516748534,0.00035332107929757483,0.4838620880117378
1.5811388300841895,1.5811388300841895,0.00016087590350260777,0.0007623321218297378,0.21103125382736845
1.5811388300841895,1.5811388300841895,0.00014098203832293478,0.0004534870248764785,0.3108843926931221
1.5811388300841895,1.5811388300841895,0.0001721724496120311,0.0011751782260165538,0.14650752183831378
1.5811388300841895,1.5811388300841895,0.00015836200552037447,0.00039893260295586423,0.3969643101290841
1.5811388300841895,1.5811388300841895,0.0001733295133786123,0.00034141435636150645,0.5076807994420786
1.5811388300841895,1.5811388300841895,0.00014943043597096854,0.00092874740585856,0.16089459311364737
1.5811388300841895,1.5811388300841895,0.00014134104959315127,0.0005461149042830635,0.2588119248983014
1.5811388300841895,1.5811388300841895,0.00014870009731222933,0.0003195351185793472,0.465363863519446
1.5811388300841895,1.5811388300841895,0.00014289020954191215,0.000561337045026737,0.25455332194422725
1.5811388300841895,1.5811388300841895,0.000150403974274138,0.0004975886078645755,0.3022657108642491
1.5811388300841895,1.5811388300841895,0.00014767067371240796,0.0004232703684176049,0.3488802541611272
1.5811388300841895,1.5811388300841895,0.0001454889219363878,0.000442410068350287,0.3288553591895066
1.5811388300841895,1.5811388300841895,0.00014297913166612527,0.00021789887867606152,0.6561719479001294
1.5811388300841895,1.5811388300841895,0.0001608131478912445,0.0003948226227485777,0.40730479619363147
1.5811388300841895,1.5811388300841895,0.00014253932401049314,0.0005074596133647631,0.2808880160243128
1.5811388300841895,1.5811388300841895,0.0001415135552909518,0.000886083545314157,0.15970678615951367
1.5811388300841895,1.5811388300841895,0.0001395324616763187,0.0002936124490005662,0.4752266538809109
1.5811388300841895,1.5811388300841895,0.00015755736324591356,0.0008263025856318412,0.1906775628995952
1.5811388300841895,1.5811388300841895,0.00014250063715586707,0.0008751601937659159,0.16282806070357278
1.5811388300841895,1.5811388300841895,0.00015920424410249362,0.000602271996284416,0.26433944311651386
1.5811388300841895,1.5811388300841895,0.00013877650351115629,0.0002829890610075322,0.49039529307976515
1.5811388300841895,1.5811388300841895,0.00015343934800417583,0.0002851944714377388,0.5380165584229195
1.5811388300841895,1.5811388300841895,0.00016648657330702726,0.001241410642680681,0.1341107991047338
1.5811388300841895,1.5811388300841895,0.00015711729822466032,0.000281533427454138,0.5580768850272846
1.5811388300841895,1.5811388300841895,0.0001830790073558242,0.0003090584366404598,0.5923766694284014
1.5811388300841895,1.5811388300841895,0.00015779330385900673,0.000359470893267331,0.4389598902564251
1.5811388300841895,1.5811388300841895,0.00015186937131703572,0.0005117050039220299,0.2967908661299246
1.5811388300841895,1.5811388300841895,0.00014617676971770337,0.0002908140962678649,0.5026467822352805
1.5811388300841895,1.5811388300841895,0.00015089789370553277,0.0011902962107038168,0.12677339669619508
1.5811388300841895,1.5811388300841895,0.00016151131727531963,0.0005949969170421126,0.2714489985565559
1.5811388300841895,1.5811388300841895,0.00016499642447643292,0.0006060669832591661,0.2722412357610268
1.5811388300841895,1.5811388300841895,0.0001457543963252993,0.0002494720148817724,0.5842514896685864
1.5811388300841895,1.5811388300841895,0.00016739881951908863,0.0006857300094478061,0.2441176807383549
1.5811388300841895,1.5811388300841895,0.0001547020242683795,0.00033680200071998915,0.4593263221051821
1.5811388300841895,1.5811388300841895,0.000140553508648461,0.00038214778842094095,0.36779882785462936
1.5811388300841895,1.5811388300841895,0.00014787982430667024,0.0009153267934561642,0.16155959310258336
1.5811388300841895,1.5811388300841895,0.00017213623291478764,0.0003348992477118965,0.513994086552476
1.5811388300841895,1.5811388300841895,0.00018268884474518648,0.0012144779348346316,0.15042582454992248
1.5811388300841895,1.5811388300841895,0.00017029507646708835,0.0006720697562575889,0.25338898958253103
1.5811388300841895,1.5811388300841895,0.00016041512207827806,0.00031028879877115705,0.5169865064854847
1.5811388300841895,1.5811388300841895,0.00015864864946812577,0.0011410686299460483,0.13903515117721443
1.5811388300841895,1.5811388300841895,0.00013798313875806761,0.00027910031364206025,0.49438546649226567
1.5811388300841895,1.5811388300841895,0.00016792897645917173,0.0005032162170920884,0.3337113764527998
1.5811388300841895,1.5811388300841895,0.00019708274818684002,0.0008025266639566904,0.24557781945233398
1.5811388300841895,1.5811388300841895,0.00016428133282495093,0.0002536975037914374,0.6475480852976987
1.5811388300841895,1.5811388300841895,0.00015742139649957613,0.00028676844740686,0.5489495023705677
1.5811388300841895,1.5811388300841895,0.0001590254114192367,0.0005081471899131285,0.3129514726755121
1.5811388300841895,1.5811388300841895,0.00014399342928923136,0.00040282213911534365,0.3574615576131491
1.5811388300841895,1.5811388300841895,0.00016787724926116437,0.0003339965959891411,0.5026316174390664
1.5811388300841895,1.5811388300841895,0.00016325714375143625,0.00033708708584832895,0.48431740818719227
1.5811388300841895,1.5811388300841895,0.0001625303498617395,0.00031354729540370417,0.5183599164919456
1.5811388300841895,1.5811388300841895,0.00016981909480737287,0.0005721694192598915,0.29679862133672935
1.5811388300841895,1.5811388300841895,0.00015908805402048523,0.0006834481391230112,0.2327726785892259
1.5811388300841895,1.5811388300841895,0.00019950949425410168,0.0005654451341897884,0.3528361678095853
1.5811388300841895,1.5811388300841895,0.00013816512360263482,0.00044611180668955317,0.3097096322733803
1.5811388300841895,1.5811388300841895,0.00015762761048499917,0.00043033242217076814,0.3662926667013903
1.5811388300841895,1.5811388300841895,0.00015372439218022563,0.0002944165158895169,0.5221323665072934
1.5811388300841895,1.5811388300841895,0.00018138603395096188,0.0007280267274973223,0.24914749294232336
1.5811388300841895,1.5811388300841895,0.0001481167509749178,0.0002792807449058335,0.5303507444627416
1.5811388300841895,1.5811388300841895,0.00015849890448576637,0.0003919391050847776,0.40439676069445174
1.5811388300841895,1.5811388300841895,0.00015215067614165328,0.000789072811459167,0.19282209947177578
1.5811388300841895,1.5811388300841895,0.00014478643269699848,0.0003805569070380433,0.3804593479169846
1.5811388300841895,1.5811388300841895,0.00015431840986102985,0.0004020555496800632,0.383823603439448
1.5811388300841895,1.5811388300841895,0.00015136757316947848,0.0003017239195171797,0.5016757485177102
1.5811388300841895,1.5811388300841895,0.0001507918592015363,0.0004546246220309923,0.3316843212932199
1.5811388300841895,1.5811388300841895,0.00018088952786416806,0.00045810145657397967,0.3948678295349534
1.5811388300841895,1.5811388300841895,0.00013950515881208588,0.0008161760884412194,0.17092531965561616
1.5811388300841895,1.5811388300841895,0.00014493911792959788,0.0009564771793412045,0.1515343189154058
1.5811388300841895,8.891397050194612,0.0004971463088764509,0.0008067922675454582,0.6162011324041842
1.5811388300841895,8.891397050194612,0.0005600773888975793,0.005389093863944714,0.10392793353345182
1.5811388300841895,8.891397050194612,0.0005277600756410529,0.0014070003435444195,0.375095911001383
1.5811388300841895,8.891397050194612,0.0005625882966691833,0.001432173429681681,0.39282134761725457
1.5811388300841895,8.891397050194612,0.0004583175075192046,0.0008722974344614021,0.5254142559781705
1.5811388300841895,8.891397050194612,0.0005176866963292446,0.0026692655849132416,0.19394349489058837
1.5811388300841895,8.891397050194612,0.0004800087749338473,0.0008111372366725627,0.5917725795735053
1.5811388300841895,8.891397050194612,0.0005100464541351707,0.0014814205449849072,0.34429551815103726
1.5811388300841895,8.891397050194612,0.0004951113758985505,0.001367331699604131,0.3621004150213842
1.5811388300841895,8.891397050194612,0.00043618433921658505,0.0007461430297917314,0.5845854237066798
1.5811388300841895,8.891397050194612,0.000542030873576312,0.0008911364457090126,0.6082467799249949
1.5811388300841895,8.891397050194612,0.0005128830903791773,0.001774459738153031,0.28903619470849096
1.5811388300841895,8.891397050194612,0.00045086592003986575,0.0009638970429380589,0.46775319350039635
1.5811388300841895,8.891397050194612,0.000527761108132358,0.0007912128900425847,0.6670279450375901
1.5811388300841895,8.891397050194612,0.0004624569228647054,0.0007757795511581435,0.5961189904713446
1.5811388300841895,8.891397050194612,0.0005538292207938806,0.0021892024909302187,0.2529821809943912
1.5811388300841895,8.891397050194612,0.000564550372653433,0.004028331910335826,0.14014494962664797
1.5811388300841895,8.891397050194612,0.000525751146654515,0.0010134869304718281,0.5187547375768842
1.5811388300841895,8.891397050194612,0.000509842113433871,0.0008620592654594243,0.5914235063202489
1.5811388300841895,8.891397050194612,0.0005470831831180443,0.002172067686205816,0.25187206945364277
1.5811388300841895,8.891397050194612,0.0004824234001915621,0.0008808535906024992,0.547677168303971
1.5811388300841895,8.891397050194612,0.00047914321149552705,0.0013778094896645349,0.3477572299289269
1.5811388300841895,8.891397050194612,0.0005567108478764669,0.0010524506061682832,0.5289662475499118
1.5811388300841895,8.891397050194612,0.0005297396446885725,0.0013135581062841916,0.40328603824546916
1.5811388300841895,8.891397050194612,0.00045436900046139117,0.004591499288818701,0.09895874351279514
1.5811388300841895,8.891397050194612,0.0005257641213354033,0.000995543335568416,0.5281177649943413
1.5811388300841895,8.891397050194612,0.0005533254045541836,0.0009291292421849254,0.5955311483394844
1.5811388300841895,8.891397050194612,0.0005501797344771673,0.0016254694911610784,0.3384743530831649
1.5811388300841895,8.891397050194612,0.0004906135304887681,0.0008268780206838771,0.5933324120563777
1.5811388300841895,8.891397050194612,0.0005171908950708114,0.0011959872655779172,0.43243846314776413
1.5811388300841895,8.891397050194612,0.0005530858286802634,0.0010897190744376581,0.5075490019899666
1.5811388300841895,8.891397050194612,0.0004694529038600969,0.0007804811610426213,0.601491653216804
1.5811388300841895,8.891397050194612,0.0006480588117363252,0.001486152112889057,0.4360649264068324
1.5811388300841895,8.891397050194612,0.0004983373630994667,0.0011711241046115936,0.4255205414499957
1.5811388300841895,8.891397050194612,0.000564623595229729,0.0019376903595184408,0.29139000070684695
1.5811388300841895,8.891397050194612,0.00047355410881345965,0.0009785352418983809,0.4839418025402476
1.5811388300841895,8.891397050194612,0.0004967220043956834,0.002830644846283974,0.17548015783321322
1.5811388300841895,8.891397050194612,0.0004530432327274137,0.0009062778538521938,0.4998944096468026
1.5811388300841895,8.891397050194612,0.0005154520500006455,0.00473442509090264,0.10887320848968636
1.5811388300841895,8.891397050194612,0.0004933178349432138,0.001903682978579678,0.2591386488685601
1.5811388300841895,8.891397050194612,0.0005217944285751416,0.001130464677263631,0.46157517264332537
1.5811388300841895,8.891397050194612,0.00048103273469577107,0.001119087737216454,0.42984362950152644
1.5811388300841895,8.891397050194612,0.00047628780448826603,0.0008497184283858396,0.5605242731913466
1.5811388300841895,8.891397050194612,0.0005349689095282518,0.002984800965903002,0.17923101595030672
1.5811388300841895,8.891397050194612,0.0005017310284493019,0.0008985713104612583,0.558365287883219
1.5811388300841895,8.891397050194612,0.00045363878788477985,0.0010330718651628734,0.4391163898488896
1.5811388300841895,8.891397050194612,0.0005292721501312787,0.0011503251340211633,0.4601065685499847
1.5811388300841895,8.891397050194612,0.0005214514346413623,0.0011747411864699232,0.44388622842816533
1.5811388300841895,8.891397050194612,0.000571602683915166,0.001236646812385641,0.46221983365846825
1.5811388300841895,8.891397050194612,0.0006413840400473405,0.002245690894336786,0.2856065550538552
1.5811388300841895,8.891397050194612,0.0005041471263427806,0.0007384972010792956,0.6826662654996957
1.5811388300841895,8.891397050194612,0.0004943339340419498,0.0008242175265138912,0.5997614927369764
1.5811388300841895,8.891397050194612,0.0005690225989288052,0.0012158938087605611,0.4679870847511318
1.5811388300841895,8.891397050194612,0.0004927238210576978,0.0009445875561912002,0.5216285328217497
1.5811388300841895,8.891397050194612,0.00044344942472286506,0.004253808984483972,0.10424761110345432
1.5811388300841895,8.891397050194612,0.0005391973861534871,0.0009975592138312317,0.5405166717699318
1.5811388300841895,8.891397050194612,0.0004878893605585866,0.0011333285298229094,0.43049243685308336
1.5811388300841895,8.891397050194612,0.0005070169537975189,0.0010803073834404872,0.4693265653547668
1.5811388300841895,8.891397050194612,0.0005623730154357578,0.0028603277761186734,0.19661138843285675
1.5811388300841895,8.891397050194612,0.0005370795563381451,0.0012572365180773322,0.42719054737567647
1.5811388300841895,8.891397050194612,0.0004762686319348309,0.0014521341603352892,0.3279783954843837
1.5811388300841895,8.891397050194612,0.0005864616027106909,0.0014287576669876018,0.4104696102504134
1.5811388300841895,8.891397050194612,0.0004701250343630113,0.0009695713723503067,0.4848792443442264
1.5811388300841895,8.891397050194612,0.0004891864906047055,0.0012860464436943255,0.3803801122449805
1.5811388300841895,8.891397050194612,0.0004903310047629477,0.0008777290262207368,0.5586359686362203
1.5811388300841895,8.891397050194612,0.00047566435376375743,0.0007982514013893904,0.5958828922014336
1.5811388300841895,8.891397050194612,0.0005271735507230394,0.0007203972448545874,0.7317817419324663
1.5811388300841895,8.891397050194612,0.0005118292646974758,0.0009056417377125241,0.5651564447440967
1.5811388300841895,8.891397050194612,0.0005140844349921277,0.0010441647106138189,0.49234036523789415
1.5811388300841895,8.891397050194612,0.0005502162940420443,0.0007550693922340064,0.7286963287097786
1.5811388300841895,8.891397050194612,0.0005274176551875312,0.0020857779701941425,0.25286375765990066
1.5811388300841895,8.891397050194612,0.0005648937573836692,0.0019185046261014525,0.29444482421268714
1.5811388300841895,8.891397050194612,0.0005516281519054442,0.002425818863337616,0.2273987395524143
1.5811388300841895,8.891397050194612,0.0005101190421682439,0.0025248058587209604,0.20204287803208154
1.5811388300841895,8.891397050194612,0.0004803035317922689,0.0016672156497590496,0.28808722606561643
1.5811388300841895,8.891397050194612,0.0005461994477304756,0.002355048214408128,0.23192707664702594
1.5811388300841895,8.891397050194612,0.0005570488184855868,0.0013506396087664698,0.41243334999951303
1.5811388300841895,8.891397050194612,0.0005272561817309691,0.001678751547263038,0.31407636382559656
1.5811388300841895,8.891397050194612,0.0005988400627166287,0.0012607391293448875,0.4749912561433715
1.5811388300841895,8.891397050194612,0.0006573389054686237,0.0012801739182901136,0.5134762519975488
1.5811388300841895,8.891397050194612,0.00048154571144955275,0.001000462413689796,0.48132314103992024
1.5811388300841895,8.891397050194612,0.0004924538322141613,0.0012130684841435255,0.4059571562951396
1.5811388300841895,8.891397050194612,0.000525023906901696,0.0009181405585387656,0.5718339115061852
1.5811388300841895,8.891397050194612,0.0005507426563953517,0.0012872259322250256,0.42785236267216065
1.5811388300841895,8.891397050194612,0.00046689906697219716,0.0013755482136819524,0.3394276277110206
1.5811388300841895,8.891397050194612,0.0005024122020997992,0.0007685537896080086,0.6537111766192036
1.5811388300841895,8.891397050194612,0.0005472746579952277,0.004987536011940294,0.10972846244819838
1.5811388300841895,8.891397050194612,0.0005277309095307359,0.0009093107195048003,0.5803636735066005
1.5811388300841895,8.891397050194612,0.0004556187034983777,0.0014385485392522644,0.31672111928541624
1.5811388300841895,8.891397050194612,0.0005938131369029817,0.0021374372961644955,0.2778154652623233
1.5811388300841895,8.891397050194612,0.0004922771733693739,0.0011373033187795482,0.4328459833368301
1.5811388300841895,8.891397050194612,0.000601205772221833,0.003037188437448569,0.19794813018809068
1.5811388300841895,8.891397050194612,0.0004963023070568471,0.002880408052919537,0.17230277722415155
1.5811388300841895,8.891397050194612,0.000455463650013205,0.001235155388335602,0.3687500814184618
1.5811388300841895,8.891397050194612,0.0004819637592435831,0.0007366819367859683,0.6542358854980455
1.5811388300841895,8.891397050194612,0.0005384355699063086,0.001406101407781571,0.382927978683847
1.5811388300841895,8.891397050194612,0.0004911330123718861,0.000796406579230904,0.6166862820824222
1.5811388300841895,8.891397050194612,0.00045318608770496016,0.0014466807903303165,0.3132592142883749
1.5811388300841895,8.891397050194612,0.0004664207801686893,0.00200925598980766,0.23213606555595653
1.5811388300841895,8.891397050194612,0.0004710276527537636,0.0007366604143829792,0.6394094803482722
1.5811388300841895,8.891397050194612,0.0006996005171254202,0.004884438365326216,0.14323049341593977
1.5811388300841895,8.891397050194612,0.00046751313705501384,0.0012114703293825875,0.3859055609667938
1.5811388300841895,8.891397050194612,0.0004971564592707551,0.00221808662501688,0.22413753081756746
1.5811388300841895,8.891397050194612,0.0005281711593700889,0.0009034156310229993,0.5846380572051919
1.5811388300841895,8.891397050194612,0.0005120891611520046,0.0008319808533438718,0.6155059447508097
1.5811388300841895,8.891397050194612,0.0005359622013480881,0.000920098529749931,0.5825052252759871
1.5811388300841895,8.891397050194612,0.0005174027978826325,0.0012085779844697988,0.4281087398010284
1.5811388300841895,8.891397050194612,0.00046423213578376647,0.001581470821007324,0.2935445470236827
1.5811388300841895,8.891397050194612,0.0005532531384410532,0.001410534212953498,0.3922295066367828
1.5811388300841895,8.891397050194612,0.0005097273425588755,0.001445969735020306,0.3525159138629671
1.5811388300841895,8.891397050194612,0.0004614404936587721,0.0011690001092842794,0.3947309243121364
1.5811388300841895,8.891397050194612,0.0004815626802419212,0.0016062099077089737,0.29981304307156265
1.5811388300841895,8.891397050194612,0.0005112806656950322,0.0014510341875630676,0.3523560437633107
1.5811388300841895,8.891397050194612,0.0005100104616482004,0.002296381669943507,0.2220930729083668
1.5811388300841895,8.891397050194612,0.00049778430750057,0.0018686543061759483,0.26638651453903517
1.5811388300841895,8.891397050194612,0.0005094189018917981,0.006114693161006366,0.08331062384951415
1.5811388300841895,8.891397050194612,0.0006091606159566691,0.004550938552245765,0.13385384332558498
1.5811388300841895,8.891397050194612,0.0004865204087108233,0.0010539547854678968,0.4616141180049157
1.5811388300841895,8.891397050194612,0.00046628212451943994,0.0008721929792817281,0.5346088945859602
1.5811388300841895,8.891397050194612,0.0004436018364077306,0.0017464816551262911,0.2539974211041186
1.5811388300841895,8.891397050194612,0.0005026972290925106,0.0019523462471647526,0.25748364554829367
1.5811388300841895,8.891397050194612,0.000470871986637118,0.0009032217040239999,0.5213249244779068
1.5811388300841895,8.891397050194612,0.0004856755145099032,0.0008170085724770539,0.5944558366595886
1.5811388300841895,8.891397050194612,0.0004629825244110856,0.00184247071020337,0.2512835193781626
1.5811388300841895,8.891397050194612,0.0005906408160879158,0.0031230472289760537,0.18912324175179632
1.5811388300841895,8.891397050194612,0.0004863684747829615,0.0013806024766169593,0.35228712320925515
1.5811388300841895,8.891397050194612,0.00043761185096292656,0.0017600654753815563,0.2486338474811903
1.5811388300841895,8.891397050194612,0.0005234571170633731,0.0015141379125492536,0.34571297153643227
1.5811388300841895,8.891397050194612,0.0006482389153138116,0.0033154474305931614,0.19552079436766584
1.5811388300841895,8.891397050194612,0.0005553553607683787,0.0012853952152844367,0.4320502785172479
1.5811388300841895,8.891397050194612,0.00050113404885468,0.000948207629452527,0.528506661715033
1.5811388300841895,8.891397050194612,0.0004935990469175238,0.001474379793220125,0.3347841914188724
1.5811388300841895,8.891397050194612,0.0005534689676042004,0.004374287798213734,0.12652778992507369
1.5811388300841895,8.891397050194612,0.00047565750756159246,0.003195262536162058,0.14886335697877315
1.5811388300841895,8.891397050194612,0.0005412763191018457,0.001728997405310016,0.31305791289188933
1.5811388300841895,8.891397050194612,0.0005695361784688182,0.0013316279289005656,0.4276991839147182
1.5811388300841895,8.891397050194612,0.0005366636468098108,0.002569617287797276,0.20884964051197247
1.5811388300841895,8.891397050194612,0.0004888116315457179,0.0008685230692863318,0.5628078848238032
1.5811388300841895,8.891397050194612,0.0004788120203997184,0.004244440150206872,0.11280922888649551
1.5811388300841895,8.891397050194612,0.0004918485811662231,0.0012696916363740198,0.38737640469212065
1.5811388300841895,8.891397050194612,0.000458255133116952,0.0006680320867738412,0.6859777280010981
1.5811388300841895,8.891397050194612,0.0005242907908206552,0.004356390585378479,0.12034981265921209
1.5811388300841895,8.891397050194612,0.0005196663436275339,0.0016086736027553184,0.323040262945482
1.5811388300841895,8.891397050194612,0.00047542189589135997,0.0011905815125869046,0.39931906456229077
1.5811388300841895,8.891397050194612,0.000486329428865891,0.0011135292242721356,0.43674599486491505
1.5811388300841895,8.891397050194612,0.0004632163085725113,0.000866899063722614,0.5343370733189867
1.5811388300841895,8.891397050194612,0.0005264756999846523,0.0014045903809643818,0.37482507862767633
1.5811388300841895,8.891397050194612,0.0004607567498437619,0.001107699166980951,0.4159583789338405
1.5811388300841895,8.891397050194612,0.0005262210974521667,0.001499298560509707,0.3509781916106627
1.5811388300841895,8.891397050194612,0.0005285819325714711,0.0012619542081769904,0.41885983591675374
1.5811388300841895,8.891397050194612,0.0005276051253308309,0.002191596974885889,0.2407400317562046
1.5811388300841895,8.891397050194612,0.0004868375997343259,0.0026500902880557606,0.18370604274448868
1.5811388300841895,8.891397050194612,0.0005811370752882044,0.002932139238272576,0.19819559306827877
1.5811388300841895,8.891397050194612,0.0004936041279635658,0.004524941440480339,0.10908519689288353
1.5811388300841895,8.891397050194612,0.0005739564657707614,0.0017672302167296863,0.3247774174170049
1.5811388300841895,8.891397050194612,0.000621902614857227,0.0015368075529392016,0.4046717584565583
1.5811388300841895,8.891397050194612,0.0004909545792020803,0.0007958272232743077,0.6169110139033995
1.5811388300841895,8.891397050194612,0.0005177956956513496,0.001247934869473363,0.4149220510761615
1.5811388300841895,8.891397050194612,0.0004948521465315746,0.0009380108311639585,0.5275548320881569
1.5811388300841895,8.891397050194612,0.0005327673050644637,0.0026787252701075005,0.19888837090153821
1.5811388300841895,8.891397050194612,0.0004794421173723196,0.0008657507545235483,0.5537876979803185
1.5811388300841895,8.891397050194612,0.00044088328753371796,0.0013235415270042754,0.33310876805778816
1.5811388300841895,8.891397050194612,0.0005664916401902401,0.0009748646372749769,0.581097742732514
1.5811388300841895,8.891397050194612,0.0004930386705957542,0.0012932272162995096,0.3812467479663427
1.5811388300841895,8.891397050194612,0.0005829684176965695,0.0019801336330453846,0.2944086237250473
1.5811388300841895,8.891397050194612,0.0005028283449040536,0.001267200972153519,0.39680236675444797
1.5811388300841895,8.891397050194612,0.0005043731923853786,0.0015390367033030678,0.3277200545658833
1.5811388300841895,8.891397050194612,0.0005853080249294423,0.00185721524958314,0.31515357471936395
1.5811388300841895,8.891397050194612,0.00047738822333067056,0.0009761844085410832,0.48903487819901953
1.5811388300841895,8.891397050194612,0.000638653539700518,0.0011552565981258133,0.5528239706543233
1.5811388300841895,8.891397050194612,0.0005127447174678622,0.0013541445142940755,0.3786484470862842
1.5811388300841895,8.891397050194612,0.0004574874222745057,0.0010633814906976184,0.4302194708828124
1.5811388300841895,8.891397050194612,0.0004699587642107158,0.0011061605252838764,0.42485584458016096
1.5811388300841895,8.891397050194612,0.0005603106766817336,0.002884684063969044,0.1942364100388868
1.5811388300841895,8.891397050194612,0.00047067660544632307,0.0007046618751387112,0.6679467444633235
1.5811388300841895,8.891397050194612,0.0005552728131333828,0.002911557198645918,0.19071334521321592
1.5811388300841895,8.891397050194612,0.000492457691596934,0.0008756566260217159,0.5623867586479284
1.5811388300841895,8.891397050194612,0.0005019409149627816,0.0007690015849572101,0.6527176598611449
1.5811388300841895,8.891397050194612,0.0004133000030140601,0.0007432516900055248,0.5560700481030698
1.5811388300841895,8.891397050194612,0.000554238474940515,0.0023797296843604994,0.23289976108755162
1.5811388300841895,8.891397050194612,0.00048175170881824237,0.0017345807253220608,0.277733807245434
1.5811388300841895,8.891397050194612,0.0004722902286249448,0.001293511314992344,0.3651226109512155
1.5811388300841895,8.891397050194612,0.0005896928682271226,0.0020944389324301367,0.2815517125356878
1.5811388300841895,8.891397050194612,0.0004893123897701521,0.0012185250106631488,0.4015612199078764
1.5811388300841895,8.891397050194612,0.000448654028893766,0.0012918455538457347,0.34729695632589674
1.5811388300841895,8.891397050194612,0.0005026652693559287,0.001414044384303758,0.3554805456855792
1.5811388300841895,8.891397050194612,0.0004847279346305325,0.00528893771620186,0.0916493936288268
1.5811388300841895,8.891397050194612,0.0005329145296038623,0.010397667049036677,0.051253278941379043
1.5811388300841895,8.891397050194612,0.0005567775187067385,0.0021789226924582785,0.2555288081738125
1.5811388300841895,8.891397050194612,0.0005693660026452054,0.0018451965894746081,0.30856658086893807
1.5811388300841895,8.891397050194612,0.00048000388909909134,0.0009758386619640761,0.4918885752415104
1.5811388300841895,8.891397050194612,0.0005055155465061276,0.0014776540118271357,0.34210684129030444
1.5811388300841895,8.891397050194612,0.00047006819295951666,0.0006813991686879595,0.6898573032670958
1.5811388300841895,8.891397050194612,0.0004546380209641685,0.0017984185742738906,0.25279877969884074
1.5811388300841895,8.891397050194612,0.000546205108387424,0.0009807759574521238,0.5569111928542424
1.5811388300841895,8.891397050194612,0.0005403531061366685,0.00102052880111179,0.5294834457861396
1.5811388300841895,8.891397050194612,0.0005615696032865372,0.0012656483740242266,0.4437011217428292
1.5811388300841895,8.891397050194612,0.0005190972287681025,0.0009302663329151759,0.5580092607903022
1.5811388300841895,8.891397050194612,0.0005241376131817394,0.0012968900354618535,0.4041496185874244
1.5811388300841895,8.891397050194612,0.0005166909406001814,0.0017057796751564695,0.3029060248081487
1.5811388300841895,50.0,0.002583434634274776,0.006138526916329418,0.42085579642934295
1.5811388300841895,50.0,0.002564929742275596,0.012328511092154536,0.20804862185733314
1.5811388300841895,50.0,0.0028668483423505997,0.0044038654826667875,0.6509845392949111
1.5811388300841895,50.0,0.0025689072777138927,0.007966789796540152,0.3224519967665681
1.5811388300841895,50.0,0.0028878028641441712,0.021168061136064648,0.1364226437925454
1.5811388300841895,50.0,0.002647547287219981,0.0041439403480063265,0.6388960904067384
1.5811388300841895,50.0,0.0024837018029857153,0.0070166259671499654,0.3539738065864943
1.5811388300841895,50.0,0.002612360521040683,0.004195635909434819,0.6226375637519477
1.5811388300841895,50.0,0.002361896260146446,0.004448500944948359,0.5309420610168858
1.5811388300841895,50.0,0.002424082522242355,0.005718613738462876,0.42389338275082233
1.5811388300841895,50.0,0.00250628285892212,0.003829981743654268,0.6543850667368512
1.5811388300841895,50.0,0.0023577474144276167,0.013675739844754725,0.1724036462518641
1.5811388300841895,50.0,0.002765091555708828,0.01141325857987234,0.24227012262607966
1.5811388300841895,50.0,0.0026805285489732117,0.003989057282309107,0.6719704329293461
1.5811388300841895,50.0,0.0024417358761477997,0.0032597975783925036,0.7490452451197559
1.5811388300841895,50.0,0.0022539120826570477,0.00475964416110346,0.4735463421985118
1.5811388300841895,50.0,0.0025415564025731813,0.003733939964806448,0.6806634350118494
1.5811388300841895,50.0,0.0022790704208099275,0.0036348709180891066,0.6270017483889252
1.5811388300841895,50.0,0.0026758197642318647,0.004246296104972499,0.6301538324419782
1.5811388300841895,50.0,0.00229053177042631,0.008071951461528311,0.28376431416160053
1.5811388300841895,50.0,0.0026813462743338046,0.006237069557307501,0.42990482143850306
1.5811388300841895,50.0,0.003073624417608616,0.00800208693254579,0.38410285260807214
1.5811388300841895,50.0,0.002756995165026215,0.033656311958861,0.08191614008083128
1.5811388300841895,50.0,0.0025959485956108842,0.005317288626319897,0.4882090813655049
1.5811388300841895,50.0,0.002752718386658971,0.004349294994007552,0.6329114006871596
1.5811388300841895,50.0,0.0027725688714013534,0.005752640641075504,0.48196455234912755
1.5811388300841895,50.0,0.0025484882544048147,0.008281220008401317,0.3077430924210886
1.5811388300841895,50.0,0.00209925972813669,0.003420072092143054,0.6138056951955276
1.5811388300841895,50.0,0.0026894448110575666,0.007611511574550138,0.3533391212397283
1.5811388300841895,50.0,0.0024164694201418103,0.0055592088424392255,0.43467865457659816
1.5811388300841895,50.0,0.002515181653518091,0.007038233298229827,0.35735980137951373
1.5811388300841895,50.0,0.002585419834903339,0.0037471602238703847,0.689967783718866
1.5811388300841895,50.0,0.002323288240462898,0.003604082931719683,0.6446267426355654
1.5811388300841895,50.0,0.00247344800741206,0.00858633765997841,0.28806787076881385
1.5811388300841895,50.0,0.002607676648948575,0.008763521517152366,0.29756036358725324
1.5811388300841895,50.0,0.0022199323339582235,0.0035174861364668628,0.6311133144047111
1.5811388300841895,50.0,0.002372789176861438,0.0030196994903901545,0.7857699696319339
1.5811388300841895,50.0,0.002311912250007765,0.006338941873275414,0.3647157989813164
1.5811388300841895,50.0,0.0022298613399457296,0.006033340735268073,0.3695898239114872
1.5811388300841895,50.0,0.0026623560757313425,0.007518975207151861,0.3540849653552489
1.5811388300841895,50.0,0.0026607701175183,0.006415342812583473,0.4147510421889367
1.5811388300841895,50.0,0.0024343837881258905,0.011377719091345403,0.21396061623437632
1.5811388300841895,50.0,0.0025141952129266337,0.0037076828697328633,0.6781041694398691
1.5811388300841895,50.0,0.002398324213662652,0.012405147486131361,0.19333298667701593
1.5811388300841895,50.0,0.0022456388988771666,0.0033494472480343446,0.6704505945555768
1.5811388300841895,50.0,0.0028052367237150055,0.005866113931918602,0.47821040577667573
1.5811388300841895,50.0,0.00234965499815774,0.0032967069284467725,0.7127278976128972
1.5811388300841895,50.0,0.002422583118527281,0.00543591766465558,0.4456622171227783
1.5811388300841895,50.0,0.0025029342479012885,0.009294615308317608,0.26928863270558934
1.5811388300841895,50.0,0.002484933518102829,0.004805810969577759,0.5170685101501519
1.5811388300841895,50.0,0.0024632486513619625,0.006780486795279822,0.3632849271348382
1.5811388300841895,50.0,0.002883192793654557,0.010850777632520577,0.26571301074435594
1.5811388300841895,50.0,0.0030290687842861783,0.006139138465168135,0.4934029101106486
1.5811388300841895,50.0,0.002373905498715901,0.004410069136460045,0.538292127687919
1.5811388300841895,50.0,0.002852599450437922,0.008398287627530381,0.33966441457504165
1.5811388300841895,50.0,0.002806588836801988,0.006156419375914663,0.45588006037763007
1.5811388300841895,50.0,0.00289927906058988,0.009110375153282299,0.31823926148039294
1.5811388300841895,50.0,0.003363241904766352,0.007970933747200476,0.4219382586071021
1.5811388300841895,50.0,0.0023392821460028906,0.0044983175436610606,0.5200349071175201
1.5811388300841895,50.0,0.002684719698947674,0.02641660002691349,0.101630024159523
1.5811388300841895,50.0,0.0026723356160148625,0.0065488528399076295,0.40806163786886307
1.5811388300841895,50.0,0.0025147347516425913,0.00348229156069747,0.7221493972603815
1.5811388300841895,50.0,0.002899673661155595,0.005560941677787958,0.5214357260277961
1.5811388300841895,50.0,0.002863549938780249,0.0055435779946292315,0.5165526563447892
1.5811388300841895,50.0,0.0020536900750545,0.006765695481503989,0.3035445625167233
1.5811388300841895,50.0,0.0026852367910117046,0.004722486817763952,0.5686065191142526
1.5811388300841895,50.0,0.0024717823579007312,0.004481449373436389,0.5515586927193961
1.5811388300841895,50.0,0.002555323691857344,0.005827135439689598,0.43852141730782596
1.5811388300841895,50.0,0.00227056908579482,0.024163015519853465,0.09396877984576114
1.5811388300841895,50.0,0.0024634077281761317,0.006536175932103203,0.3768882223743111
1.5811388300841895,50.0,0.002916616629185134,0.01093306100656163,0.2667703607831956
1.5811388300841895,50.0,0.002468626153198077,0.004084480232947697,0.6043917493552204
1.5811388300841895,50.0,0.0028175849031476566,0.00638373696939182,0.4413692037527806
1.5811388300841895,50.0,0.002503777959005513,0.006553966719381697,0.3820248204192468
1.5811388300841895,50.0,0.0027794865972617295,0.00700820337709396,0.39660472844529215
1.5811388300841895,50.0,0.0027859734861439825,0.004464469310086979,0.6240323972771815
1.5811388300841895,50.0,0.0026066882485971834,0.007547376231163271,0.34537674666781737
1.5811388300841895,50.0,0.0029166625355752803,0.007413056886046267,0.39344936649081536
1.5811388300841895,50.0,0.0029558266316516116,0.007848937299118562,0.3765894055471117
1.5811388300841895,50.0,0.0027258443613392786,0.004816871800129695,0.5658951440779232
1.5811388300841895,50.0,0.002694198942892063,0.003600963943908846,0.7481882587159455
1.5811388300841895,50.0,0.0025388647821104906,0.00438783421408989,0.5786145643237557
1.5811388300841895,50.0,0.0023967327554496563,0.002941288037549444,0.8148582270257735
1.5811388300841895,50.0,0.0025664324874861205,0.003963375796902344,0.6475370035543859
1.5811388300841895,50.0,0.003015930918514928,0.005633198457063877,0.5353851708762423
1.5811388300841895,50.0,0.0024921204166833025,0.006795284281876748,0.366742628167871
1.5811388300841895,50.0,0.0021873351721955064,0.0033402811517963746,0.6548356478972366
1.5811388300841895,50.0,0.0027850490556193905,0.005047121932233444,0.5518093465966564
1.5811388300841895,50.0,0.00257137056416937,0.004905968091685534,0.524131122770089
1.5811388300841895,50.0,0.0023481315483514574,0.003439861073782531,0.6826239484635381
1.5811388300841895,50.0,0.0027400737292946715,0.005305772758125473,0.5164325451176575
1.5811388300841895,50.0,0.0029093455278632395,0.011235430383115424,0.2589438435963607
1.5811388300841895,50.0,0.0024121895971180142,0.005695468923165745,0.42352783057189136
1.5811388300841895,50.0,0.0026612262990401937,0.009825778137783606,0.2708412770696331
1.5811388300841895,50.0,0.002447781469701128,0.004639921923085809,0.5275479868577649
1.5811388300841895,50.0,0.0024647002958546153,0.008179809847694088,0.3013151089996819
1.5811388300841895,50.0,0.0024315275504811188,0.0070365672122981735,0.34555593332945245
1.5811388300841895,50.0,0.002415338727734118,0.003540389717911807,0.6822239697269072
1.5811388300841895,50.0,0.002245014727816689,0.013425547041722217,0.16721960906620162
1.5811388300841895,50.0,0.0026899360643392826,0.003775677007148241,0.7124380764685654
1.5811388300841895,50.0,0.0024504105645997308,0.015513523637918305,0.15795319115061737
1.5811388300841895,50.0,0.0028598694765847445,0.014506039394074407,0.19715026265218724
1.5811388300841895,50.0,0.0022412474171214056,0.004418623391195674,0.5072275273758796
1.5811388300841895,50.0,0.0027228609527133398,0.014341979941869257,0.18985251434945574
1.5811388300841895,50.0,0.0024768619728645796,0.005260880307137765,0.47080751286131073
1.5811388300841895,50.0,0.002628679500656609,0.005580428338835812,0.4710533566684961
1.5811388300841895,50.0,0.0023220329321224594,0.005354365363961235,0.4336709907305591
1.5811388300841895,50.0,0.0020815126524915085,0.007355006805452996,0.28300621706403817
1.5811388300841895,50.0,0.002556378226468027,0.005331683151895543,0.479469269579377
1.5811388300841895,50.0,0.002625213997238764,0.004986854353603755,0.5264268436758436
1.5811388300841895,50.0,0.0022152559880891103,0.002730104511145999,0.8114180167993738
1.5811388300841895,50.0,0.0030816157335107714,0.009687628024765315,0.31809806545348074
1.5811388300841895,50.0,0.002356488119541291,0.008097040187013085,0.2910308044809859
1.5811388300841895,50.0,0.0025637691479599408,0.0043382658167132725,0.5909663575899289
1.5811388300841895,50.0,0.002816157681327943,0.005015040821331244,0.5615423247104085
1.5811388300841895,50.0,0.00258896212989639,0.0067418601208333465,0.38401302956377176
1.5811388300841895,50.0,0.003000287802643454,0.006748480865804331,0.4445871392843993
1.5811388300841895,50.0,0.0024788988134190233,0.007966378291300556,0.3111701105289
1.5811388300841895,50.0,0.0025058891407261086,0.003776618476693632,0.6635272152033673
1.5811388300841895,50.0,0.002372476262479033,0.003486907619604484,0.6803955026339757
1.5811388300841895,50.0,0.0022794157917115634,0.02489543582145439,0.09155958578347957
1.5811388300841895,50.0,0.0021935458181571955,0.023518015041089833,0.09327087402251895
1.5811388300841895,50.0,0.002478461736486063,0.0039030326804953544,0.6350092195926754
1.5811388300841895,50.0,0.0024029709766270678,0.003162514053590906,0.7598293433348041
1.5811388300841895,50.0,0.0026021210401569617,0.00909815217625099,0.2860054426160631
1.5811388300841895,50.0,0.002425706036572847,0.0035470144455125624,0.6838726128227876
1.5811388300841895,50.0,0.002334427575736741,0.004113460568689404,0.5675094088675114
1.5811388300841895,50.0,0.0022004669813053086,0.0047265931545512445,0.4655503254360861
1.5811388300841895,50.0,0.002010460640214716,0.0033001135557419814,0.6092095336285159
1.5811388300841895,50.0,0.0029747427288624776,0.008734803084200018,0.34056208253204384
1.5811388300841895,50.0,0.0030320555274203098,0.011070898390481853,0.2738761950906445
1.5811388300841895,50.0,0.0025960138269703766,0.006673982031782163,0.3889752496497446
1.5811388300841895,50.0,0.0024957695611076396,0.003933273339290925,0.6345273632972498
1.5811388300841895,50.0,0.0026392908505199326,0.005551228955139583,0.47544262213799626
1.5811388300841895,50.0,0.0030190339752914548,0.011132540158840534,0.2711900367944319
1.5811388300841895,50.0,0.0022232978096400884,0.004899218661903685,0.4538066093943608
1.5811388300841895,50.0,0.002417219026286645,0.0058569205383133364,0.4127115965590257
1.5811388300841895,50.0,0.0025212983653885267,0.005828891949717891,0.4325519133204302
1.5811388300841895,50.0,0.002518952336965757,0.004199365969268213,0.599841108252995
1.5811388300841895,50.0,0.0025267163634897336,0.010530248535662923,0.2399484071940441
1.5811388300841895,50.0,0.0025961351297373856,0.006244181191466738,0.41576870531643906
1.5811388300841895,50.0,0.0021767876107727305,0.004158323927274878,0.5234771626363581
1.5811388300841895,50.0,0.002674783715822715,0.009954766938236005,0.26869375570702103
1.5811388300841895,50.0,0.002671556030867485,0.012954919477376323,0.20621942386696626
1.5811388300841895,50.0,0.002798994625826631,0.015312802949155293,0.18278786941361597
1.5811388300841895,50.0,0.0021162286381945796,0.004819686076641883,0.43908018168458435
1.5811388300841895,50.0,0.0023553784592918237,0.01031046165514535,0.22844548945258836
1.5811388300841895,50.0,0.002604659021758618,0.005633380791889975,0.46236161161134043
1.5811388300841895,50.0,0.002713206352849114,0.006861400055623348,0.39543042685952573
1.5811388300841895,50.0,0.002125943478362988,0.003379077664865852,0.6291490427898724
1.5811388300841895,50.0,0.002692761627460315,0.011156940142181564,0.24135305855766542
1.5811388300841895,50.0,0.0022862656111151585,0.002828463420175929,0.8083065861155644
1.5811388300841895,50.0,0.0024646889458538176,0.006214623247118086,0.396595070666073
1.5811388300841895,50.0,0.002953326988649684,0.010216898042696274,0.2890629794197585
1.5811388300841895,50.0,0.002859351705621855,0.0073104378644402645,0.39113275547152004
1.5811388300841895,50.0,0.0024732837312849707,0.02419236067862445,0.10223407976346352
1.5811388300841895,50.0,0.0021768293400362877,0.0041709548008087806,0.5219019250973862
1.5811388300841895,50.0,0.002074787844615429,0.005173925836086427,0.40100842384412777
1.5811388300841895,50.0,0.003148806150796992,0.005646770842524609,0.5576295264337654
1.5811388300841895,50.0,0.0024220180322701295,0.004399614060161975,0.5505069306422212
1.5811388300841895,50.0,0.002251332682563207,0.0032031159565929007,0.7028570657672696
1.5811388300841895,50.0,0.002428472882420006,0.013471254310335181,0.18027073251500236
1.5811388300841895,50.0,0.0024999032843939966,0.005708196287901234,0.4379497757798989
1.5811388300841895,50.0,0.00271105667340304,0.0059748348881147675,0.45374587317817183
1.5811388300841895,50.0,0.002254764543554957,0.003532007238329531,0.6383804990788614
1.5811388300841895,50.0,0.002372345016393217,0.014056889405706237,0.16876742413795973
1.5811388300841895,50.0,0.002678368682845347,0.0048875450204483965,0.5479987747713118
1.5811388300841895,50.0,0.00220103913503692,0.008040990251759412,0.2737273726398712
1.5811388300841895,50.0,0.002652423158737072,0.006130691403589471,0.4326466599157315
1.5811388300841895,50.0,0.002367143739822899,0.0039020984725319646,0.6066335220615088
1.5811388300841895,50.0,0.0027297068949821224,0.011631540536115662,0.23468145827342873
1.5811388300841895,50.0,0.002660468311893672,0.006060416180110348,0.438991025174979
1.5811388300841895,50.0,0.0022851895985646687,0.005291097795355018,0.4318932831993401
1.5811388300841895,50.0,0.0024546148120227857,0.007368116315131613,0.3331400736687393
1.5811388300841895,50.0,0.0023422828579559864,0.004044569404056303,0.57911797869185
1.5811388300841895,50.0,0.0023251575511666913,0.00986513435381643,0.23569446373197947
1.5811388300841895,50.0,0.0021867952818245824,0.0037600957056191583,0.5815796865373916
1.5811388300841895,50.0,0.002552060875303194,0.013186344240329599,0.19353816560452575
1.5811388300841895,50.0,0.0024562755430495454,0.0034079387894506933,0.7207510741252071
1.5811388300841895,50.0,0.0024633987554443753,0.0036174634454480036,0.6809740561564394
1.5811388300841895,50.0,0.002587648706348979,0.01494584942105332,0.17313493756359635
1.5811388300841895,50.0,0.0020930098407708525,0.004613862847234162,0.4536350364262634
1.5811388300841895,50.0,0.0020689949152137488,0.01084015090317895,0.19086403258528453
1.5811388300841895,50.0,0.002561904488835874,0.009495603691155203,0.26979901143327956
1.5811388300841895,50.0,0.0028279739186237445,0.011295939392262692,0.25035314199373304
1.5811388300841895,50.0,0.002481822935897858,0.0030223473007425076,0.8211574279660523
1.5811388300841895,50.0,0.002728084496192547,0.007374503202142096,0.3699346818915356
1.5811388300841895,50.0,0.002456831356898776,0.003680009592347815,0.6676154763312284
1.5811388300841895,50.0,0.0023771203303678246,0.003081588062194347,0.7713945804537928
1.5811388300841895,50.0,0.002443636808897131,0.004102108781750581,0.5957025858915193
1.5811388300841895,50.0,0.002357205836041525,0.0037266363278172835,0.6325290768101745
1.5811388300841895,50.0,0.00292481604218554,0.007438745691758904,0.3931867230554514
1.5811388300841895,50.0,0.0026057097214688793,0.014834526183899441,0.17565169855556087
1.5811388300841895,50.0,0.002717099224264033,0.00719921897984983,0.37741583244919014
1.5811388300841895,50.0,0.0023854961164875873,0.006012464577095386,0.3967584483699391
1.5811388300841895,50.0,0.002510837240395503,0.004718854008667445,0.5320862302126056
1.5811388300841895,50.0,0.002622790532996449,0.010902946082086775,0.24055796600751955
1.5811388300841895,50.0,0.002833423268616752,0.007121320781002532,0.39787889855705466
1.5811388300841895,50.0,0.002342943658062472,0.00325919756187502,0.7188713214164819
1.5811388300841895,50.0,0.002616171923268326,0.0038624399091581503,0.6773366019404407
8.891397050194612,0.05,0.00048563057317001896,0.0006450192690057888,0.7528931250667189
8.891397050194612,0.05,0.00044286969951076656,0.0052475689470792225,0.08439521309334415
8.891397050194612,0.05,0.00046051625923165156,0.0023484090222663048,0.19609712569884258
8.891397050194612,0.05,0.0003896363793660398,0.0010213358736131507,0.38149681160971494
8.891397050194612,0.05,0.0004400901583245214,0.0013967315640154646,0.31508571128678864
8.891397050194612,0.05,0.00041660379682489793,0.0023656890501059565,0.17610251727979156
8.891397050194612,0.05,0.000538613676897181,0.002234411616045584,0.24105391908515428
8.891397050194612,0.05,0.0003873928309474082,0.00051347165091798,0.7544580703819397
8.891397050194612,0.05,0.00040699281285696046,0.0005984886865433002,0.6800342629827053
8.891397050194612,0.05,0.00044943387244744513,0.0005301034284739215,0.8478229875654447
8.891397050194612,0.05,0.00047164736916209044,0.00112909054284692,0.4177232482816354
8.891397050194612,0.05,0.0004207212077028327,0.004063128498116386,0.1035461241006465
8.891397050194612,0.05,0.00039413481973685254,0.0006411912429400505,0.6146915200052148
8.891397050194612,0.05,0.00040330081989537766,0.0007671529109534036,0.52571112504046
8.891397050194612,0.05,0.000383662554310473,0.0044638271360964415,0.08594924100174293
8.891397050194612,0.05,0.0004403060940303641,0.0012202641329888096,0.3608285141938216
8.891397050194612,0.05,0.00041867850525267484,0.0005544872305196729,0.7550733041413482
8.891397050194612,0.05,0.00047180687846075923,0.001010201242990399,0.4670424647905955
8.891397050194612,0.05,0.00048768829392160283,0.0009723211536916223,0.5015712062521641
8.891397050194612,0.05,0.00050876944819402,0.0009559941071914083,0.5321888956917542
8.891397050194612,0.05,0.0004327790220229906,0.0011742468789154553,0.368558801214536
8.891397050194612,0.05,0.00042156791897200117,0.0010229618496384056,0.4121052208555149
8.891397050194612,0.05,0.0005478562146736035,0.00860570990858747,0.06366194311603607
8.891397050194612,0.05,0.0004211329206467597,0.0010148194562247187,0.4149830968095917
8.891397050194612,0.05,0.0004114155676177811,0.0016810342252804114,0.24473955463289473
8.891397050194612,0.05,0.0005015205258797415,0.0028585897911849456,0.17544333483114088
8.891397050194612,0.05,0.00040527246883690054,0.0008123956181736681,0.49886097336170554
8.891397050194612,0.05,0.00047687930533600424,0.0010361606777576906,0.4602368296469208
8.891397050194612,0.05,0.00037847046421431895,0.0023475822021924793,0.16121712963271476
8.891397050194612,0.05,0.00039310460177564713,0.0008689339808284858,0.4523986982311835
8.891397050194612,0.05,0.0004367702347855924,0.0024707294516999093,0.17677784772634095
8.891397050194612,0.05,0.00052056885200871,0.0016591048156454284,0.3137648972504472
8.891397050194612,0.05,0.0005856870759435773,0.0021006947161748184,0.2788063736410316
8.891397050194612,0.05,0.00040273288223791206,0.0005758151045669992,0.6994135427217713
8.891397050194612,0.05,0.00045497014278146614,0.0011959653205661194,0.3804208491313966
8.891397050194612,0.05,0.00046339246106736167,0.0010385021950989745,0.4462123077392225
8.891397050194612,0.05,0.00044988700890627215,0.003638093984574044,0.12366008432268302
8.891397050194612,0.05,0.00042465016712052396,0.0007627718163516851,0.5567197922330338
8.891397050194612,0.05,0.0004579383305469332,0.000880215928969623,0.5202568091252266
8.891397050194612,0.05,0.0004662111147165229,0.002100141810298573,0.2219903020026265
8.891397050194612,0.05,0.00039047922574915136,0.0007504611173571444,0.5203190634636469
8.891397050194612,0.05,0.00043707850112764955,0.0009219586086419379,0.47407605615991183
8.891397050194612,0.05,0.0004044206884115607,0.0009754973418139891,0.4145789753353084
8.891397050194612,0.05,0.00041320641458863995,0.0007040930785598522,0.5868633383441432
8.891397050194612,0.05,0.00040444484977191674,0.0006594926295703672,0.6132666714340632
8.891397050194612,0.05,0.00044246507456733176,0.002096087075057657,0.2110909798702713
8.891397050194612,0.05,0.00044079231706401997,0.0013885124414906092,0.31745651237436256
8.891397050194612,0.05,0.0004334445978650398,0.000793690505015548,0.5461128678319628
8.891397050194612,0.05,0.0005033715869313247,0.0008798887774299592,0.5720854724407416
8.891397050194612,0.05,0.00038332705882199424,0.0005280574417409001,0.7259192438577162
8.891397050194612,0.05,0.00047158866300381504,0.0007471396510707734,0.6311921236250161
8.891397050194612,0.05,0.00039445233516653954,0.0014606732098197948,0.2700483123225103
8.891397050194612,0.05,0.00039070671374315724,0.001722087234637382,0.22687974562765278
8.891397050194612,0.05,0.0004541043324061646,0.0007693098158013595,0.5902749751517756
8.891397050194612,0.05,0.00044613171746688387,0.0006145814953199553,0.7259114061587953
8.891397050194612,0.05,0.00048656824315997994,0.0017999700204096164,0.27032019291590886
8.891397050194612,0.05,0.00036765153702360097,0.0011835373964472194,0.3106378709512933
8.891397050194612,0.05,0.000487514825684717,0.000713411620748594,0.68335700107206
8.891397050194612,0.05,0.0004003174140493574,0.0005321184896490827,0.7523087842960607
8.891397050194612,0.05,0.00047148810339044486,0.0014060489888195655,0.3353283613441364
8.891397050194612,0.05,0.0005037343280221503,0.0011066407070322584,0.45519229938056716
8.891397050194612,0.05,0.00044414512515413473,0.0019079521383353522,0.2327863032988039
8.891397050194612,0.05,0.00039306549610132,0.006659810803253317,0.05902051990865981
8.891397050194612,0.05,0.000431835017778377,0.0013563491735774857,0.3183804186936433
8.891397050194612,0.05,0.000380209381470317,0.0009020978378568111,0.42147244513257237
8.891397050194612,0.05,0.000429800538855718,0.0005306869987257001,0.8098946080981193
8.891397050194612,0.05,0.00041943829817169063,0.0006351100187783768,0.6604183303208994
8.891397050194612,0.05,0.00044064767971545033,0.000975020393848177,0.45193688511100494
8.891397050194612,0.05,0.00044635630719979427,0.0006163119126248933,0.7242376758527149
8.891397050194612,0.05,0.00046162042135161244,0.0008063715463219048,0.5724661583821967
8.891397050194612,0.05,0.00042359162456338437,0.0013460827709477746,0.3146846789110407
8.891397050194612,0.05,0.00044899584928806283,0.0007742692084032076,0.5798963001693388
8.891397050194612,0.05,0.0004927669322946538,0.0010490365698279085,0.4697328448478119
8.891397050194612,0.05,0.0004091264853057557,0.0007020500998020403,0.5827596711703604
8.891397050194612,0.05,0.0004351755048694914,0.0005540815619835326,0.7853997222207241
8.891397050194612,0.05,0.00041362176840468545,0.0020475684896066096,0.20200631651845394
8.891397050194612,0.05,0.0004913563995805607,0.0032326230695714727,0.1519992863398381
8.891397050194612,0.05,0.00048360880108938185,0.0008070991216833896,0.5991938141138169
8.891397050194612,0.05,0.0004321201793484959,0.0006807300876853408,0.634789305138277
8.891397050194612,0.05,0.0004105993903190197,0.0007894806999702641,0.5200879392421942
8.891397050194612,0.05,0.00044418573853133563,0.0010706027203179014,0.4148931532692543
8.891397050194612,0.05,0.0004578150348710041,0.0017603563854565044,0.2600695169758374
8.891397050194612,0.05,0.00047254392153331745,0.0011263712317063177,0.4195276905443243
8.891397050194612,0.05,0.0004168887454366835,0.000882462096182289,0.472415469446483
8.891397050194612,0.05,0.0004082181511907389,0.0007638479457305527,0.5344233148395975
8.891397050194612,0.05,0.000405501883476851,0.0007352603911815754,0.5515078580871232
8.891397050194612,0.05,0.00047455992451809277,0.00154505365924982,0.3071478596727242
8.891397050194612,0.05,0.0004252306289260579,0.0008923461683051475,0.4765310190480312
8.891397050194612,0.05,0.0004001662622054289,0.0016546062954876269,0.24184983660266832
8.891397050194612,0.05,0.00038996280763918935,0.0008445872948394029,0.461719954848883
8.891397050194612,0.05,0.00040144085131949676,0.0014495516285220713,0.2769413958223733
8.891397050194612,0.05,0.000466480530535924,0.002046073630261829,0.22798814453037552
8.891397050194612,0.05,0.00038544641645413003,0.0006092576660532952,0.6326492680034869
8.891397050194612,0.05,0.0004854202292356888,0.0008186759472630359,0.5929332977944765
8.891397050194612,0.05,0.0003823728968039923,0.0008456162307608189,0.4521825420261426
8.891397050194612,0.05,0.0004919967117684695,0.0009158737434084037,0.5371883573575488
8.891397050194612,0.05,0.0004114930745985961,0.0011450950190959785,0.3593527766136462
8.891397050194612,0.05,0.0004325056009541407,0.0008022539263523949,0.539113099664856
8.891397050194612,0.05,0.0004519892786603644,0.0006196314385595843,0.7294485891662851
8.891397050194612,0.05,0.0004646968652422304,0.0009589075890583701,0.4846106867279613
8.891397050194612,0.05,0.00040436137540444104,0.000759126490535386,0.5326666641803776
8.891397050194612,0.05,0.0004158923081696579,0.0009643967006392545,0.4312460918769028
8.891397050194612,0.05,0.00038821641818841075,0.002505204181747987,0.15496398298263087
8.891397050194612,0.05,0.00044858723037794705,0.0010108291819619364,0.44378144040843387
8.891397050194612,0.05,0.0004761005047728003,0.001196252703217551,0.3979932530076937
8.891397050194612,0.05,0.0003841271799277607,0.0008544330295401842,0.4495696756180878
8.891397050194612,0.05,0.0004543474129979537,0.0007058307029934665,0.6437059355324749
8.891397050194612,0.05,0.00043199485562908337,0.0011009649291481014,0.3923783984321371
8.891397050194612,0.05,0.00042660752965259263,0.0008025101630514266,0.5315914355906477
8.891397050194612,0.05,0.0004012395734021413,0.0042639489560986924,0.0941004635686953
8.891397050194612,0.05,0.00039188988271979827,0.0006566772029559922,0.5967770480773963
8.891397050194612,0.05,0.0004542691620401739,0.0008316238085966382,0.5462435747321271
8.891397050194612,0.05,0.0003820707851733146,0.0014465058654414907,0.26413358860228475
8.891397050194612,0.05,0.00046418620059148424,0.0010674033909789519,0.43487420455519005
8.891397050194612,0.05,0.0004273703623305102,0.0010230664910911604,0.4177346888516451
8.891397050194612,0.05,0.00047938087499806034,0.0010516914644861566,0.45581892711497846
8.891397050194612,0.05,0.00048127025605215236,0.005758886647587732,0.08357001717575838
8.891397050194612,0.05,0.0004199839263014301,0.0013026364818243274,0.32241068952195123
8.891397050194612,0.05,0.000488782133223645,0.0011604374941504218,0.4212050504120359
8.891397050194612,0.05,0.00047252026712612914,0.000938478456270783,0.5034961260632188
8.891397050194612,0.05,0.00040060046904949,0.0026041535279362807,0.15383135623611052
8.891397050194612,0.05,0.0004528117056930808,0.0007210572810942718,0.6279829877120119
8.891397050194612,0.05,0.0004317740083808136,0.0007312461703083039,0.5904632747666514
8.891397050194612,0.05,0.000452881834452522,0.00064415255991303,0.7030661098570619
8.891397050194612,0.05,0.00042901442308486686,0.0009313821573797326,0.46062126022664823
8.891397050194612,0.05,0.000428472361614929,0.001383577578223868,0.30968437791899556
8.891397050194612,0.05,0.000571209200194076,0.0010945046172707374,0.5218883421601695
8.891397050194612,0.05,0.00041087393321932616,0.0006811629761670115,0.6031947530844449
8.891397050194612,0.05,0.00046159413117583854,0.0009007588108091952,0.5124503092688777
8.891397050194612,0.05,0.0004194143860741237,0.0023078774982083538,0.18173165014162257
8.891397050194612,0.05,0.0004536191649037164,0.0006178116657901938,0.7342353503855065
8.891397050194612,0.05,0.0004046399932472047,0.0008849938845891879,0.4572234907985129
8.891397050194612,0.05,0.0004423034109242047,0.0019185125336053741,0.2305449681337259
8.891397050194612,0.05,0.00036320832631654254,0.0007222163258516674,0.5029079422820195
8.891397050194612,0.05,0.0004178474433719001,0.001110687529635908,0.37620611758274963
8.891397050194612,0.05,0.0004063734972950663,0.0004641496101467541,0.8755226513420528
8.891397050194612,0.05,0.0004903417025478094,0.001267438031199987,0.3868762736143896
8.891397050194612,0.05,0.0004980871314236344,0.000929083365364187,0.5361059620612103
8.891397050194612,0.05,0.00047129519248370795,0.0006925712486568759,0.6805006609756105
8.891397050194612,0.05,0.0004410135409084387,0.0017955523846712833,0.24561441073699236
8.891397050194612,0.05,0.00052690757045913,0.0007692527863550514,0.6849602364858174
8.891397050194612,0.05,0.000387302848301505,0.0016854060136033083,0.22979795086495042
8.891397050194612,0.05,0.0005302766676033618,0.0011007976652063814,0.48172037819860714
8.891397050194612,0.05,0.0004758435325775648,0.002413558434107929,0.19715434515818567
8.891397050194612,0.05,0.0004359387921865664,0.0010773365316769658,0.40464495482019036
8.891397050194612,0.05,0.0004979969161362853,0.0013357423856656147,0.37282407257603656
8.891397050194612,0.05,0.0004732370629202595,0.0010332214700519507,0.4580209341724819
8.891397050194612,0.05,0.000426811790501152,0.002543955252906176,0.1677748812655288
8.891397050194612,0.05,0.0004602256156652338,0.0013963248320478748,0.3295978164266109
8.891397050194612,0.05,0.0004022202644811027,0.000490525541834818,0.8199782277933824
8.891397050194612,0.05,0.0004718707548163482,0.0008838217082054488,0.5338981272302711
8.891397050194612,0.05,0.00039767297122640774,0.0005662755758661317,0.7022605038512524
8.891397050194612,0.05,0.00044953210723022133,0.0021347291481513568,0.21058039499742126
8.891397050194612,0.05,0.0004249782946296679,0.0007970666695476733,0.5331778518236605
8.891397050194612,0.05,0.00038457429909288153,0.0005307586989074021,0.7245746511259264
8.891397050194612,0.05,0.0005227646212538779,0.0007248595361544158,0.721194376537131
8.891397050194612,0.05,0.00045710722457124024,0.0044279588625725985,0.10323203958260481
8.891397050194612,0.05,0.00036319807402007264,0.0008640756980662537,0.4203313145282141
8.891397050194612,0.05,0.0004155258386379248,0.001073779813242716,0.386974902594858
8.891397050194612,0.05,0.0004150464978369047,0.003364436881883488,0.12336284270090164
8.891397050194612,0.05,0.0005237629558217515,0.003200913282801546,0.1636292237705786
8.891397050194612,0.05,0.00043947795460204934,0.004077527251390475,0.10778050703454728
8.891397050194612,0.05,0.00046215512123249313,0.004299638988697997,0.10748695935805565
8.891397050194612,0.05,0.00040149187222210544,0.004443496737824149,0.0903549379938792
8.891397050194612,0.05,0.00045790805068616363,0.0006549934955102758,0.6991032030469679
8.891397050194612,0.05,0.0004340302782976766,0.0010236141169102085,0.42401747995406924
8.891397050194612,0.05,0.00047012665759202116,0.0010704130426415573,0.4392011670857879
8.891397050194612,0.05,0.0003921492363508981,0.0006666359378244794,0.5882509689331334
8.891397050194612,0.05,0.000418342677445864,0.0020185766933789634,0.2072463626564449
8.891397050194612,0.05,0.0004688615199507353,0.0009777945351399724,0.47950924565518993
8.891397050194612,0.05,0.0005250205930285107,0.001130656071511442,0.46435039465774236
8.891397050194612,0.05,0.00042124114165157934,0.001086498749232149,0.3877051326099355
8.891397050194612,0.05,0.00039853393816731414,0.0005224828264554773,0.7627694499950702
8.891397050194612,0.05,0.0004879818633380662,0.0024673075541674435,0.19777909831866441
8.891397050194612,0.05,0.0004028932283566728,0.0007929317652499439,0.5081057992798093
8.891397050194612,0.05,0.0004354340424521532,0.0011059263143576362,0.3937278974187984
8.891397050194612,0.05,0.00045166540782016015,0.0007246150828112875,0.6233177014033918
8.891397050194612,0.05,0.0005044461363395603,0.0053236889832987385,0.0947549975068206
8.891397050194612,0.05,0.00043702077384076565,0.0021640795286202302,0.20194302846134335
8.891397050194612,0.05,0.00042288762441869014,0.0004625410248064952,0.9142705224809105
8.891397050194612,0.05,0.0003911053742240622,0.0017610320894206318,0.22208872659028794
8.891397050194612,0.05,0.00039569197288903674,0.0008691025155984856,0.4552880307987066
8.891397050194612,0.05,0.00043979755616316534,0.0008031020472763869,0.5476235027101225
8.891397050194612,0.05,0.00046277922270167315,0.0024542224744843136,0.18856449548198082
8.891397050194612,0.05,0.0004663717991624965,0.0019416380216025055,0.2401950281018821
8.891397050194612,0.05,0.0004245616114438159,0.0009809202018639795,0.432819724414941
8.891397050194612,0.05,0.0003819193727664777,0.0024508362986400546,0.155832265491743
8.891397050194612,0.05,0.00043860558901354975,0.0007457325393613173,0.5881540175103444
8.891397050194612,0.05,0.00042753464350159503,0.0011824841132179124,0.36155635303897515
8.891397050194612,0.05,0.0004220291222379498,0.0008522071986935662,0.49521891258947415
8.891397050194612,0.05,0.0004427250048400174,0.0016035857863840243,0.2760843907442781
8.891397050194612,0.05,0.0004520486799172967,0.0015025412095453167,0.3008560943590299
8.891397050194612,0.05,0.000483272363767171,0.0009405165252082257,0.513837185008713
8.891397050194612,0.05,0.0004679587644665192,0.0015132438327826513,0.3092421421642315
8.891397050194612,0.05,0.0005002184667275397,0.002024427937787616,0.24709126829883632
8.891397050194612,0.05,0.00042563418786906415,0.000847068297220748,0.5024791852859805
8.891397050194612,0.05,0.0004489442556594273,0.001683326151586654,0.26670069566510657
8.891397050194612,0.05,0.0004947265873313524,0.006304524619096798,0.07847167188986696
8.891397050194612,0.05,0.00041645048162592226,0.0007316273188866814,0.5692112239051376
8.891397050194612,0.05,0.00041115356650477683,0.0006064229312182102,0.6779980527432112
8.891397050194612,0.2811706625951745,0.0005217563350560365,0.0017984942930488223,0.2901073064688745
8.891397050194612,0.2811706625951745,0.0004299567115596187,0.000858574270305049,0.5007798701058864
8.891397050194612,0.2811706625951745,0.00044309474211150376,0.0013090022712716836,0.3384980697405829
8.891397050194612,0.2811706625951745,0.00035761739107515264,0.001074077266000255,0.3329531332572379
8.891397050194612,0.2811706625951745,0.0004286709830547933,0.0010404816234088046,0.41199284390087565
8.891397050194612,0.2811706625951745,0.00043548308225326303,0.0024419720066270194,0.17833254479226207
8.891397050194612,0.2811706625951745,0.0004542728519749249,0.0007611376096243022,0.5968340628958726
8.891397050194612,0.2811706625951745,0.0004639926405634816,0.0014572174858788057,0.31841001433197946
8.891397050194612,0.2811706625951745,0.0004332688915560002,0.0010022178881084875,0.4323100761788638
8.891397050194612,0.2811706625951745,0.0004155131020875548,0.000811697771090685,0.5119061760256239
8.891397050194612,0.2811706625951745,0.0003828738040384756,0.0008177246518696198,0.4682184928179492
8.891397050194612,0.2811706625951745,0.0004888070815998749,0.0014809766709784375,0.3300572461259194
8.891397050194612,0.2811706625951745,0.0005285098497156023,0.0010496412358137273,0.5035147550256813
8.891397050194612,0.2811706625951745,0.0005416119763827316,0.0017450089140469663,0.3103777705792019
8.891397050194612,0.2811706625951745,0.0004182511570877186,0.0004962075892225563,0.842895526332079
8.891397050194612,0.2811706625951745,0.000523991061510884,0.005359568762002349,0.09776739226219379
8.891397050194612,0.2811706625951745,0.00048091147159538264,0.006095892674196089,0.0788910660502736
8.891397050194612,0.2811706625951745,0.0004987183889585173,0.004418437324958656,0.11287212022707233
8.891397050194612,0.2811706625951745,0.0004165740092211786,0.0010212342019582626,0.4079123167069602
8.891397050194612,0.2811706625951745,0.0005495114237489404,0.001682538209070091,0.3265966982423808
8.891397050194612,0.2811706625951745,0.00044624772757311817,0.004400426832277028,0.10141010056113227
8.891397050194612,0.2811706625951745,0.0004434388284355134,0.0006886654916565563,0.6439103364520845
8.891397050194612,0.2811706625951745,0.0004980181217737815,0.0009738703229560347,0.5113803244995941
8.891397050194612,0.2811706625951745,0.0005056962835486402,0.0011186420621759393,0.4520626397374861
8.891397050194612,0.2811706625951745,0.0004009541432671532,0.0006923668657656775,0.5791064868821306
8.891397050194612,0.2811706625951745,0.000400665948719134,0.000973537335819555,0.41155683914458246
8.891397050194612,0.2811706625951745,0.00048043334886691566,0.004519901037098915,0.10629289113269622
8.891397050194612,0.2811706625951745,0.000454605414725591,0.005921657105263361,0.07676996601534442
8.891397050194612,0.2811706625951745,0.000491321481569825,0.001414485525366668,0.34734995357585075
8.891397050194612,0.2811706625951745,0.00041280041432312817,0.0006553719641112504,0.6298719459001066
8.891397050194612,0.2811706625951745,0.000517387991596469,0.002855345182544579,0.18119980545938472
8.891397050194612,0.2811706625951745,0.00045216040262639057,0.0028149386457620245,0.1606288660348359
8.891397050194612,0.2811706625951745,0.0004907342111540468,0.0009159685331579727,0.5357544428542199
8.891397050194612,0.2811706625951745,0.0004700825978677198,0.00109151583184903,0.43066951861925723
8.891397050194612,0.2811706625951745,0.0005199720003632631,0.00114004088490627,0.456099432263794
8.891397050194612,0.2811706625951745,0.0004057782714262046,0.0005322170156048193,0.7624300981152814
8.891397050194612,0.2811706625951745,0.0003633189658067334,0.0022816907176561045,0.1592323459947093
8.891397050194612,0.2811706625951745,0.0004300565297091385,0.0008381109533899956,0.5131260103088303
8.891397050194612,0.2811706625951745,0.00047437334171088885,0.00082527100584409,0.5748091697777485
8.891397050194612,0.2811706625951745,0.00041014841982125067,0.0013957233157321012,0.293860835595567
8.891397050194612,0.2811706625951745,0.00043622633180821616,0.000648367534808831,0.6728071786272212
8.891397050194612,0.2811706625951745,0.00047112364132732615,0.0009109217252683563,0.5171944287403331
8.891397050194612,0.2811706625951745,0.0004765186879547151,0.001538043902708477,0.3098212522513638
8.891397050194612,0.2811706625951745,0.00045849197817139517,0.0008407104005602532,0.5453625622638355
8.891397050194612,0.2811706625951745,0.0004827499249803648,0.0008644200920413834,0.5584668026865501
8.891397050194612,0.2811706625951745,0.000495584323296099,0.0011307284762455986,0.43828764704114176
8.891397050194612,0.2811706625951745,0.00041787066832370083,0.0010385632482257281,0.40235456919700097
8.891397050194612,0.2811706625951745,0.00042004485672520023,0.0009689629200841723,0.43349941263873293
8.891397050194612,0.2811706625951745,0.00046043989356415365,0.001125107930025686,0.40924064374307795
8.891397050194612,0.2811706625951745,0.0004905797570626619,0.0010058782154472683,0.48771287570287364
8.891397050194612,0.2811706625951745,0.000514832764015039,0.0021217632235649986,0.2426438342870389
8.891397050194612,0.2811706625951745,0.00044032496453795815,0.0008317393286476907,0.5294026017188272
8.891397050194612,0.2811706625951745,0.0005017517186412665,0.0018608882661296873,0.2696302232507596
8.891397050194612,0.2811706625951745,0.00042661331511340293,0.0006030460762508335,0.7074307120372599
8.891397050194612,0.2811706625951745,0.00042866498712080967,0.00134972286968804,0.31759481649732035
8.891397050194612,0.2811706625951745,0.00042618115275291246,0.0006267639101372487,0.6799707926060825
8.891397050194612,0.2811706625951745,0.0004116009235121512,0.0009699747079912875,0.4243419133727024
8.891397050194612,0.2811706625951745,0.0004302343432619425,0.0008326447717476395,0.516708154377674
8.891397050194612,0.2811706625951745,0.00042408849654714914,0.00070268779925489,0.6035233527561463
8.891397050194612,0.2811706625951745,0.0004430041941685321,0.0011868891334536255,0.37324816756850127
8.891397050194612,0.2811706625951745,0.0005755067506150051,0.0013694391648394401,0.42024995734840137
8.891397050194612,0.2811706625951745,0.00040825515447634166,0.0009916010371526594,0.4117131176552912
8.891397050194612,0.2811706625951745,0.000452151033616631,0.0009628776711261955,0.46958305003354023
8.891397050194612,0.2811706625951745,0.0004466411102037302,0.0008648555189402485,0.5164343643791767
8.891397050194612,0.2811706625951745,0.00042758380793104595,0.0009241672364361799,0.4626692995305872
8.891397050194612,0.2811706625951745,0.0004603735488687344,0.004142402283806562,0.1111368518379835
8.891397050194612,0.2811706625951745,0.00045794162470423746,0.0020342673299441273,0.2251137881257795
8.891397050194612,0.2811706625951745,0.0004170654327452688,0.000573437008412773,0.7273081901352548
8.891397050194612,0.2811706625951745,0.00040112229870723246,0.0006905593076536632,0.5808658203017194
8.891397050194612,0.2811706625951745,0.00041688044216602396,0.000874839422454224,0.4765222410720034
8.891397050194612,0.2811706625951745,0.0004400105833473536,0.0010257383769648133,0.42896960202401363
8.891397050194612,0.2811706625951745,0.0004632017253423554,0.0008273200291190516,0.5598821605172338
8.891397050194612,0.2811706625951745,0.0005275258186412014,0.0012848182514288735,0.41058400132044265
8.891397050194612,0.2811706625951745,0.00042086650644450953,0.0009057325020916546,0.4646697622891757
8.891397050194612,0.2811706625951745,0.00046063359738190204,0.0014337230656870032,0.3212849178520946
8.891397050194612,0.2811706625951745,0.00045006963924866224,0.0009903409443399991,0.4544592867950196
8.891397050194612,0.2811706625951745,0.00047006846601763233,0.0012056662827423647,0.3898827335109942
8.891397050194612,0.2811706625951745,0.0004503898744959816,0.0008176453002164447,0.5508377219030742
8.891397050194612,0.2811706625951745,0.00047988813088797866,0.001719572711464251,0.2790740558329425
8.891397050194612,0.2811706625951745,0.00046051051145548617,0.0010247201969028495,0.4494012246927009
8.891397050194612,0.2811706625951745,0.0005037346895406502,0.0009481637444458424,0.531273941332844
8.891397050194612,0.2811706625951745,0.0004340595082986448,0.0008807410377858049,0.49283443109438435
8.891397050194612,0.2811706625951745,0.00045589668361755976,0.0007537867580072146,0.6048085599471307
8.891397050194612,0.2811706625951745,0.00046480231728428413,0.0009490046852020634,0.489778738221211
8.891397050194612,0.2811706625951745,0.00046295300865548854,0.0012205290297618188,0.3793052007503926
8.891397050194612,0.2811706625951745,0.00041717318708358534,0.0005380961950115407,0.7752762256098802
8.891397050194612,0.2811706625951745,0.0004447383852613117,0.0017806967753514309,0.24975525952392427
8.891397050194612,0.2811706625951745,0.00044848068706831155,0.0005878503073042573,0.7629164797496458
8.891397050194612,0.2811706625951745,0.0005169743345337607,0.0013839010104864638,0.37356308768936863
8.891397050194612,0.2811706625951745,0.00044064760439949796,0.002643747280902997,0.1666753882197812
8.891397050194612,0.2811706625951745,0.0004242695576259755,0.0015237753318678975,0.27843314480349995
8.891397050194612,0.2811706625951745,0.0004609394519522083,0.001181993236279775,0.3899679268918465
8.891397050194612,0.2811706625951745,0.00045792485552497667,0.0011066075760798252,0.41380961546204365
8.891397050194612,0.2811706625951745,0.00044780350485678814,0.0011351089637815284,0.3945026593437912
8.891397050194612,0.2811706625951745,0.0005111157535327415,0.000992747694300729,0.514849600222704
8.891397050194612,0.2811706625951745,0.00043840993579982056,0.0015125475017411247,0.2898487057729809
8.891397050194612,0.2811706625951745,0.0004964576581753616,0.0008969145823742815,0.553517211038264
8.891397050194612,0.2811706625951745,0.0005023657314050056,0.0008529306643583115,0.5889877716882793
8.891397050194612,0.2811706625951745,0.0004680123083254015,0.0018664485823029898,0.25075017483092216
8.891397050194612,0.2811706625951745,0.0005095411117999637,0.0009333780431862253,0.5459107545111829
8.891397050194612,0.2811706625951745,0.0004103738443131163,0.0006140267389146892,0.6683322049434922
8.891397050194612,0.2811706625951745,0.0004106568318870078,0.001120079716189222,0.3666317905337668
8.891397050194612,0.2811706625951745,0.00039919236307145716,0.001222426515406088,0.32655734969790484
8.891397050194612,0.2811706625951745,0.0004305973245073045,0.0014459957658291256,0.2977860203210225
8.891397050194612,0.2811706625951745,0.00042020160918191816,0.0006552216318854742,0.6413121739780486
8.891397050194612,0.2811706625951745,0.0004748753262545488,0.004438957594250188,0.1069790184230771
8.891397050194612,0.2811706625951745,0.0004940591226361226,0.004158383588450551,0.11881037718798165
8.891397050194612,0.2811706625951745,0.0004797758940766725,0.0008910308597069858,0.538450367739728
8.891397050194612,0.2811706625951745,0.0004937908064885358,0.001200523140373864,0.41131302669831143
8.891397050194612,0.2811706625951745,0.0004277785956765634,0.0007747949187122821,0.5521184836724745
8.891397050194612,0.2811706625951745,0.0005383987712567539,0.0008708956062710041,0.6182127540659744
8.891397050194612,0.2811706625951745,0.0005128319456092939,0.001362598835592862,0.3763631174586778
8.891397050194612,0.2811706625951745,0.0004388602712637142,0.000713355082759406,0.6152059218056052
8.891397050194612,0.2811706625951745,0.00042004113311166125,0.004557755443123804,0.09215964707921506
8.891397050194612,0.2811706625951745,0.00041097776561389794,0.0005254305502279934,0.782173334678708
8.891397050194612,0.2811706625951745,0.0004168750824598832,0.004400264133033431,0.09473864973930556
8.891397050194612,0.2811706625951745,0.00044012293683082547,0.004298429243551417,0.10239157419913472
8.891397050194612,0.2811706625951745,0.00047452324697608826,0.0026800205986945236,0.1770595521568884
8.891397050194612,0.2811706625951745,0.0004892920744713192,0.0012224819321072552,0.4002448311263801
8.891397050194612,0.2811706625951745,0.0004052894788620487,0.0008077385262091019,0.5017582617535443
8.891397050194612,0.2811706625951745,0.0005466617697100778,0.0009437912713078704,0.5792189293640474
8.891397050194612,0.2811706625951745,0.0003986186702202064,0.0006336389499913804,0.6290943292321739
8.891397050194612,0.2811706625951745,0.000386389301298915,0.0025949209780527656,0.1489021456016986
8.891397050194612,0.2811706625951745,0.00048574425854784907,0.0007108008153837004,0.6833760570260987
8.891397050194612,0.2811706625951745,0.0004041110434557423,0.0011159467412991254,0.3621239513503107
8.891397050194612,0.2811706625951745,0.00047041811573998873,0.0014447216399029088,0.32561159378190163
8.891397050194612,0.2811706625951745,0.0004975758090030362,0.0011355739263235458,0.4381712167467182
8.891397050194612,0.2811706625951745,0.00040249363141656923,0.0010161164062826172,0.3961097655032073
8.891397050194612,0.2811706625951745,0.0004967222390786843,0.0007801341106888782,0.6367139088945437
8.891397050194612,0.2811706625951745,0.00040037689812408826,0.002304610423645878,0.17372866755097582
8.891397050194612,0.2811706625951745,0.0004333716754478532,0.0012653218487959524,0.3424991640350149
8.891397050194612,0.2811706625951745,0.00047230625399259483,0.0009568912050469883,0.4935840683888428
8.891397050194612,0.2811706625951745,0.00043095473934741976,0.0015785179405827486,0.2730122529924001
8.891397050194612,0.2811706625951745,0.00046462905391008694,0.0012523937579349835,0.37099278958096465
8.891397050194612,0.2811706625951745,0.00041611747673883274,0.0006718417775143678,0.6193682659604087
8.891397050194612,0.2811706625951745,0.0004946621781278661,0.0010954673665802587,0.4515535498533949
8.891397050194612,0.2811706625951745,0.0004724842102887013,0.0010137389721621183,0.4660807399768597
8.891397050194612,0.2811706625951745,0.00037905593507745594,0.0016526128269377003,0.2293676588362493
8.891397050194612,0.2811706625951745,0.0003814281989651867,0.0007315398733894285,0.5214045233076952
8.891397050194612,0.2811706625951745,0.00041871192845682417,0.000706231880390039,0.5928816583946582
8.891397050194612,0.2811706625951745,0.0005169188415732293,0.0008598708717282205,0.6011586839013333
8.891397050194612,0.2811706625951745,0.00040250216826843906,0.001299333846186179,0.30977578968628305
8.891397050194612,0.2811706625951745,0.0004152491169568661,0.0012397580574228925,0.33494367265501135
8.891397050194612,0.2811706625951745,0.0004928248476219932,0.0022045455020225147,0.2235494106018049
8.891397050194612,0.2811706625951745,0.00043129663273028647,0.0012110116573370434,0.35614573164282093
8.891397050194612,0.2811706625951745,0.00039803103654246564,0.0014557452485432338,0.27342080418313286
8.891397050194612,0.2811706625951745,0.000409652179905988,0.0015927986539056584,0.25719018464856874
8.891397050194612,0.2811706625951745,0.0003895634087272437,0.0006781434829367729,0.5744557288085962
8.891397050194612,0.2811706625951745,0.0004730805531665728,0.0015423242056933422,0.30673223659477117
8.891397050194612,0.2811706625951745,0.00047006687044644647,0.0018320535881725837,0.25657921442970644
8.891397050194612,0.2811706625951745,0.000442533287571503,0.0009706107673189621,0.4559328027999073
8.891397050194612,0.2811706625951745,0.00046395527318096667,0.0008034891330182923,0.5774256976421412
8.891397050194612,0.2811706625951745,0.0004715898463744311,0.00157244827107296,0.2999080192651691
8.891397050194612,0.2811706625951745,0.000318849600155824,0.0004099191006941565,0.7778354304931985
8.891397050194612,0.2811706625951745,0.0004440452967404511,0.0006816551403557884,0.6514222081691964
8.891397050194612,0.2811706625951745,0.00047559968587530105,0.0012930662173919118,0.36780768028614647
8.891397050194612,0.2811706625951745,0.0004334858866525639,0.001594007209332407,0.2719472560190703
8.891397050194612,0.2811706625951745,0.00041177395189427547,0.0008363234067380607,0.49236210367509714
8.891397050194612,0.2811706625951745,0.00046425176919613387,0.0012291135847417453,0.37771266623310484
8.891397050194612,0.2811706625951745,0.00043312157310346135,0.0014704516354007212,0.2945500298521746
8.891397050194612,0.2811706625951745,0.00045734457978065913,0.001001004761110987,0.4568855189790159
8.891397050194612,0.2811706625951745,0.00046197346563707254,0.0013248554490571367,0.348697260494227
8.891397050194612,0.2811706625951745,0.0005238696217709535,0.0011156097338369108,0.4695814368428029
8.891397050194612,0.2811706625951745,0.00043087561118608324,0.000823171854966746,0.5234333615590994
8.891397050194612,0.2811706625951745,0.00046664473446249635,0.0007764489787994987,0.6009985809808082
8.891397050194612,0.2811706625951745,0.000417448811067176,0.0006772329670432859,0.6164035588664638
8.891397050194612,0.2811706625951745,0.0005231405588579102,0.0017388858453949525,0.30084813229306
8.891397050194612,0.2811706625951745,0.0004694039292302671,0.0014454834493988356,0.3247383630891715
8.891397050194612,0.2811706625951745,0.0004026743280497279,0.0017837468102236689,0.22574634793557694
8.891397050194612,0.2811706625951745,0.00042601441502842553,0.0007302547945912639,0.5833777719554352
8.891397050194612,0.2811706625951745,0.0003903827678878459,0.001334523140622435,0.2925260387060561
8.891397050194612,0.2811706625951745,0.0003927108298071815,0.0011169057637620957,0.3516060553617396
8.891397050194612,0.2811706625951745,0.00047212895688621603,0.0011001779459182542,0.4291387212749094
8.891397050194612,0.2811706625951745,0.0004519360383005497,0.000725912321207838,0.6225766185488876
8.891397050194612,0.2811706625951745,0.0004128818257747868,0.000738570468730217,0.5590283436117226
8.891397050194612,0.2811706625951745,0.00048267507263615806,0.00212849699091584,0.22676803147768362
8.891397050194612,0.2811706625951745,0.0004217505737691203,0.0018458795484002427,0.2284821748713974
8.891397050194612,0.2811706625951745,0.0004894973940302106,0.0013178974682274765,0.37142297168881167
8.891397050194612,0.2811706625951745,0.00039975466587661984,0.0008494671722231987,0.4705946020614246
8.891397050194612,0.2811706625951745,0.00045411475100026613,0.0006970069985974284,0.6515210778572827
8.891397050194612,0.2811706625951745,0.00048571353773994375,0.0008139612723227895,0.5967280683439276
8.891397050194612,0.2811706625951745,0.00041178878346397946,0.0006579720889177784,0.6258453669992033
8.891397050194612,0.2811706625951745,0.0003779823486449978,0.0006177110721396086,0.6119080030988504
8.891397050194612,0.2811706625951745,0.0004041639115565916,0.0007515102034801039,0.537802294213683
8.891397050194612,0.2811706625951745,0.0005047303293358486,0.001065921220532516,0.4735156028544905
8.891397050194612,0.2811706625951745,0.0005370947499165469,0.0013842614274368885,0.3880009507387897
8.891397050194612,0.2811706625951745,0.0003932509353934157,0.0007624544427690277,0.5157697474556447
8.891397050194612,0.2811706625951745,0.0005244802584475122,0.001838221556607101,0.28531939284597013
8.891397050194612,0.2811706625951745,0.0003961900725640594,0.0005622294396320989,0.7046768536761625
8.891397050194612,0.2811706625951745,0.0004544295529587732,0.005921742222457608,0.07673916490917067
8.891397050194612,0.2811706625951745,0.0004154341846771355,0.004554359892949617,0.0912168108015023
8.891397050194612,0.2811706625951745,0.00046862405667453486,0.0010912996848298658,0.4294183011219266
8.891397050194612,0.2811706625951745,0.000418539343522736,0.0006948935043916061,0.6023071749521908
8.891397050194612,0.2811706625951745,0.0004588917278764914,0.0012037726419633923,0.38121129512299273
8.891397050194612,0.2811706625951745,0.0003922842514672888,0.0006460873636333984,0.6071690510416451
8.891397050194612,0.2811706625951745,0.0004074247115266523,0.0014223346055227206,0.28644786532274524
8.891397050194612,0.2811706625951745,0.0004833941697271481,0.004705709603093064,0.10272503203542628
8.891397050194612,0.2811706625951745,0.00037538099446959134,0.004282150162421887,0.08766180078497864
8.891397050194612,0.2811706625951745,0.00042912145858841445,0.002348359448901128,0.18273244276518827
8.891397050194612,0.2811706625951745,0.0004068213817204842,0.0006965151961765191,0.584081128385579
8.891397050194612,1.5811388300841895,0.0004969155626367108,0.0009429789403177381,0.5269635846472609
8.891397050194612,1.5811388300841895,0.00048244159360682104,0.002336174916708284,0.20650919165187798
8.891397050194612,1.5811388300841895,0.0004693025175328806,0.0010698023388777524,0.43868152132214433
8.891397050194612,1.5811388300841895,0.00044957712266364145,0.002009744333443933,0.2236986641446269
8.891397050194612,1.5811388300841895,0.0005581287718683342,0.000867562459266673,0.6433297866992831
8.891397050194612,1.5811388300841895,0.0005150312245929068,0.0010562320915153088,0.48761179359171364
8.891397050194612,1.5811388300841895,0.0005632208169601251,0.0012094763042712476,0.4656732959307422
8.891397050194612,1.5811388300841895,0.00057749144679506,0.000950022882905121,0.6078710915142601
8.891397050194612,1.5811388300841895,0.0004870463290121319,0.0014605606290935451,0.33346532784086014
8.891397050194612,1.5811388300841895,0.0004680757676436554,0.0013336933299705133,0.3509620668598561
8.891397050194612,1.5811388300841895,0.0004986041896856212,0.0012008309150091676,0.4152159837439018
8.891397050194612,1.5811388300841895,0.00048487809274975596,0.00100733664206537,0.48134662485382945
8.891397050194612,1.5811388300841895,0.0004773894312856894,0.000959234613633542,0.4976774446007088
8.891397050194612,1.5811388300841895,0.0004917488415566288,0.0007503910418922681,0.6553234435163048
8.891397050194612,1.5811388300841895,0.0005532345432980846,0.004909840096385537,0.1126787293348632
8.891397050194612,1.5811388300841895,0.0004319695719740992,0.0005908187987771916,0.7311371487639523
8.891397050194612,1.5811388300841895,0.0004972344528104676,0.0012722488479799934,0.390831128359793
8.891397050194612,1.5811388300841895,0.0005482167309127283,0.0009628458023308844,0.5693712633794421
8.891397050194612,1.5811388300841895,0.0005330046161927349,0.001355611563989465,0.39318388124703035
8.891397050194612,1.5811388300841895,0.0005498091432514303,0.001613648250191764,0.3407242831181403
8.891397050194612,1.5811388300841895,0.0005286825131097435,0.0019288595732859393,0.2740907220161694
8.891397050194612,1.5811388300841895,0.0005183490947221507,0.0016380201914986698,0.3164485379437837
8.891397050194612,1.5811388300841895,0.0004707647760780299,0.0014282526064657616,0.3296089038779676
8.891397050194612,1.5811388300841895,0.0004929640168423203,0.0012552122713107416,0.39273358627027133
8.891397050194612,1.5811388300841895,0.0006225464655741904,0.001319916251331147,0.47165603495399566
8.891397050194612,1.5811388300841895,0.0005898164270529663,0.0009492338206169158,0.621360527029725
8.891397050194612,1.5811388300841895,0.000497178056255204,0.002032704738079645,0.2445894118025732
8.891397050194612,1.5811388300841895,0.0006051079548304023,0.002394004095098044,0.25275978268768196
8.891397050194612,1.5811388300841895,0.0004819345925406222,0.000699444294353137,0.6890249823058846
8.891397050194612,1.5811388300841895,0.0005104871332818384,0.0008664945528224203,0.5891406144666875
8.891397050194612,1.5811388300841895,0.0005112340926278104,0.004469428958710191,0.11438465570226779
8.891397050194612,1.5811388300841895,0.0005141482097168997,0.0009023811527420251,0.5697683380848333
8.891397050194612,1.5811388300841895,0.0005093480512338768,0.0022296299977396096,0.22844510154162437
8.891397050194612,1.5811388300841895,0.0005564455446045854,0.0008897392778770392,0.6254029224519472
8.891397050194612,1.5811388300841895,0.0006201457720856584,0.001203417912481913,0.5153203767813943
8.891397050194612,1.5811388300841895,0.0004110285454187206,0.000576510479324092,0.7129593652844185
8.891397050194612,1.5811388300841895,0.00047968577678755175,0.0006761539898891529,0.7094327386372301
8.891397050194612,1.5811388300841895,0.0004883318817208152,0.0015313341008681182,0.31889310206308236
8.891397050194612,1.5811388300841895,0.000497804907433246,0.0007688441392366249,0.647471811292611
8.891397050194612,1.5811388300841895,0.0005042688605822266,0.0023232397502431696,0.21705416349278872
8.891397050194612,1.5811388300841895,0.0005743508940857193,0.002096169022453745,0.2740002776175904
8.891397050194612,1.5811388300841895,0.00043762100573548914,0.0007107557133061844,0.6157122588573096
8.891397050194612,1.5811388300841895,0.000557753542661902,0.0009271904445183172,0.6015522980844129
8.891397050194612,1.5811388300841895,0.0005692691822244741,0.001509347514225944,0.3771624340047487
8.891397050194612,1.5811388300841895,0.0004894540436660601,0.0008310855533956101,0.5889334036264641
8.891397050194612,1.5811388300841895,0.0005145706994660333,0.000705214677176086,0.729665329040719
8.891397050194612,1.5811388300841895,0.0005009492229075409,0.0009976139956838531,0.5021473486487585
8.891397050194612,1.5811388300841895,0.0005676140452518796,0.002220196134726824,0.2556594151181691
8.891397050194612,1.5811388300841895,0.0004870409660450081,0.0019063932812385766,0.25547769751295984
8.891397050194612,1.5811388300841895,0.0005878771467892827,0.003430554592875477,0.17136504634270414
8.891397050194612,1.5811388300841895,0.000532029304139367,0.000893712854885327,0.5953022844318739
8.891397050194612,1.5811388300841895,0.00047620559534849923,0.0008135293742369909,0.5853575917834957
8.891397050194612,1.5811388300841895,0.0004855590289362051,0.0007123695317722643,0.6816111684734887
8.891397050194612,1.5811388300841895,0.0005139662740655795,0.00099122133166627,0.5185181731325215
8.891397050194612,1.5811388300841895,0.0005688687034207159,0.0014533823806818697,0.3914102104043845
8.891397050194612,1.5811388300841895,0.00048640576835966564,0.0009675879237185835,0.5026992962978871
8.891397050194612,1.5811388300841895,0.0005544888260266578,0.006763491316378177,0.08198263294637959
8.891397050194612,1.5811388300841895,0.0004996813007592083,0.004370443071313226,0.11433195504570767
8.891397050194612,1.5811388300841895,0.0004792716930185058,0.0015537101877942314,0.30846917062371676
8.891397050194612,1.5811388300841895,0.0005591749115235931,0.0009434813716396918,0.5926719152406728
8.891397050194612,1.5811388300841895,0.0005415630921148946,0.001487489548156909,0.364078586492204
8.891397050194612,1.5811388300841895,0.0004912254318705967,0.0009471251834733379,0.5186488971491116
8.891397050194612,1.5811388300841895,0.0005003896203162954,0.0017267755338610906,0.28978266746542225
8.891397050194612,1.5811388300841895,0.0005602333445015648,0.0008277058237117664,0.6768507946328718
8.891397050194612,1.5811388300841895,0.000453397138105193,0.000625996240334092,0.7242809283698198
8.891397050194612,1.5811388300841895,0.0004894500195496461,0.0008244671749390268,0.5936561629465033
8.891397050194612,1.5811388300841895,0.0005116099395807623,0.0009954260479294874,0.5139607715157992
8.891397050194612,1.5811388300841895,0.0004959518670091548,0.0009017762981877299,0.549972169379316
8.891397050194612,1.5811388300841895,0.0004831936579105301,0.0010491094236679648,0.46057508112085865
8.891397050194612,1.5811388300841895,0.0004610513906665492,0.0026964680322780227,0.17098344395243767
8.891397050194612,1.5811388300841895,0.0006933620089952806,0.0026460087158436995,0.26204071242985194
8.891397050194612,1.5811388300841895,0.0006124442076572593,0.001404651212653688,0.4360115893113569
8.891397050194612,1.5811388300841895,0.0006059598405866906,0.003066934677366145,0.1975783328737485
8.891397050194612,1.5811388300841895,0.0005167041160576494,0.0012117149814912574,0.4264238075374307
8.891397050194612,1.5811388300841895,0.0005243539588121319,0.0021773923767485627,0.24081739442623315
8.891397050194612,1.5811388300841895,0.0004368713239757403,0.0012352823292472051,0.35366111344114715
8.891397050194612,1.5811388300841895,0.0004770103307797762,0.0012655132991100902,0.37693031840535396
8.891397050194612,1.5811388300841895,0.0004761425554603284,0.0017346621775398688,0.27448719504313107
8.891397050194612,1.5811388300841895,0.000504052581306144,0.0023324956500800683,0.21610011632340717
8.891397050194612,1.5811388300841895,0.00048312359487572454,0.001196377704138695,0.403821964588966
8.891397050194612,1.5811388300841895,0.0005551118481682763,0.001066974826722658,0.5202670524789881
8.891397050194612,1.5811388300841895,0.0004789604251257705,0.0009144372483107255,0.5237761541435152
8.891397050194612,1.5811388300841895,0.0005016542951214726,0.0007827075751537081,0.6409217325167165
8.891397050194612,1.5811388300841895,0.0005074704901122384,0.0014037546340006201,0.36150939617273187
8.891397050194612,1.5811388300841895,0.0006829432326374359,0.0014033108810651842,0.4866656717712096
8.891397050194612,1.5811388300841895,0.0005413374849082684,0.0015598368624342343,0.34704750089280073
8.891397050194612,1.5811388300841895,0.00042935431826442134,0.0008602245040279525,0.49911891169571904
8.891397050194612,1.5811388300841895,0.000522129340251023,0.0019318691590452428,0.270271585322614
8.891397050194612,1.5811388300841895,0.0005095999833923061,0.0009494052273293361,0.5367570861451899
8.891397050194612,1.5811388300841895,0.00051412485362941,0.0008204198693185162,0.6266606561545969
8.891397050194612,1.5811388300841895,0.0004572538650401444,0.0010600656637250031,0.4313448503118038
8.891397050194612,1.5811388300841895,0.0005206814529407995,0.0014160624906333595,0.36769666337812207
8.891397050194612,1.5811388300841895,0.0005232887100881098,0.00119294911374184,0.4386513255764504
8.891397050194612,1.5811388300841895,0.00048516241236528176,0.0014031876573369062,0.3457573260629059
8.891397050194612,1.5811388300841895,0.0005566346636569768,0.0024645886246749504,0.22585297119530048
8.891397050194612,1.5811388300841895,0.000433535720498099,0.0006370629382724704,0.680522589610568
8.891397050194612,1.5811388300841895,0.0005402482617818903,0.002441577908111997,0.22127013026573827
8.891397050194612,1.5811388300841895,0.0005549728327432467,0.0011544528349204546,0.48072369520534464
8.891397050194612,1.5811388300841895,0.00044034257958481854,0.0024596473843063148,0.17902671024895983
8.891397050194612,1.5811388300841895,0.0004926209005389536,0.0006461693656938677,0.7623711780424144
8.891397050194612,1.5811388300841895,0.0004983565197780909,0.0008159470664518534,0.610770649553524
8.891397050194612,1.5811388300841895,0.0005447079449064607,0.0008974412674400589,0.6069566496092094
8.891397050194612,1.5811388300841895,0.0004687946686745163,0.0011928350051042887,0.39300881234075613
8.891397050194612,1.5811388300841895,0.0005562470971109504,0.0014327161856216716,0.3882465366785736
8.891397050194612,1.5811388300841895,0.0005597908479653492,0.0013817421640581317,0.40513408545141427
8.891397050194612,1.5811388300841895,0.0004720717889568298,0.0016173967796180135,0.2918713545777683
8.891397050194612,1.5811388300841895,0.0005231552392855021,0.004371230941324461,0.11968144586910996
8.891397050194612,1.5811388300841895,0.0005786841133685143,0.0013170587424781003,0.43937608453188376
8.891397050194612,1.5811388300841895,0.0004705006797852088,0.0008502932267960702,0.5533393245505073
8.891397050194612,1.5811388300841895,0.0004483812080697781,0.0008040716517543733,0.557638373509963
8.891397050194612,1.5811388300841895,0.00043723705822846343,0.0006667524403370874,0.6557712154865324
8.891397050194612,1.5811388300841895,0.0005723012637006631,0.0029681477813660482,0.19281427538532783
8.891397050194612,1.5811388300841895,0.0005127097135985383,0.0009725279530207369,0.5271927783731333
8.891397050194612,1.5811388300841895,0.000466832527780538,0.0015873710691145706,0.29409161906984693
8.891397050194612,1.5811388300841895,0.0006535587275878263,0.0020998718162031243,0.3112374396116979
8.891397050194612,1.5811388300841895,0.0005289859940798687,0.004839632702760363,0.1093029216407586
8.891397050194612,1.5811388300841895,0.0004437476448127875,0.0020275307306928444,0.2188611191412871
8.891397050194612,1.5811388300841895,0.0005447019686993321,0.0015040109842038118,0.362166217148796
8.891397050194612,1.5811388300841895,0.0005540557022473828,0.0009576203150806557,0.5785755518362383
8.891397050194612,1.5811388300841895,0.0004892786029570647,0.0009444711207121083,0.5180450648275624
8.891397050194612,1.5811388300841895,0.00044278783815778644,0.000978009623225001,0.4527438459119523
8.891397050194612,1.5811388300841895,0.0005720813488051302,0.0009100833110663286,0.6286032738418558
8.891397050194612,1.5811388300841895,0.0004958233147138607,0.0007521910243344519,0.6591720702232141
8.891397050194612,1.5811388300841895,0.000584902164286973,0.0011199379579826469,0.5222630058370036
8.891397050194612,1.5811388300841895,0.00046053687444519767,0.0007515809574314503,0.612757507879252
8.891397050194612,1.5811388300841895,0.0004785068846528013,0.0007794358162405695,0.6139144169185987
8.891397050194612,1.5811388300841895,0.0005098565093835603,0.0008312365808916978,0.6133711161227032
8.891397050194612,1.5811388300841895,0.0006190245664755842,0.0025288173489250807,0.24478816816829882
8.891397050194612,1.5811388300841895,0.000619834773564913,0.0012262524796363794,0.5054707605963109
8.891397050194612,1.5811388300841895,0.0005696935019604986,0.0017922595872176717,0.31786327495388017
8.891397050194612,1.5811388300841895,0.0005954440514676316,0.005010687838615595,0.11883479287589127
8.891397050194612,1.5811388300841895,0.0004803129786341726,0.0012787198596346844,0.3756201759245317
8.891397050194612,1.5811388300841895,0.0005015226966527161,0.0019086600917531062,0.2627616613454033
8.891397050194612,1.5811388300841895,0.0005508304234329074,0.002310318307957901,0.23842187526089792
8.891397050194612,1.5811388300841895,0.000477860256918289,0.0008742753238536503,0.5465786850896877
8.891397050194612,1.5811388300841895,0.0004758690289225088,0.0011243030774003967,0.4232568944157022
8.891397050194612,1.5811388300841895,0.0005987349562282022,0.0010194077418356404,0.5873360890413333
8.891397050194612,1.5811388300841895,0.00045139528821745646,0.0008436571721365033,0.5350458730461914
8.891397050194612,1.5811388300841895,0.0005464400851143695,0.0008641301435620245,0.6323585506019878
8.891397050194612,1.5811388300841895,0.0006174190137911056,0.0016958281020414022,0.3640811312466574
8.891397050194612,1.5811388300841895,0.000522486273044331,0.0008430759645600106,0.6197380722590154
8.891397050194612,1.5811388300841895,0.000532523840104871,0.0008885387592572774,0.599325391893994
8.891397050194612,1.5811388300841895,0.0004967154128738879,0.0011552986634313042,0.42994545791182187
8.891397050194612,1.5811388300841895,0.0005661276391461457,0.003460055118647258,0.16361809847915912
8.891397050194612,1.5811388300841895,0.0005316257055610684,0.0013247383303969427,0.4013062001472947
8.891397050194612,1.5811388300841895,0.0005813040317812185,0.0044441367012500775,0.1308024642036113
8.891397050194612,1.5811388300841895,0.0005169808165615016,0.001163232421510283,0.4444346692901488
8.891397050194612,1.5811388300841895,0.0005853066028916554,0.0011413352759105822,0.5128261740834086
8.891397050194612,1.5811388300841895,0.00048300494971436394,0.001119635701482686,0.43139473765863395
8.891397050194612,1.5811388300841895,0.0004999804581556503,0.0009243222700869987,0.5409157328954016
8.891397050194612,1.5811388300841895,0.0005960126624107566,0.0015990406108901739,0.37273141054182535
8.891397050194612,1.5811388300841895,0.0005321553169344836,0.0012544585482982143,0.4242111607883737
8.891397050194612,1.5811388300841895,0.0004956287773288688,0.004843157576009983,0.10233587686345542
8.891397050194612,1.5811388300841895,0.0004483437487291497,0.0013121385934183039,0.34168932380927214
8.891397050194612,1.5811388300841895,0.0005766663736773535,0.0017194810568751744,0.3353723330487476
8.891397050194612,1.5811388300841895,0.00048389872984547287,0.0011354861106034316,0.4261599726555127
8.891397050194612,1.5811388300841895,0.000504588046098943,0.0010249298480830486,0.4923147150438504
8.891397050194612,1.5811388300841895,0.0005105548133333927,0.001953342523209426,0.2613749546057745
8.891397050194612,1.5811388300841895,0.0005454578702769011,0.005160842727853073,0.10569162810040005
8.891397050194612,1.5811388300841895,0.0005009850405641921,0.0008462570167277349,0.5920010477447815
8.891397050194612,1.5811388300841895,0.0005667835273802576,0.008172290507308496,0.06935430487613992
8.891397050194612,1.5811388300841895,0.000507521601676077,0.00268325498705802,0.18914400760418784
8.891397050194612,1.5811388300841895,0.0005727233465385508,0.0023729584286718256,0.2413541424150069
8.891397050194612,1.5811388300841895,0.0005880179244406391,0.0011061750705969229,0.5315776318511032
8.891397050194612,1.5811388300841895,0.0005821083960242289,0.0015747131205424488,0.36965996436462495
8.891397050194612,1.5811388300841895,0.0005391070002622126,0.0008786147981698467,0.6135874348863366
8.891397050194612,1.5811388300841895,0.0005284771226594559,0.0012164334520967319,0.43444803474331856
8.891397050194612,1.5811388300841895,0.0004657664862763593,0.0025604629991785146,0.1819071341494852
8.891397050194612,1.5811388300841895,0.000536042495144007,0.0008676116535466414,0.6178369008216534
8.891397050194612,1.5811388300841895,0.0004884358555120187,0.00131798344275557,0.3705933167800825
8.891397050194612,1.5811388300841895,0.000514214332034765,0.0008115714261699072,0.6336032978163418
8.891397050194612,1.5811388300841895,0.00041856637836508453,0.0005351575640123287,0.7821367135818748
8.891397050194612,1.5811388300841895,0.0004968456927485484,0.0014534581976322577,0.34183693315564917
8.891397050194612,1.5811388300841895,0.000508021854362593,0.0008209583135532319,0.6188156523609555
8.891397050194612,1.5811388300841895,0.0005702105597084234,0.0009451395536252868,0.6033083236451778
8.891397050194612,1.5811388300841895,0.0005149055471132953,0.0015313528738041282,0.336242257366969
8.891397050194612,1.5811388300841895,0.0005723276339523729,0.002267295609588974,0.25242744330816536
8.891397050194612,1.5811388300841895,0.00046203535754609653,0.0028035989662083703,0.16480080179618561
8.891397050194612,1.5811388300841895,0.0005445944630541591,0.0015747038546888939,0.3458392899925629
8.891397050194612,1.5811388300841895,0.0005575209896522827,0.0015986185833616405,0.34875172568049645
8.891397050194612,1.5811388300841895,0.00045928866121786884,0.0008120637073493477,0.5655820560150757
8.891397050194612,1.5811388300841895,0.0004964059670265297,0.0009704202200821651,0.5115371225307931
8.891397050194612,1.5811388300841895,0.0006518195237110316,0.0023974981943609575,0.27187487575346064
8.891397050194612,1.5811388300841895,0.0005468177745834361,0.0011241752601798747,0.4864168372607151
8.891397050194612,1.5811388300841895,0.0005475363566030513,0.001028330196023111,0.532451890181338
8.891397050194612,1.5811388300841895,0.0004650989235216986,0.0010690540237511016,0.4350565202399757
8.891397050194612,1.5811388300841895,0.000499307638940022,0.0008967120916989773,0.5568204595011055
8.891397050194612,1.5811388300841895,0.000524695247209973,0.0007918593388017529,0.6626116805087447
8.891397050194612,1.5811388300841895,0.00044379285287677624,0.0012346109330811288,0.3594596815769602
8.891397050194612,1.5811388300841895,0.0005562414149991902,0.003083757180932984,0.1803778256078193
8.891397050194612,1.5811388300841895,0.0006460929002929621,0.003168207215491095,0.20393012715009962
8.891397050194612,1.5811388300841895,0.000512735833596779,0.0014983216298477446,0.3422067888380426
8.891397050194612,1.5811388300841895,0.00045257728991250087,0.0011822425909044443,0.3828125406700737
8.891397050194612,1.5811388300841895,0.00048607282085793007,0.0013560606339632682,0.3584447543745278
8.891397050194612,1.5811388300841895,0.0005440030722282483,0.0010809522446010443,0.5032628175253272
8.891397050194612,1.5811388300841895,0.0006071082883920333,0.00244468478700674,0.24833806453034532
8.891397050194612,1.5811388300841895,0.0004979359341558604,0.001187430264057879,0.41933909655817014
8.891397050194612,1.5811388300841895,0.0004906429129226743,0.0015097826882330178,0.3249758503304213
8.891397050194612,1.5811388300841895,0.0005000078620689272,0.001227800209575834,0.40723878214816733
8.891397050194612,1.5811388300841895,0.0005245009985352881,0.003431373658199389,0.1528545273062799
8.891397050194612,8.891397050194612,0.0008264334598395108,0.002522347149694241,0.32764461463589223
8.891397050194612,8.891397050194612,0.0009293715731011879,0.0028746720553754906,0.32329655529343265
8.891397050194612,8.891397050194612,0.0009401116402591897,0.0023506018517284915,0.3999450777118584
8.891397050194612,8.891397050194612,0.0008948574062508106,0.0019369636903078867,0.4619897681760726
8.891397050194612,8.891397050194612,0.0007623999507247022,0.001722693144180833,0.4425628286152117
8.891397050194612,8.891397050194612,0.0009155298811214508,0.0018851853842078976,0.48564448291971607
8.891397050194612,8.891397050194612,0.0007638001560521535,0.0015854927241352689,0.4817430849256857
8.891397050194612,8.891397050194612,0.0008227293930518919,0.0015278508550315157,0.538488027376809
8.891397050194612,8.891397050194612,0.0007472858898187599,0.0009923198929261243,0.7530695445550173
8.891397050194612,8.891397050194612,0.0009813648801333592,0.00302428798845045,0.3244945203238332
8.891397050194612,8.891397050194612,0.0008794094750492105,0.005843416858131949,0.15049576239377593
8.891397050194612,8.891397050194612,0.0010133574536977873,0.005880012765828911,0.17233932885091846
8.891397050194612,8.891397050194612,0.000873114272718499,0.002337054538023127,0.3735960194823057
8.891397050194612,8.891397050194612,0.0007343398306564443,0.001099543800320335,0.6678586432323167
8.891397050194612,8.891397050194612,0.0010031355283523517,0.0025996476576699065,0.3858736492203999
8.891397050194612,8.891397050194612,0.0009029535831883337,0.003013852533291075,0.2996011162504769
8.891397050194612,8.891397050194612,0.0009425862100113511,0.0019050017827897576,0.49479544771396056
8.891397050194612,8.891397050194612,0.0008946493681910308,0.0024303352274370003,0.36811768108818316
8.891397050194612,8.891397050194612,0.0008354883645328974,0.00223061592275731,0.37455500788326357
8.891397050194612,8.891397050194612,0.0008283962615872999,0.0015667454075290247,0.5287369968384308
8.891397050194612,8.891397050194612,0.0008464459358937498,0.0014643544438880433,0.5780335078209142
8.891397050194612,8.891397050194612,0.0008131125916700875,0.002701316783362121,0.3010060118377042
8.891397050194612,8.891397050194612,0.0008256095767974897,0.0022132174207411945,0.3730359110046213
8.891397050194612,8.891397050194612,0.0008750985710189543,0.0014428386627081393,0.6065117283289567
8.891397050194612,8.891397050194612,0.0008966868949053337,0.0021450396510055178,0.4180281210582746
8.891397050194612,8.891397050194612,0.0008769382512734281,0.0018476199005032163,0.47463130865530617
8.891397050194612,8.891397050194612,0.0010267436457607796,0.0043923353310019505,0.23375802810724053
8.891397050194612,8.891397050194612,0.0008022838375778677,0.002859574091397485,0.28056060515843756
8.891397050194612,8.891397050194612,0.0009285622955499958,0.0020272673237271763,0.4580364339138132
8.891397050194612,8.891397050194612,0.0008075843176065273,0.0017287842055705139,0.46714003691398687
8.891397050194612,8.891397050194612,0.0008888146122425253,0.001806632790967984,0.4919730321989247
8.891397050194612,8.891397050194612,0.0008293707127417585,0.001400287918493396,0.5922858447811924
8.891397050194612,8.891397050194612,0.0008257597815498428,0.0016152138587502839,0.5112386679177864
8.891397050194612,8.891397050194612,0.0009029895547188755,0.003643071659863749,0.24786488958404057
8.891397050194612,8.891397050194612,0.0008131488117633081,0.003357715962111358,0.24217319777459492
8.891397050194612,8.891397050194612,0.0008361095947856727,0.002845078915417246,0.29387922783261455
8.891397050194612,8.891397050194612,0.001084743264825108,0.0027198191169995802,0.39882919347289647
8.891397050194612,8.891397050194612,0.0008678202963904787,0.008549654941921916,0.10150354631685259
8.891397050194612,8.891397050194612,0.0008186962657611452,0.002297373074553283,0.3563619138873812
8.891397050194612,8.891397050194612,0.0010841297416612887,0.0040877461897759915,0.26521454398828487
8.891397050194612,8.891397050194612,0.0008367873212204063,0.001534902568616288,0.545172923891038
8.891397050194612,8.891397050194612,0.0007663735163573591,0.0012388728828765063,0.6186054493161046
8.891397050194612,8.891397050194612,0.0007977158462013818,0.0011973958707826222,0.666208950328175
8.891397050194612,8.891397050194612,0.0008990731214582002,0.003642279347045683,0.24684353828803773
8.891397050194612,8.891397050194612,0.0008624435470411195,0.0036355960386483346,0.23722205048990105
8.891397050194612,8.891397050194612,0.0007978778177842373,0.0027143880397541564,0.29394390415030763
8.891397050194612,8.891397050194612,0.0008337396729315975,0.0017974834128738181,0.4638371998096014
8.891397050194612,8.891397050194612,0.0009749283993095566,0.005471769184735584,0.17817425523526878
8.891397050194612,8.891397050194612,0.0009594562341880984,0.0016677881488968904,0.5752866362689426
8.891397050194612,8.891397050194612,0.0009049950834952418,0.0022644376055065275,0.39965556184658274
8.891397050194612,8.891397050194612,0.0007918767580453563,0.0013112686150919405,0.6039012517582703
8.891397050194612,8.891397050194612,0.0008804649468705102,0.007309938644351369,0.12044765212234368
8.891397050194612,8.891397050194612,0.0008028650561534691,0.0013506470652762286,0.5944299416141481
8.891397050194612,8.891397050194612,0.0008535715946183525,0.00712265740077247,0.11983892339476844
8.891397050194612,8.891397050194612,0.0009615123581680239,0.0025003410985046633,0.38455247515751323
8.891397050194612,8.891397050194612,0.0008702886052461758,0.003325331691959076,0.2617148260279132
8.891397050194612,8.891397050194612,0.0008254930134743987,0.0014333840695483124,0.5759049727227176
8.891397050194612,8.891397050194612,0.0007959435933310987,0.0018132762179928165,0.4389533075176812
8.891397050194612,8.891397050194612,0.0009666576071236972,0.009555959663650217,0.10115756461391866
8.891397050194612,8.891397050194612,0.0008973784692293094,0.0018559288559245072,0.4835198646568226
8.891397050194612,8.891397050194612,0.0008215806121504696,0.0016799159208645592,0.48906055472564824
8.891397050194612,8.891397050194612,0.0008568123087668066,0.0036620758556826965,0.2339690226343159
8.891397050194612,8.891397050194612,0.0009425605984219843,0.0015011191520694477,0.6279052513070447
8.891397050194612,8.891397050194612,0.0008412388370557572,0.001428286749153068,0.5889845561856448
8.891397050194612,8.891397050194612,0.0008496438777706627,0.0015814619424030277,0.5372521810291753
8.891397050194612,8.891397050194612,0.0008000555769399238,0.002202730380307744,0.363210851447079
8.891397050194612,8.891397050194612,0.0008139438468729285,0.0026912838200971456,0.30243701567066533
8.891397050194612,8.891397050194612,0.0010766129295097732,0.006801183555459284,0.158297878704594
8.891397050194612,8.891397050194612,0.0009641309567430719,0.0038187993932052165,0.25246965275488115
8.891397050194612,8.891397050194612,0.0008028482963063689,0.0018252124040137913,0.4398656805864566
8.891397050194612,8.891397050194612,0.0007833202443572546,0.001366304283721867,0.5733131731267498
8.891397050194612,8.891397050194612,0.00084867676173571,0.001163098759568001,0.7296687016078722
8.891397050194612,8.891397050194612,0.0012012928792825687,0.0030215109628001684,0.3975801822573158
8.891397050194612,8.891397050194612,0.0008177383668417672,0.002010133948670241,0.4068078982411712
8.891397050194612,8.891397050194612,0.0008732924777588991,0.0021558744150639584,0.40507576492250874
8.891397050194612,8.891397050194612,0.0009350627063696037,0.00459009133169252,0.2037133117403167
8.891397050194612,8.891397050194612,0.0009607723354106111,0.0026593898812648626,0.3612754723100801
8.891397050194612,8.891397050194612,0.0009135453814645917,0.00220672992192443,0.4139815082889315
8.891397050194612,8.891397050194612,0.0008283608593020878,0.0021627708578826196,0.3830090720350577
8.891397050194612,8.891397050194612,0.0008706382976629468,0.0027921582042173577,0.311815532639916
8.891397050194612,8.891397050194612,0.0008535534094310058,0.001661639504949576,0.5136814615254995
8.891397050194612,8.891397050194612,0.0009030742446525457,0.002320067557951562,0.3892448052029526
8.891397050194612,8.891397050194612,0.0008137987699365012,0.0023566161576307407,0.3453251253079186
8.891397050194612,8.891397050194612,0.0009756923470164568,0.0056826940366503905,0.17169538615377739
8.891397050194612,8.891397050194612,0.0009090279168287569,0.0037659554852106985,0.2413804200284907
8.891397050194612,8.891397050194612,0.000747978799455069,0.0012231681864866026,0.6115093637315278
8.891397050194612,8.891397050194612,0.0008376314995982867,0.003358880218294527,0.2493781990307456
8.891397050194612,8.891397050194612,0.0009043296523700067,0.0013793329124894799,0.6556282708703248
8.891397050194612,8.891397050194612,0.0007949293499552484,0.0013800754442060202,0.5760042708480942
8.891397050194612,8.891397050194612,0.0009673951351807687,0.0020455538056267284,0.47292578299321375
8.891397050194612,8.891397050194612,0.0009268575825284484,0.0018278918489974308,0.507063688169962
8.891397050194612,8.891397050194612,0.0008543852742384703,0.0033971423428659324,0.2515011701033654
8.891397050194612,8.891397050194612,0.0007964884671592604,0.00224006900489678,0.35556425512702533
8.891397050194612,8.891397050194612,0.0008470649722553158,0.0019987320142372308,0.4238011730544969
8.891397050194612,8.891397050194612,0.00084964197118192,0.0025827006870640934,0.32897423051672225
8.891397050194612,8.891397050194612,0.0008555304988958663,0.001687398597690195,0.5070115028345786
8.891397050194612,8.891397050194612,0.0007838071964783972,0.0015385683090065926,0.509439322186792
8.891397050194612,8.891397050194612,0.0008733235686799194,0.0026093681064728843,0.33468776080826784
8.891397050194612,8.891397050194612,0.0007699008216762774,0.0016314154492277544,0.47192198776879124
8.891397050194612,8.891397050194612,0.0007816737839311926,0.0037641895151039953,0.20766058159258138
8.891397050194612,8.891397050194612,0.0009288948851300648,0.002886443441519966,0.32181295215017974
8.891397050194612,8.891397050194612,0.0008456264542788832,0.002363901964216291,0.3577248409957794
8.891397050194612,8.891397050194612,0.0009001703028632139,0.002648417621369669,0.3398898631393629
8.891397050194612,8.891397050194612,0.0010498153313730878,0.0018433272315690516,0.5695219564892331
8.891397050194612,8.891397050194612,0.0007899702935060084,0.0016555025848197014,0.47717853221717743
8.891397050194612,8.891397050194612,0.0007131196846027632,0.0020089314493713217,0.3549746233630461
8.891397050194612,8.891397050194612,0.0008001778319223225,0.0011796899884865453,0.6782950094786269
8.891397050194612,8.891397050194612,0.0008761403143218671,0.0016088072292593583,0.5445899908873565
8.891397050194612,8.891397050194612,0.0008196912669594952,0.0016154194418792713,0.5074169876313491
8.891397050194612,8.891397050194612,0.0008665190343341666,0.002881310966054394,0.3007377699050511
8.891397050194612,8.891397050194612,0.0008199404546425917,0.002643599285128244,0.3101606432015719
8.891397050194612,8.891397050194612,0.0008879934064744995,0.0019665911560815276,0.45153940804037995
8.891397050194612,8.891397050194612,0.0008601818752745009,0.0034203101966902086,0.2514923576542526
8.891397050194612,8.891397050194612,0.0008702362282160071,0.0013079774005069764,0.6653297127906802
8.891397050194612,8.891397050194612,0.0008471432766084214,0.0012818906661397783,0.660854547883921
8.891397050194612,8.891397050194612,0.0009442609866405231,0.0052101368501798586,0.18123535212091912
8.891397050194612,8.891397050194612,0.0008239748916707362,0.002561777179374616,0.32164190480917854
8.891397050194612,8.891397050194612,0.0008492138077461733,0.0026864388662400217,0.31611134666717544
8.891397050194612,8.891397050194612,0.0009088505525715607,0.0014414268338926032,0.6305214605428087
8.891397050194612,8.891397050194612,0.000831031666187809,0.0018425497988210822,0.45102263543678855
8.891397050194612,8.891397050194612,0.0009048995079047949,0.0019201257749876012,0.4712709551074268
8.891397050194612,8.891397050194612,0.0009897388230876774,0.0019062163773422638,0.5192164094548477
8.891397050194612,8.891397050194612,0.0010243776090957737,0.005030602369692034,0.20362921451859542
8.891397050194612,8.891397050194612,0.0008346001933369372,0.0016896308653225993,0.49395415913971713
8.891397050194612,8.891397050194612,0.0007851879317039551,0.001657228955845006,0.47379568703202807
8.891397050194612,8.891397050194612,0.0009813158799462569,0.002646845502012359,0.37074921040921216
8.891397050194612,8.891397050194612,0.0009329049832456911,0.005166991858277179,0.180550890892394
8.891397050194612,8.891397050194612,0.0009058935329948216,0.0017967609914492052,0.5041814338723812
8.891397050194612,8.891397050194612,0.0009309362958762248,0.0024821739941216776,0.3750487669602866
8.891397050194612,8.891397050194612,0.000825814290013914,0.002552680533706206,0.3235086722015012
8.891397050194612,8.891397050194612,0.0008616980311185573,0.0028074272584758812,0.30693512308004123
8.891397050194612,8.891397050194612,0.0007940292133856101,0.002440899474953913,0.32530189036179064
8.891397050194612,8.891397050194612,0.0009495957587938946,0.0019206555339808759,0.4944123201653451
8.891397050194612,8.891397050194612,0.0008861945876047794,0.0017096678162361468,0.5183431419769876
8.891397050194612,8.891397050194612,0.0007579691019820296,0.0013951780473450588,0.5432776866181345
8.891397050194612,8.891397050194612,0.000830055411565066,0.005157906536983184,0.16092874223551915
8.891397050194612,8.891397050194612,0.0008794693497632244,0.0024089341519025523,0.3650865047799784
8.891397050194612,8.891397050194612,0.0008714945893743304,0.0017390023955574723,0.5011462845598641
8.891397050194612,8.891397050194612,0.0009735338253357245,0.0031525978933977104,0.3088036781901478
8.891397050194612,8.891397050194612,0.0008815469952737768,0.005282804023485403,0.1668710388185409
8.891397050194612,8.891397050194612,0.0009138997511694423,0.005017875763326976,0.18212881192648422
8.891397050194612,8.891397050194612,0.0008274621042161847,0.0016795226828313094,0.4926769448693981
8.891397050194612,8.891397050194612,0.0010625061921981872,0.003482302042244927,0.30511603511372154
8.891397050194612,8.891397050194612,0.0009227863263682216,0.0037570702641804453,0.245613273503554
8.891397050194612,8.891397050194612,0.0008689668665393961,0.002302511965777563,0.3773995008299313
8.891397050194612,8.891397050194612,0.0009720432872272455,0.006096214139742018,0.15945031866422932
8.891397050194612,8.891397050194612,0.0008846827964577099,0.001578131626192749,0.5605887251572367
8.891397050194612,8.891397050194612,0.000901989510822825,0.0018209371794462906,0.49534356319590406
8.891397050194612,8.891397050194612,0.0008647587832293978,0.0012601721688263313,0.6862227278315437
8.891397050194612,8.891397050194612,0.0007890265486784495,0.0015509334354678124,0.5087430128427486
8.891397050194612,8.891397050194612,0.0007676152081028744,0.0013768721792078679,0.5575065134546426
8.891397050194612,8.891397050194612,0.0010407723640178074,0.004118563173585908,0.25270278010853925
8.891397050194612,8.891397050194612,0.0010207626345237687,0.0020333006079005177,0.5020224902100217
8.891397050194612,8.891397050194612,0.0008494897661461653,0.0032710417986971017,0.2597000645129414
8.891397050194612,8.891397050194612,0.0008186533863355405,0.002664651288958765,0.30722721195366476
8.891397050194612,8.891397050194612,0.0008471698433480189,0.005515694940251859,0.15359258489182057
8.891397050194612,8.891397050194612,0.0008592331223408786,0.004392989926723514,0.19559187174866405
8.891397050194612,8.891397050194612,0.0009272326592272794,0.001630125210077969,0.5688106984020754
8.891397050194612,8.891397050194612,0.0009123638836895986,0.0026719420756736944,0.34146095156630907
8.891397050194612,8.891397050194612,0.0007900656552034767,0.0013717880719644963,0.5759385661314634
8.891397050194612,8.891397050194612,0.0008949756222518428,0.002042530822483927,0.4381699470089076
8.891397050194612,8.891397050194612,0.0008674054733901347,0.0013352045224718687,0.6496424021874222
8.891397050194612,8.891397050194612,0.0007881205218336497,0.001207055067162666,0.6529283901572326
8.891397050194612,8.891397050194612,0.0007734310105095731,0.0012780309754472443,0.6051739162573212
8.891397050194612,8.891397050194612,0.0008735551155881437,0.0018916449545428005,0.4617965509279604
8.891397050194612,8.891397050194612,0.0008471567572938554,0.001961075635620781,0.43198576429495383
8.891397050194612,8.891397050194612,0.0010627626095079282,0.007721905867165255,0.1376295732931633
8.891397050194612,8.891397050194612,0.0008392465427763947,0.0014441301336093038,0.5811432939764729
8.891397050194612,8.891397050194612,0.0008448073987090154,0.0018099921055991074,0.4667464549130639
8.891397050194612,8.891397050194612,0.000861441148712669,0.0023154501553064345,0.3720404633796416
8.891397050194612,8.891397050194612,0.000977559613628153,0.00752745139840345,0.12986594823255723
8.891397050194612,8.891397050194612,0.0009506925944144109,0.004115880739062525,0.2309815698476604
8.891397050194612,8.891397050194612,0.0008847295636584993,0.0012823102911292596,0.6899496711356555
8.891397050194612,8.891397050194612,0.0007686421927383848,0.0017081775990185793,0.4499779139944245
8.891397050194612,8.891397050194612,0.0009347490926250484,0.007190708382498781,0.1299940204639785
8.891397050194612,8.891397050194612,0.0010763276919883917,0.0023639887064633167,0.4553015372051625
8.891397050194612,8.891397050194612,0.0007906868764881922,0.001335777375132466,0.5919301308796173
8.891397050194612,8.891397050194612,0.0008576488392695498,0.0019085936033877314,0.4493616858755228
8.891397050194612,8.891397050194612,0.0009029973658943168,0.002467857478474721,0.3659033691250361
8.891397050194612,8.891397050194612,0.0010650082269016868,0.004177406394066694,0.2549448453026626
8.891397050194612,8.891397050194612,0.0009482909862087309,0.0020312047463776593,0.46686134812350244
8.891397050194612,8.891397050194612,0.0007836233702053285,0.001779844368453462,0.4402763433109787
8.891397050194612,8.891397050194612,0.0008300564132824978,0.001330363903533033,0.6239318513364095
8.891397050194612,8.891397050194612,0.0009211042710151997,0.0026376203971916097,0.3492179056531182
8.891397050194612,8.891397050194612,0.0009041911362203578,0.0019036648597709552,0.4749739070821259
8.891397050194612,8.891397050194612,0.001036272856666711,0.0024230375890863243,0.42767510555107296
8.891397050194612,8.891397050194612,0.0009568536297960165,0.008721439942786643,0.10971280385728209
8.891397050194612,8.891397050194612,0.0008979255587626012,0.0020347724522400304,0.4412904046219504
8.891397050194612,8.891397050194612,0.0009528287460677045,0.001977008008717022,0.48195492474815116
8.891397050194612,8.891397050194612,0.0008311777597938008,0.0015246344006489367,0.5451652930302655
8.891397050194612,8.891397050194612,0.0009053733342268926,0.0018613722005732022,0.48640101853250334
8.891397050194612,8.891397050194612,0.0009212419179102499,0.0019209588930908421,0.4795739883990763
8.891397050194612,8.891397050194612,0.0008751129112214019,0.002310874954232748,0.37869332116758997
8.891397050194612,8.891397050194612,0.0008396351677329042,0.001768460914773271,0.4747829939122807
8.891397050194612,8.891397050194612,0.0010613409620659985,0.002176522222443326,0.48763157624669484
8.891397050194612,8.891397050194612,0.0008363933519874537,0.007434212314431446,0.11250598134839782
8.891397050194612,8.891397050194612,0.0009403259792186569,0.004475320566218462,0.21011365896705128
8.891397050194612,8.891397050194612,0.0009255023158581536,0.001717089004773353,0.5389949579115237
8.891397050194612,8.891397050194612,0.0008345297269294668,0.0017233442386537282,0.48425016210423466
8.891397050194612,8.891397050194612,0.0007760477595376393,0.0020261025614086853,0.3830249140981677
8.891397050194612,50.0,0.0032084122265179866,0.013108399665274384,0.24476002475095637
8.891397050194612,50.0,0.0027822114502346856,0.005947017858322855,0.4678330411167303
8.891397050194612,50.0,0.0025075014261778227,0.00664173171844633,0.3775372948614659
8.891397050194612,50.0,0.0030848555687491867,0.007867384043001649,0.39210690006842724
8.891397050194612,50.0,0.0029107015105090048,0.005457184244685907,0.5333705772062554
8.891397050194612,50.0,0.0025432397602046172,0.0177273404238415,0.14346425912734287
8.891397050194612,50.0,0.0032165491511713146,0.006956087401393133,0.46240781139798776
8.891397050194612,50.0,0.0026269948068858365,0.003713122497353668,0.7074893997593907
8.891397050194612,50.0,0.002969837547469172,0.011044493681323153,0.26889757314011875
8.891397050194612,50.0,0.0026315005491756756,0.015539172419005884,0.16934624819254213
8.891397050194612,50.0,0.00271976817103922,0.003898646746590369,0.6976185194049299
8.891397050194612,50.0,0.002844106697094775,0.005538483041584474,0.5135172710181524
8.891397050194612,50.0,0.0026873318328459275,0.011789353674798001,0.22794564545048923
8.891397050194612,50.0,0.0028586001938719434,0.01010354052689486,0.2829305416514702
8.891397050194612,50.0,0.003233625418292216,0.013588861244785902,0.23796147153485508
8.891397050194612,50.0,0.003324818117062111,0.0065893684993569195,0.5045731039911627
8.891397050194612,50.0,0.0031388544568119697,0.010633671552417403,0.29518068536717207
8.891397050194612,50.0,0.002821275323907973,0.007788841304960031,0.3622201574592809
8.891397050194612,50.0,0.002720247285519021,0.004378890509725024,0.6212183838526351
8.891397050194612,50.0,0.003140953241078736,0.008255622695696092,0.38046230512886825
8.891397050194612,50.0,0.003218329550514947,0.01080066631727166,0.2979750930151802
8.891397050194612,50.0,0.002995148105969305,0.008769124408734931,0.34155611967208904
8.891397050194612,50.0,0.0030118242729958882,0.004788334192217891,0.6289920778484454
8.891397050194612,50.0,0.002668302791541971,0.005665781778647466,0.4709505052944251
8.891397050194612,50.0,0.0025161157866179155,0.008060027474480579,0.31217211040339093
8.891397050194612,50.0,0.002109250243051998,0.023168427814171246,0.09103985216303066
8.891397050194612,50.0,0.0028971107051099796,0.007757937887513702,0.3734382444299845
8.891397050194612,50.0,0.002777015492373723,0.0063610466649428035,0.4365658104158387
8.891397050194612,50.0,0.0027563591575631404,0.008871198379577299,0.31070877232422767
8.891397050194612,50.0,0.002763434918114157,0.0051417899955570855,0.537446087938633
8.891397050194612,50.0,0.002740090215150006,0.011758530918087928,0.2330299791902555
8.891397050194612,50.0,0.002994663881209356,0.016094615353653644,0.18606619763233648
8.891397050194612,50.0,0.0028733265025993326,0.004451953924832768,0.6454079604400366
8.891397050194612,50.0,0.0028388510778347507,0.005386895864589713,0.5269920097204197
8.891397050194612,50.0,0.0029470072350343494,0.006861963465697067,0.42946996872927534
8.891397050194612,50.0,0.003174759114586723,0.004801062986019069,0.6612617088823407
8.891397050194612,50.0,0.002968105577732631,0.007226215878003459,0.410741337906541
8.891397050194612,50.0,0.0031933105449207383,0.008726060417787108,0.3659510010280846
8.891397050194612,50.0,0.0032388149483574638,0.00840738958556753,0.3852343126714797
8.891397050194612,50.0,0.0026691675086645333,0.004334158945065138,0.6158443985317243
8.891397050194612,50.0,0.0031517623555958178,0.00766214464571373,0.4113420590877178
8.891397050194612,50.0,0.0027527921886655654,0.004967206511829002,0.554193223517084
8.891397050194612,50.0,0.002878768693199327,0.007007883491151957,0.4107900333722749
8.891397050194612,50.0,0.0026566467703326995,0.006572101837911665,0.40423091970480923
8.891397050194612,50.0,0.003064340754082557,0.006681254643035967,0.4586475022736326
8.891397050194612,50.0,0.002692193615125404,0.0038970193479611263,0.6908340387208822
8.891397050194612,50.0,0.0028518996437188987,0.007059653979050969,0.40397159013482986
8.891397050194612,50.0,0.0029871815042804986,0.008058418023030563,0.3706908100005833
8.891397050194612,50.0,0.0027708065046181795,0.005294582167554773,0.5233286436836689
8.891397050194612,50.0,0.002830755353531035,0.011324201682506694,0.24997394367356648
8.891397050194612,50.0,0.0027750216043530445,0.010121553401757154,0.27416953645388925
8.891397050194612,50.0,0.002550480477744726,0.005060469099853244,0.5040008006014088
8.891397050194612,50.0,0.002580888496387927,0.025639340468251302,0.10066126699256524
8.891397050194612,50.0,0.0029323390709714136,0.007311067383474465,0.40108221100512786
8.891397050194612,50.0,0.002902343061726386,0.014521979181703474,0.1998586436057631
8.891397050194612,50.0,0.0034908192437463933,0.013418716866218676,0.2601455324342116
8.891397050194612,50.0,0.002945482340135515,0.006220735200163672,0.4734942487277094
8.891397050194612,50.0,0.0029284155771879166,0.02416867356041069,0.12116575491278864
8.891397050194612,50.0,0.0028686302501694473,0.00816977047396519,0.3511273981699954
8.891397050194612,50.0,0.0025513803230434113,0.0059699393259989375,0.4273712317195944
8.891397050194612,50.0,0.0032932732767003564,0.019108964740972924,0.17234179461533095
8.891397050194612,50.0,0.0029245658487603364,0.009929344478505181,0.29453765604480436
8.891397050194612,50.0,0.0025310930056843435,0.007256160367858982,0.3488198823300226
8.891397050194612,50.0,0.003094465757774671,0.00765151099796959,0.40442544728692414
8.891397050194612,50.0,0.0035531345768229743,0.007490937543415099,0.47432441616688603
8.891397050194612,50.0,0.002727349278693545,0.011034274578191549,0.24717069159072358
8.891397050194612,50.0,0.002906200997940714,0.005925652851378808,0.49044401871508314
8.891397050194612,50.0,0.00257870299387867,0.006369281980215259,0.4048655722715418
8.891397050194612,50.0,0.002912075330042843,0.02665018275675315,0.10927036998667199
8.891397050194612,50.0,0.0028155448788211176,0.009271885558309373,0.303664757412569
8.891397050194612,50.0,0.002891361829174629,0.006852038168090267,0.4219710629516941
8.891397050194612,50.0,0.0030678855445622683,0.01074397104733995,0.2855448447361399
8.891397050194612,50.0,0.0030113109800081255,0.005537584938427595,0.5437949961022523
8.891397050194612,50.0,0.0032286784408517098,0.01150697142633665,0.2805845535917516
8.891397050194612,50.0,0.0029817469698543626,0.016261887226553466,0.1833579908846971
8.891397050194612,50.0,0.0028705259089803078,0.00726270268669049,0.3952421065288527
8.891397050194612,50.0,0.002829518817517348,0.008748856340837314,0.32341585085926183
8.891397050194612,50.0,0.002468358778049639,0.005136481526697403,0.4805543960822374
8.891397050194612,50.0,0.0027920501143648526,0.006171310861829148,0.45242415701893546
8.891397050194612,50.0,0.003490675274743709,0.007194154009540962,0.48520997328029664
8.891397050194612,50.0,0.0028979807307419926,0.00640534449060759,0.45243167404835394
8.891397050194612,50.0,0.0025875091766227793,0.004103632732779203,0.630541119324384
8.891397050194612,50.0,0.0028848829017616754,0.007265475880960625,0.39706730144429886
8.891397050194612,50.0,0.0030509687971112345,0.013546361422466024,0.2252242282603904
8.891397050194612,50.0,0.0026721991699741408,0.025099908016777157,0.1064625084756487
8.891397050194612,50.0,0.0029310209685200735,0.006532951672771888,0.4486518675373058
8.891397050194612,50.0,0.002935897990413351,0.007052034405767325,0.4163192947573118
8.891397050194612,50.0,0.002585501089192783,0.010393004517110019,0.24877320941564768
8.891397050194612,50.0,0.0031914866899509457,0.008663858373269256,0.3683678278718973
8.891397050194612,50.0,0.00314622480427864,0.007647256974728388,0.41141873676742585
8.891397050194612,50.0,0.003142550165931158,0.014385092294277611,0.21845881150037977
8.891397050194612,50.0,0.002718697748327277,0.016671583215535465,0.1630737592932296
8.891397050194612,50.0,0.0029818467051723856,0.005716772781391222,0.5215961555930039
8.891397050194612,50.0,0.0027507588112036458,0.007852790330515556,0.3502906222409037
8.891397050194612,50.0,0.0030887106978455324,0.00914545633908156,0.3377317198100274
8.891397050194612,50.0,0.0029171307856239335,0.006046727707541802,0.4824313127223394
8.891397050194612,50.0,0.0037345333537794683,0.008935458515441107,0.4179453519174119
8.891397050194612,50.0,0.0026666256902872624,0.008231458399176673,0.3239554354734981
8.891397050194612,50.0,0.0028754410049183477,0.00747871958815506,0.38448306170918967
8.891397050194612,50.0,0.002923787453231577,0.006916792698671953,0.42270855591681294
8.891397050194612,50.0,0.00291346985718119,0.006811406114745653,0.42773398151579495
8.891397050194612,50.0,0.002916937607942843,0.009410719916100957,0.30995902905921213
8.891397050194612,50.0,0.0027621260384568603,0.0073960750063415195,0.3734583594796655
8.891397050194612,50.0,0.0027744633235342055,0.011167284700931236,0.24844565154704473
8.891397050194612,50.0,0.0027629326647999218,0.004433275726125782,0.6232259925809837
8.891397050194612,50.0,0.002677361861409795,0.010818664348912913,0.24747619253746636
8.891397050194612,50.0,0.002480935196482994,0.004844186961432928,0.5121468713398138
8.891397050194612,50.0,0.0036993342544614947,0.01627442016376034,0.22730974235869383
8.891397050194612,50.0,0.0025877991249476317,0.005298085202211487,0.48844045087599797
8.891397050194612,50.0,0.0027823265583217507,0.004997767449752163,0.5567138900109738
8.891397050194612,50.0,0.002547510539399401,0.003942806459108605,0.646116051046377
8.891397050194612,50.0,0.0029154216562211253,0.006443229923671713,0.4524782897332577
8.891397050194612,50.0,0.003074634209257789,0.004812039836591845,0.6389461254824974
8.891397050194612,50.0,0.003058273538732535,0.007230718884861951,0.4229556683686402
8.891397050194612,50.0,0.002786429878359081,0.005247057287283682,0.5310462085314055
8.891397050194612,50.0,0.0035367921735973357,0.01682799597707456,0.2101731054853856
8.891397050194612,50.0,0.002743248090905817,0.011026324800911563,0.2487907929829011
8.891397050194612,50.0,0.0025603315353026736,0.0043694564271103365,0.5859611093538022
8.891397050194612,50.0,0.0028781051622641055,0.005321341021332078,0.5408608752429922
8.891397050194612,50.0,0.0028199202683858514,0.005141924045085969,0.5484173324343037
8.891397050194612,50.0,0.0029744227338427288,0.025578555511700615,0.11628579778408962
8.891397050194612,50.0,0.003136336263392466,0.007482661407588286,0.4191471580167796
8.891397050194612,50.0,0.0033426657398809506,0.006336341060281133,0.5275387969303285
8.891397050194612,50.0,0.0029420693455844797,0.005639203837420143,0.5217171484495292
8.891397050194612,50.0,0.0026388359281762155,0.010782308440458781,0.24473756642635372
8.891397050194612,50.0,0.0031107189901742995,0.006133191810012148,0.5071941472784524
8.891397050194612,50.0,0.0027991034913086134,0.006708535034675915,0.41724511787450724
8.891397050194612,50.0,0.002707470617637945,0.005931771828178251,0.4564353950326265
8.891397050194612,50.0,0.0025000099115270484,0.008755576048756052,0.28553345863316865
8.891397050194612,50.0,0.00253276796631267,0.00535068553891703,0.4733539184635579
8.891397050194612,50.0,0.002669484447230153,0.00737460443854103,0.36198340798849354
8.891397050194612,50.0,0.003041392257632389,0.0057352110138550955,0.5303017186787039
8.891397050194612,50.0,0.0026410764627746094,0.0036541363212541705,0.7227635289392107
8.891397050194612,50.0,0.003062776366741663,0.004977800907353322,0.6152870361322125
8.891397050194612,50.0,0.0028397029952395517,0.0062330632949415855,0.45558706223055684
8.891397050194612,50.0,0.0025695346410490342,0.003969626442137184,0.6472988525503769
8.891397050194612,50.0,0.002856757289738602,0.004785195217466288,0.5969991107805265
8.891397050194612,50.0,0.0032727847379952764,0.006670442984102165,0.49063978896085114
8.891397050194612,50.0,0.0025380618027516263,0.0035858992621922822,0.7077894879846547
8.891397050194612,50.0,0.002634600945158006,0.006362661966366636,0.4140721224991433
8.891397050194612,50.0,0.00298348207023392,0.008986628907461405,0.33199123953552806
8.891397050194612,50.0,0.002803072227315725,0.004544939962116364,0.6167457107641234
8.891397050194612,50.0,0.00320271395131265,0.00572148269411233,0.5597699272267992
8.891397050194612,50.0,0.002710405239311898,0.0044262369296430406,0.6123497866008908
8.891397050194612,50.0,0.0028737048677762956,0.009515632697827073,0.30199829680610896
8.891397050194612,50.0,0.002601271368107903,0.0061850059949291325,0.42057701645569845
8.891397050194612,50.0,0.0030121596915472634,0.012349439504560748,0.2439106398662748
8.891397050194612,50.0,0.002560536272749683,0.0038056481373107565,0.6728252797850812
8.891397050194612,50.0,0.0029210045550506635,0.0043758609326714605,0.6675268250052434
8.891397050194612,50.0,0.002780308104533544,0.005239879882761032,0.5306053128585317
8.891397050194612,50.0,0.003224314595728399,0.006078269063316814,0.530465920830583
8.891397050194612,50.0,0.0027815203079929497,0.010492856668248883,0.2650870393007234
8.891397050194612,50.0,0.002947143061584426,0.004387933357941938,0.6716471790188531
8.891397050194612,50.0,0.003424665280603392,0.014046147280759471,0.24381527632808797
8.891397050194612,50.0,0.002783643264661328,0.010281981238357343,0.2707302415877628
8.891397050194612,50.0,0.002615031755959718,0.007403610207434691,0.3532103504495291
8.891397050194612,50.0,0.003160140549558684,0.015489251501527006,0.20402151448358505
8.891397050194612,50.0,0.002987806036352815,0.010677768822332349,0.2798155762750619
8.891397050194612,50.0,0.0025956114578585426,0.0050068688636273305,0.5184101138966315
8.891397050194612,50.0,0.0034915520721859575,0.008199345982681554,0.4258329968708142
8.891397050194612,50.0,0.002573294348941411,0.008333284458742662,0.30879713295298616
8.891397050194612,50.0,0.002889926132145175,0.006376006170149921,0.4532502094610149
8.891397050194612,50.0,0.0029181571641575654,0.007715873824131801,0.3782017734700217
8.891397050194612,50.0,0.003025202726697644,0.030239226151400747,0.10004233281470763
8.891397050194612,50.0,0.003373384242018922,0.012881777637010988,0.26187257202195136
8.891397050194612,50.0,0.0029719915419652914,0.005401269559052217,0.5502394408337582
8.891397050194612,50.0,0.002644261286743481,0.0042722289896228215,0.618941843512216
8.891397050194612,50.0,0.0027472221763904588,0.0060290140472195755,0.4556669058778203
8.891397050194612,50.0,0.002896162451360138,0.007470553400463317,0.3876770964759479
8.891397050194612,50.0,0.0028442198771278094,0.00991641511493597,0.2868193640707804
8.891397050194612,50.0,0.0026932346593030415,0.008551905537807719,0.3149280177846132
8.891397050194612,50.0,0.0028847527008859578,0.0039252656691568496,0.7349190969551891
8.891397050194612,50.0,0.00293690867553206,0.008452587039211501,0.3474567800257789
8.891397050194612,50.0,0.002722125790598557,0.005976521421283145,0.4554699295320392
8.891397050194612,50.0,0.0029002587850990324,0.005596628109097907,0.5182153840782018
8.891397050194612,50.0,0.0026820324955061535,0.006748843605890226,0.3974062301822109
8.891397050194612,50.0,0.0027312726815340383,0.0050307990943434825,0.542910307152798
8.891397050194612,50.0,0.0027114295191192077,0.004524684946598338,0.5992526664552993
8.891397050194612,50.0,0.0032998119197044985,0.018164688945654466,0.1816607996744096
8.891397050194612,50.0,0.002707410622166623,0.004168223871394516,0.6495357988679324
8.891397050194612,50.0,0.0030821397146986312,0.007579790650559984,0.40662596855111394
8.891397050194612,50.0,0.0023230853371587687,0.0072584476008564465,0.3200526427833771
8.891397050194612,50.0,0.0026152133616587753,0.004132663806030368,0.6328154150460208
8.891397050194612,50.0,0.002698871838913814,0.01612368001112603,0.16738559913440834
8.891397050194612,50.0,0.0024880640441597938,0.0035770528504641807,0.6955625617432315
8.891397050194612,50.0,0.0032752416533039733,0.02254298391378686,0.1452887366565922
8.891397050194612,50.0,0.0027250466359041757,0.004109718139348873,0.6630738516622264
8.891397050194612,50.0,0.002801192118167834,0.00516482877959994,0.5423591444564423
8.891397050194612,50.0,0.002669681507253966,0.005083218446420693,0.5251951171080992
8.891397050194612,50.0,0.0026689831318020057,0.008107126955537303,0.3292144241036025
8.891397050194612,50.0,0.003176983432444173,0.01240441647120769,0.2561171208511401
8.891397050194612,50.0,0.0030160063055991453,0.02465173793545573,0.12234457114122284
8.891397050194612,50.0,0.0030938292132229516,0.006306581048460573,0.49057154573128825
8.891397050194612,50.0,0.0032671173631644073,0.024949166207782154,0.13095096389014102
8.891397050194612,50.0,0.003163586963460817,0.007052703566172375,0.4485637222347842
8.891397050194612,50.0,0.003109136239968153,0.007651529137153171,0.40634181537272934
8.891397050194612,50.0,0.002904574523884525,0.010805326840646183,0.2688095017133998
8.891397050194612,50.0,0.003191612862126215,0.009108346184846973,0.3504053093014752
8.891397050194612,50.0,0.0029486034771492795,0.006649548105314951,0.4434291519437953
8.891397050194612,50.0,0.0024627625984977196,0.004769698292986841,0.5163350902338749
50.0,0.05,0.0025865676145748907,0.006156054869858358,0.42016643276514587
50.0,0.05,0.0023492506941665396,0.010085726970623975,0.2329282461253458
50.0,0.05,0.0022935945923014877,0.008487512511040815,0.2702316596668235
50.0,0.05,0.0027205492004288376,0.01012227044733391,0.26876867344968036
50.0,0.05,0.0024134954193178724,0.003291861038466872,0.7331705048041507
50.0,0.05,0.0024996941904842375,0.0037307335244283076,0.6700275359032208
50.0,0.05,0.0019782791583844426,0.0075623724045134405,0.2615950461793906
50.0,0.05,0.00242184417687341,0.006022505071460359,0.402132359896237
50.0,0.05,0.0026852574874222327,0.005496704670183453,0.4885213320606894
50.0,0.05,0.002223032575895206,0.004377708863078995,0.5078073132372878
50.0,0.05,0.00251849331027132,0.004032282692298756,0.6245825261907808
50.0,0.05,0.002466007564026138,0.004783025602418866,0.5155748200007609
50.0,0.05,0.0026189765333128954,0.009394904250362905,0.27876564396190945
50.0,0.05,0.0024457477160812627,0.013509415447433611,0.18104023268792746
50.0,0.05,0.002334982787126873,0.008803245814297605,0.26524112087550256
50.0,0.05,0.0024833854889759538,0.005578792929971414,0.4451474575502265
50.0,0.05,0.0022223394581048655,0.003914177989995716,0.5677665818429728
50.0,0.05,0.0026329618777790427,0.016966912348978947,0.1551821464992416
50.0,0.05,0.0026268371932538707,0.014972212247092383,0.17544749900029
50.0,0.05,0.002088845922075852,0.004713908624908222,0.44312397381621316
50.0,0.05,0.002530281153468598,0.0356985617552418,0.07087907828939534
50.0,0.05,0.002357858204100533,0.006454571876561063,0.3653004799067755
50.0,0.05,0.0026252425881979303,0.006136262920501379,0.4278243325309516
50.0,0.05,0.0022921369093211325,0.003471318644120674,0.6603072619689622
50.0,0.05,0.002212806676679207,0.004692115942820223,0.47160102257600794
50.0,0.05,0.002406201090246114,0.004740445568643267,0.5075896464590728
50.0,0.05,0.0028174122986795247,0.005076934726487407,0.5549435733298891
50.0,0.05,0.002574843249211971,0.003873241259264383,0.6647773987879579
50.0,0.05,0.0026563300759029677,0.005191602371976644,0.5116589995877515
50.0,0.05,0.002387406479614638,0.0063162883050267805,0.37797617276504536
50.0,0.05,0.002720107658029504,0.008371493731427341,0.32492500685008874
50.0,0.05,0.002643451372819076,0.006878454157160722,0.38430893227181673
50.0,0.05,0.002442682894425754,0.017468019067026868,0.13983743005162114
50.0,0.05,0.00235299997519141,0.006609876592972549,0.35598243659996
50.0,0.05,0.0020046794500417713,0.0030084364348215093,0.6663526032454493
50.0,0.05,0.0022130964448881054,0.006556985958050103,0.3375173378510985
50.0,0.05,0.00211817323935146,0.004068012531317755,0.520689949464172
50.0,0.05,0.0024336415053496665,0.006721720359199062,0.3620563449979123
50.0,0.05,0.0027563247521504995,0.005536821388167547,0.4978171696202623
50.0,0.05,0.002412123277180867,0.005912934553892058,0.4079401277311856
50.0,0.05,0.0024194918324449114,0.0027988107148957816,0.8644714055037499
50.0,0.05,0.002132529100682306,0.008033387541739889,0.2654582627318933
50.0,0.05,0.002288160902219518,0.004111814112336143,0.5564845198995366
50.0,0.05,0.002245783379026829,0.004057631741098275,0.5534714637309509
50.0,0.05,0.0023112805919888357,0.008120354292769128,0.28462804807013714
50.0,0.05,0.0024760711205610905,0.004152867510310761,0.5962316674956493
50.0,0.05,0.0026357586658095496,0.0072554938921775645,0.3632776355378461
50.0,0.05,0.0023161555998529593,0.0041522365544852695,0.5578091636785565
50.0,0.05,0.00231892239461984,0.003989023606164828,0.5813258139250083
50.0,0.05,0.0022675735263057236,0.00979157525786433,0.23158413907756764
50.0,0.05,0.00215626755723085,0.003560679044277912,0.6055776244972201
50.0,0.05,0.002124371853816201,0.0057836573164723685,0.3673059687969067
50.0,0.05,0.0028450982240751876,0.005210999923149602,0.545979325663772
50.0,0.05,0.0024944654943590424,0.02777409789458188,0.08981265579990838
50.0,0.05,0.002403828834085477,0.0061161134852744554,0.39303208481547774
50.0,0.05,0.0026503120254224004,0.004641684908759768,0.5709805981058178
50.0,0.05,0.0024889791635895778,0.004188003719186466,0.594311593417847
50.0,0.05,0.0023267683589766074,0.00400034385924732,0.5816420889914193
50.0,0.05,0.0025797421316376577,0.0048829654659785305,0.5283146378182885
50.0,0.05,0.0021756796491931582,0.01682695351905216,0.12929729952185137
50.0,0.05,0.002188326062403996,0.00381064853870979,0.5742660442636675
50.0,0.05,0.0021264938982020324,0.004787277127568001,0.4441969498603727
50.0,0.05,0.002082130658966236,0.0031092150316808266,0.6696644129629871
50.0,0.05,0.0023543972963859963,0.007653915731375528,0.3076069007050427
50.0,0.05,0.0023288475791615904,0.005065216031677604,0.4597726068537049
50.0,0.05,0.002730745184087216,0.00683207910421588,0.3996946086883203
50.0,0.05,0.001989155487079336,0.002657432671339537,0.7485252621947553
50.0,0.05,0.0021872545827514114,0.005959061672148378,0.3670468109055257
50.0,0.05,0.0024142327416992984,0.023372785704867317,0.10329246895018343
50.0,0.05,0.0025119956558434546,0.005531912252489433,0.45409173920157964
50.0,0.05,0.0023291429072675386,0.004266662651703199,0.5458933825803578
50.0,0.05,0.0023484426623823548,0.0036002539526042827,0.6522991692526532
50.0,0.05,0.0023899743326572767,0.003574092103121425,0.6686941085177962
50.0,0.05,0.0030260075048214666,0.0050420791070129,0.6001507395258178
50.0,0.05,0.0023042941820054807,0.005928474931639259,0.3886824535105742
50.0,0.05,0.0024191745113573498,0.0043804129864991066,0.5522708746443543
50.0,0.05,0.0022784099395148343,0.003752380724832981,0.6071905029349725
50.0,0.05,0.002484689846338056,0.003949001474026372,0.6291944590754192
50.0,0.05,0.0025133641844949815,0.008582474969110231,0.29284841418600127
50.0,0.05,0.0023298204829234168,0.005425183714887191,0.4294454538986726
50.0,0.05,0.0027516250658365087,0.0050141351584979555,0.5487736127681072
50.0,0.05,0.0025491502930125374,0.004708259703328064,0.541420918478786
50.0,0.05,0.002264130883094132,0.003764731787967421,0.6014056274421974
50.0,0.05,0.0026084879184178514,0.007493852183095948,0.3480837164498489
50.0,0.05,0.002114513745597575,0.0027322618384890696,0.7739059689707094
50.0,0.05,0.0023745365302642934,0.031068109467027656,0.07643002973143154
50.0,0.05,0.002275690126584295,0.00957045726652374,0.23778280004910254
50.0,0.05,0.002235473712411818,0.0033592902843538478,0.6654601190089788
50.0,0.05,0.0022023877923874153,0.003738895531399494,0.5890476944037659
50.0,0.05,0.0024169067834151937,0.00561228792041033,0.43064554379428327
50.0,0.05,0.002776644855652772,0.0067120738350325854,0.41367912867116013
50.0,0.05,0.0027192748065167907,0.0053256623984800034,0.5105984200750123
50.0,0.05,0.002700292162465418,0.015404506403552114,0.17529235223289982
50.0,0.05,0.0022823718453054823,0.003721597958521019,0.6132773799705403
50.0,0.05,0.0021041909663072848,0.005248996595023701,0.40087489641394664
50.0,0.05,0.002151933903619896,0.0032046584185878822,0.6715018022320568
50.0,0.05,0.002708119939413214,0.009555247024921207,0.2834170516314355
50.0,0.05,0.0024128592322088947,0.005798137726822314,0.41614382856877546
50.0,0.05,0.002695423624875354,0.006605830660693718,0.40803704535052243
50.0,0.05,0.002333208137746122,0.003745660153132688,0.6229097254845024
50.0,0.05,0.0024049134043532855,0.007360390127483059,0.32673721945438017
50.0,0.05,0.0023587602186889503,0.004562394142635089,0.5170005363295088
50.0,0.05,0.002374429892580555,0.004374655550211784,0.5427695655868506
50.0,0.05,0.0020770029804317914,0.00441559865166565,0.47037857021908125
50.0,0.05,0.0023985633640356526,0.005606355748913287,0.42782931934003304
50.0,0.05,0.002512537237520885,0.006612857799707592,0.3799472654064911
50.0,0.05,0.0026078158087974425,0.008718134012442437,0.29912545563942844
50.0,0.05,0.002851071087672027,0.0037247054618521212,0.7654487359798707
50.0,0.05,0.002099282122660819,0.005276554015306599,0.39785096799370834
50.0,0.05,0.0024691770074133494,0.0037500596697216727,0.6584367249805948
50.0,0.05,0.00217033778252716,0.004953108090330441,0.43817694727158035
50.0,0.05,0.002409235293528813,0.023056453018602294,0.10449288498907466
50.0,0.05,0.0030889410136727426,0.01736771203099249,0.17785537946279634
50.0,0.05,0.0024752777834363424,0.003780513977554521,0.6547463646828019
50.0,0.05,0.002613627420994935,0.0038367652979936473,0.6812059685698456
50.0,0.05,0.002446192198067885,0.00431126784037016,0.5673950885542425
50.0,0.05,0.002286150860541123,0.00386732166444771,0.5911457744923855
50.0,0.05,0.002708113916820596,0.003310390364848636,0.8180648257005247
50.0,0.05,0.003552954542689278,0.011362455405998645,0.31269249609671046
50.0,0.05,0.0021672578503086023,0.010113272104291542,0.21429838216148972
50.0,0.05,0.0021977965451405526,0.003419210313041596,0.6427789881066072
50.0,0.05,0.0024766071869064643,0.0046101604862516165,0.5372062847469589
50.0,0.05,0.0023207350120834592,0.006046851954050219,0.3837922657473062
50.0,0.05,0.002544282697625559,0.004934056172707301,0.515657424351843
50.0,0.05,0.002126298179895749,0.00438062245793764,0.48538722528870754
50.0,0.05,0.0026776120390890217,0.010333599375360153,0.25911707448942006
50.0,0.05,0.002945850090865675,0.005205519219374011,0.5659089836613701
50.0,0.05,0.002229940146525772,0.005166090343882039,0.4316494676030176
50.0,0.05,0.0026299835721793046,0.006889780652914831,0.381722395047025
50.0,0.05,0.002107066808856883,0.003410002588323504,0.6179076860738697
50.0,0.05,0.002300747978701363,0.01330763127049045,0.1728893694104112
50.0,0.05,0.0023851184656234216,0.004497898134595545,0.5302740067140035
50.0,0.05,0.0022954515484650113,0.010332541907363532,0.22215748738741117
50.0,0.05,0.0023850235037726976,0.009088569974870741,0.2624201068338716
50.0,0.05,0.0021152380795113382,0.004804479555835603,0.44026372782503237
50.0,0.05,0.0023087545538102907,0.015484640278152299,0.14909965697219169
50.0,0.05,0.0023096615301493205,0.005856833873456079,0.39435325980765856
50.0,0.05,0.002676208309145435,0.006676265949855836,0.40085405962643295
50.0,0.05,0.00255597898749889,0.005552478591648117,0.46033117378309607
50.0,0.05,0.0027078211117216116,0.015206995078827994,0.17806418018057937
50.0,0.05,0.0032682027982859213,0.012544427680413101,0.26053024351114085
50.0,0.05,0.0023258782403048194,0.010473142676677755,0.22208025920283025
50.0,0.05,0.002299238704421339,0.013638251232539674,0.16858750181515622
50.0,0.05,0.0019885233894277143,0.0028835150300018484,0.6896178340455675
50.0,0.05,0.002402136075570805,0.017707574651557895,0.13565584914021342
50.0,0.05,0.002505429255188969,0.0059653950730300135,0.41999385196065175
50.0,0.05,0.0019594334114044305,0.004202289605051084,0.46627757616924426
50.0,0.05,0.0020108701960751102,0.007618026507027425,0.2639620896855815
50.0,0.05,0.0024476143426908916,0.004735651122325636,0.516848534545106
50.0,0.05,0.0021282214241305037,0.002553296152918122,0.8335192224756979
50.0,0.05,0.0023336282774078783,0.004320108440685583,0.5401781713232969
50.0,0.05,0.0021904153515237405,0.004590857477323097,0.4771255396935039
50.0,0.05,0.002288945557066579,0.003004511268382703,0.7618362364467666
50.0,0.05,0.0027332264845377112,0.005006569587518917,0.5459279925623093
50.0,0.05,0.0023974869809025626,0.011106329318274611,0.21586672897927509
50.0,0.05,0.002723919638878129,0.013393504535718269,0.20337616877000972
50.0,0.05,0.0025835006343098736,0.0037828859626209068,0.6829443604268578
50.0,0.05,0.002432000725033252,0.00992994651193665,0.244915793061904
50.0,0.05,0.0028330530036615106,0.009806574714020966,0.28889322584887345
50.0,0.05,0.0024864077302424125,0.00375226967464458,0.6626410002042106
50.0,0.05,0.0025710086075529433,0.004703787502531849,0.5465826434908208
50.0,0.05,0.0020902080216526845,0.0052486082135432465,0.39824043567573136
50.0,0.05,0.002218731828639152,0.0026184288001627073,0.8473523620353097
50.0,0.05,0.002529130383525312,0.004771462199453721,0.5300535303024866
50.0,0.05,0.002120925241657832,0.006660784688789389,0.31841972691708703
50.0,0.05,0.002750121914069602,0.008055921648908828,0.34137893017394294
50.0,0.05,0.0024834846377811536,0.003631904579965633,0.6837967746951804
50.0,0.05,0.0028339883027005243,0.014466603794085297,0.19589866032407735
50.0,0.05,0.002942368814998942,0.008849694585490564,0.3324825265521678
50.0,0.05,0.0021410255630171563,0.01043945137346676,0.20508985447825875
50.0,0.05,0.0021671692212318337,0.005291125148934304,0.409585704406997
50.0,0.05,0.0023357105370751035,0.006462169492098464,0.3614437132809754
50.0,0.05,0.0023418435240793603,0.00393253926409071,0.5955041683788111
50.0,0.05,0.0020809273216303163,0.004316097629465402,0.4821316615787634
50.0,0.05,0.0022406786387842784,0.007244759764484877,0.30928266935343945
50.0,0.05,0.003082870541769981,0.009111870786406158,0.33833562986530297
50.0,0.05,0.0024695992240678405,0.0056068671591876715,0.4404597351697625
50.0,0.05,0.0021965759799943765,0.013902631303898015,0.15799713967660936
50.0,0.05,0.002201546267111472,0.0048555301501655886,0.4534100703784925
50.0,0.05,0.0028064868247255586,0.00793752584830343,0.3535719918726839
50.0,0.05,0.0029991585002473323,0.007589995482275571,0.395146282662628
50.0,0.05,0.001977476675414314,0.012703487375943694,0.1556640800193982
50.0,0.05,0.0021917641391522554,0.009019204273333487,0.24301081034748334
50.0,0.05,0.0024642432667457423,0.006759449535543763,0.36456271384050015
50.0,0.05,0.0027871166141526437,0.00814241153040352,0.34229621086402157
50.0,0.05,0.002630054698202002,0.004558758557117904,0.5769234464272113
50.0,0.05,0.0027875942726321473,0.006913790201423412,0.4031933558033388
50.0,0.05,0.002269323139486933,0.023751772530848456,0.09554331730566926
50.0,0.05,0.0020567498513435565,0.0033111395391242676,0.6211607294229367
50.0,0.05,0.0023789379815505897,0.007289768333424147,0.3263393118602928
50.0,0.05,0.002148723600920358,0.013036734331136963,0.16482069407430835
50.0,0.05,0.002776423296536919,0.004874045720425497,0.569634233200123
50.0,0.05,0.0026427940545349724,0.0037838865626788486,0.69843374286146
50.0,0.05,0.0021643440276482777,0.003333860647532617,0.649200508500589
50.0,0.05,0.002444272273062233,0.006113770517024878,0.39979784426905185
50.0,0.05,0.0021312918785432564,0.003068504113011613,0.6945703183208314
50.0,0.05,0.0025836959383979687,0.005236416965433978,0.4934091298407211
50.0,0.05,0.002228835235958903,0.006691001109024041,0.3331093807401871
50.0,0.05,0.0023146052673363587,0.004168500944384968,0.5552608235471713
50.0,0.05,0.0021530900979689137,0.0029137562689220686,0.738939670738294
50.0,0.2811706625951745,0.0024777475840407686,0.005346099444996941,0.46346829301118364
50.0,0.2811706625951745,0.0027405755940000695,0.005266329830536285,0.5203957371050171
50.0,0.2811706625951745,0.002227125040814116,0.0031502901852283527,0.7069586958233437
50.0,0.2811706625951745,0.0025339530331270313,0.00465876897175155,0.5439104296632132
50.0,0.2811706625951745,0.002375893577723813,0.007802326411574923,0.3045109179486675
50.0,0.2811706625951745,0.002432003584157855,0.006270782433271058,0.38783096209084034
50.0,0.2811706625951745,0.0024414970264599,0.01602372803794549,0.15236760263767812
50.0,0.2811706625951745,0.002348655518737083,0.0055630457728098265,0.42218878194683734
50.0,0.2811706625951745,0.0022937903055919385,0.0070812775550759014,0.32392323104857484
50.0,0.2811706625951745,0.0021436828976693703,0.003467873576940224,0.6181548577560274
50.0,0.2811706625951745,0.002742976026519618,0.008129767788541358,0.3373990620477196
50.0,0.2811706625951745,0.002829130299870898,0.009700989535012063,0.2916331668702682
50.0,0.2811706625951745,0.0026241644493060884,0.005040673228652969,0.5205980094859968
50.0,0.2811706625951745,0.0023421422148741738,0.0030119286635585597,0.7776220742582127
50.0,0.2811706625951745,0.0024737570829966517,0.004576774869313985,0.5405022430931684
50.0,0.2811706625951745,0.002170444830701291,0.0036361407757776513,0.5969089109970183
50.0,0.2811706625951745,0.0025880413192373494,0.006772053803968447,0.38216490804026815
50.0,0.2811706625951745,0.00231835208352602,0.0035498300301983906,0.6530881940272654
50.0,0.2811706625951745,0.002232725276229671,0.02888307506245664,0.07730220107802356
50.0,0.2811706625951745,0.002579007900833842,0.011611641231284648,0.22210537248475723
50.0,0.2811706625951745,0.0027888094065021125,0.019661788251145836,0.14183905201703045
50.0,0.2811706625951745,0.0022774262564190357,0.00662688451178925,0.34366469679190675
50.0,0.2811706625951745,0.002222260631900041,0.002434570827536446,0.9127935843003415
50.0,0.2811706625951745,0.002238320641912561,0.003393301415046689,0.6596291835400551
50.0,0.2811706625951745,0.002432931720151774,0.00768043377428752,0.3167700928945861
50.0,0.2811706625951745,0.002147165271692922,0.0026098852310177416,0.822704863100674
50.0,0.2811706625951745,0.0024201153558794392,0.010484075139503819,0.230837276886779
50.0,0.2811706625951745,0.002881963671614179,0.006406976461647247,0.44981649126789836
50.0,0.2811706625951745,0.0023528382959327574,0.0041916615807649415,0.5613139922196164
50.0,0.2811706625951745,0.0031732767968514217,0.006075668546083243,0.5222926123738456
50.0,0.2811706625951745,0.002557382314024565,0.02409425096508862,0.10614076850656555
50.0,0.2811706625951745,0.002205893600088384,0.0038374868918044807,0.5748276573398583
50.0,0.2811706625951745,0.0022606184783710596,0.004537563698986598,0.49820093520140274
50.0,0.2811706625951745,0.002495213441518343,0.01500457925653512,0.16629679505552106
50.0,0.2811706625951745,0.002981773250668073,0.005210400400563699,0.5722733420536132
50.0,0.2811706625951745,0.002507685589083269,0.006113516098887169,0.4101871244830349
50.0,0.2811706625951745,0.00242256301916397,0.003939904243732999,0.6148786542255221
50.0,0.2811706625951745,0.002244911648731355,0.011525184358181478,0.19478314437007171
50.0,0.2811706625951745,0.002283414473557549,0.006822215152627381,0.3347027941031965
50.0,0.2811706625951745,0.0024223459863417017,0.0037914590649461163,0.6388954607838099
50.0,0.2811706625951745,0.0023684432309435777,0.004452430350070752,0.5319439148342751
50.0,0.2811706625951745,0.0023931251775739814,0.005248947826706078,0.4559247408400632
50.0,0.2811706625951745,0.0025955099082072496,0.008354052828720761,0.31068871138617093
50.0,0.2811706625951745,0.002386031162086672,0.008573603361107478,0.27829969052574194
50.0,0.2811706625951745,0.0026570709423748766,0.004951008042089212,0.5366727179165828
50.0,0.2811706625951745,0.002594966239791112,0.008711625834067366,0.2978739318260584
50.0,0.2811706625951745,0.0021720350108726826,0.010084491904813747,0.21538368332031482
50.0,0.2811706625951745,0.0024715142084228044,0.0141229729593716,0.174999570949598
50.0,0.2811706625951745,0.002245304289874476,0.004816584876004987,0.46616105553543064
50.0,0.2811706625951745,0.0019036268527625243,0.0027418762300691416,0.6942789145207042
50.0,0.2811706625951745,0.00267023786448467,0.010250558474715517,0.2604968179120384
50.0,0.2811706625951745,0.002164704763123183,0.0031132885269269466,0.6953113225454602
50.0,0.2811706625951745,0.0024218718597272273,0.004516816068991245,0.5361900557239453
50.0,0.2811706625951745,0.002374285813732145,0.005886759114504178,0.40332647685247147
50.0,0.2811706625951745,0.0027274008681294785,0.01371095743527388,0.1989212555727694
50.0,0.2811706625951745,0.0023779565842553794,0.009121950002858146,0.26068511486143897
50.0,0.2811706625951745,0.0022571496879062155,0.007680515097026268,0.29387998843725155
50.0,0.2811706625951745,0.0020567999780944117,0.004509594555187991,0.45609421266667954
50.0,0.2811706625951745,0.0021965150544067226,0.009908309621950658,0.22168413566130493
50.0,0.2811706625951745,0.0022760543072037715,0.005921992731797649,0.38433926049633377
50.0,0.2811706625951745,0.002312513700241027,0.0036174679006785986,0.6392630878099081
50.0,0.2811706625951745,0.0025178993374059618,0.0038383529415440196,0.6559843182094425
50.0,0.2811706625951745,0.002182489644055401,0.0035586030915833737,0.6132995413895171
50.0,0.2811706625951745,0.0029152040278088006,0.008914971917966152,0.3270009209938006
50.0,0.2811706625951745,0.0022081444935409082,0.004560212489745477,0.4842196495243039
50.0,0.2811706625951745,0.002250663065581614,0.0027771301842704696,0.8104276415737585
50.0,0.2811706625951745,0.003163414032505927,0.008211644610315332,0.38523513651968067
50.0,0.2811706625951745,0.002890273994909357,0.015198829353065263,0.19016425066490092
50.0,0.2811706625951745,0.0027536476325247523,0.013175496834292267,0.20899763152443326
50.0,0.2811706625951745,0.00243155091055476,0.005035870414713336,0.482846203399214
50.0,0.2811706625951745,0.002748778955371003,0.010003198341192225,0.27479000831681916
50.0,0.2811706625951745,0.0023755828705372558,0.0047738366526284,0.49762550405433265
50.0,0.2811706625951745,0.0023674245191955255,0.010281958657233144,0.23025034413361423
50.0,0.2811706625951745,0.002511909799199509,0.004894255701556167,0.5132363228183661
50.0,0.2811706625951745,0.002186769617805167,0.003775223607920308,0.5792424091694566
50.0,0.2811706625951745,0.0025170362577404525,0.003934282502042575,0.6397700867778748
50.0,0.2811706625951745,0.0022585853385853998,0.0044986181556978064,0.5020620244740593
50.0,0.2811706625951745,0.0022609810022958267,0.004102300875041815,0.5511494820020437
50.0,0.2811706625951745,0.002663670972470634,0.007385984328412865,0.3606385897982288
50.0,0.2811706625951745,0.0024773238512689317,0.0035422682110734893,0.6993608907209697
50.0,0.2811706625951745,0.0027248085532234913,0.01025162643695714,0.2657928056567248
50.0,0.2811706625951745,0.002242242699388314,0.0038171202833241847,0.5874173546964127
50.0,0.2811706625951745,0.0028284146788773506,0.006251328674270753,0.45245016319787384
50.0,0.2811706625951745,0.002613088765654649,0.004272573333656359,0.6115960011898578
50.0,0.2811706625951745,0.0023663576852855565,0.0038106061160599674,0.6209924650339582
50.0,0.2811706625951745,0.002387815256734559,0.004665763402529308,0.5117737550601313
50.0,0.2811706625951745,0.002172448302033953,0.003452608804533438,0.6292193599174706
50.0,0.2811706625951745,0.00244180425425009,0.005417338234790469,0.4507387481491699
50.0,0.2811706625951745,0.002444261286700394,0.02729049812863922,0.08956455375709449
50.0,0.2811706625951745,0.0028474693100750126,0.01189655230239631,0.23935248109668292
50.0,0.2811706625951745,0.002417201302856158,0.006109619076745488,0.3956386269737407
50.0,0.2811706625951745,0.0026276075180268702,0.008628098780006307,0.3045407319762917
50.0,0.2811706625951745,0.002186823585396389,0.003896406275455645,0.561241161932135
50.0,0.2811706625951745,0.002766993329255338,0.004862524422764191,0.5690446131851796
50.0,0.2811706625951745,0.0024566478411518246,0.006090371715637761,0.40336582984649133
50.0,0.2811706625951745,0.002533390467871618,0.009701657163222136,0.261129663236855
50.0,0.2811706625951745,0.002449176277735874,0.005127117896841749,0.47769064940842126
50.0,0.2811706625951745,0.002301431311618902,0.013444009020798302,0.17118638555348453
50.0,0.2811706625951745,0.0025799106916706512,0.0073556156358727965,0.35074028054002937
50.0,0.2811706625951745,0.002206071883376055,0.0041700619004715125,0.5290261718001387
50.0,0.2811706625951745,0.0027379506380684113,0.026782529005969488,0.10222898059619974
50.0,0.2811706625951745,0.0025756625002845866,0.005771369837108423,0.4462826976922774
50.0,0.2811706625951745,0.0024422376170339564,0.009500653438577486,0.25705996254081104
50.0,0.2811706625951745,0.0024445307368157884,0.004516456358257866,0.5412497194501217
50.0,0.2811706625951745,0.003059351337740855,0.007912948245183923,0.38662597592532916
50.0,0.2811706625951745,0.0022697054357410456,0.0058503223787014155,0.38796245553990266
50.0,0.2811706625951745,0.002273930912478431,0.0029084875772486924,0.7818258981973973
50.0,0.2811706625951745,0.0025323806025127136,0.005343596585166227,0.473909390829124
50.0,0.2811706625951745,0.002279301514139568,0.0042978361572572205,0.5303369953484139
50.0,0.2811706625951745,0.0022931750559674583,0.002729084198114182,0.8402727396802414
50.0,0.2811706625951745,0.0024444498551637293,0.004322959971785947,0.5654574345165292
50.0,0.2811706625951745,0.002704749371784497,0.005003996373006856,0.5405178521660754
50.0,0.2811706625951745,0.0030203339903843527,0.006212180616696893,0.4861954564338325
50.0,0.2811706625951745,0.0024610556295613386,0.011655053803051874,0.21115780940598589
50.0,0.2811706625951745,0.0023221901047589246,0.0055624457168439835,0.4174764524401484
50.0,0.2811706625951745,0.002652536402092137,0.0038393176488485652,0.6908874557143374
50.0,0.2811706625951745,0.0029825394504108768,0.0067898983457620595,0.4392612817646143
50.0,0.2811706625951745,0.0027724548682487114,0.02511355760901521,0.11039673914035426
50.0,0.2811706625951745,0.0022977154007794657,0.013308369863570419,0.17265190435299685
50.0,0.2811706625951745,0.002224330987759413,0.0031768427602029267,0.7001703123692938
50.0,0.2811706625951745,0.002401214684910943,0.013919568154730689,0.1725064066800714
50.0,0.2811706625951745,0.002385166553805729,0.01001863405829014,0.23807302871114153
50.0,0.2811706625951745,0.0022420621406588053,0.003726457983718692,0.6016603837892774
50.0,0.2811706625951745,0.002440921347084265,0.00316277541178797,0.7717656264768958
50.0,0.2811706625951745,0.00278045006473519,0.00787495772106539,0.35307491966560395
50.0,0.2811706625951745,0.0025253247652812327,0.008767775999555671,0.28802341271141163
50.0,0.2811706625951745,0.002537777658349528,0.010576352802113184,0.2399482795092154
50.0,0.2811706625951745,0.002667749834839674,0.003908555267309606,0.682541157125809
50.0,0.2811706625951745,0.0023240151964171608,0.003298888880335613,0.7044842311210939
50.0,0.2811706625951745,0.0026608809020358163,0.032468483632716684,0.081952730904704
50.0,0.2811706625951745,0.0026978670711288724,0.008248089907790274,0.3270899203681997
50.0,0.2811706625951745,0.002389954836385803,0.006210732562656436,0.3848104571038845
50.0,0.2811706625951745,0.0023310713311439826,0.011042541806695921,0.21109916285129926
50.0,0.2811706625951745,0.0023523583792846407,0.003467075569147305,0.6784848880185157
50.0,0.2811706625951745,0.0026666046334723787,0.011371930593827823,0.23449005526991987
50.0,0.2811706625951745,0.0026847979840313833,0.006602892705808362,0.4066093610259105
50.0,0.2811706625951745,0.002166115155142168,0.003825298186817778,0.5662604715644755
50.0,0.2811706625951745,0.0021739067680309645,0.004060478928485064,0.5353818616766062
50.0,0.2811706625951745,0.003057091792182037,0.027023567070188166,0.11312687863307863
50.0,0.2811706625951745,0.00265103076003764,0.01681788256891805,0.15763166077382054
50.0,0.2811706625951745,0.0026842648540743455,0.00469114446208555,0.5721982931391112
50.0,0.2811706625951745,0.002961938131641439,0.006731779505166515,0.43999333747758773
50.0,0.2811706625951745,0.00257648781932888,0.003234721623227509,0.7965099070126898
50.0,0.2811706625951745,0.0023291323157449773,0.0034141867948938257,0.682192409398446
50.0,0.2811706625951745,0.0025747786863405944,0.03724225452088155,0.0691359510713007
50.0,0.2811706625951745,0.0023020667772765935,0.008201691909527364,0.28068193766245164
50.0,0.2811706625951745,0.0030771709119519043,0.006271220871728,0.49068131626880607
50.0,0.2811706625951745,0.002546862340417418,0.012187015321159317,0.20898163112960969
50.0,0.2811706625951745,0.0021833037708268604,0.004012610188795564,0.5441106083325294
50.0,0.2811706625951745,0.0027349547277821335,0.02759675231614842,0.09910422416560072
50.0,0.2811706625951745,0.002311612267108809,0.00674611050361626,0.34265852388122997
50.0,0.2811706625951745,0.002210444425891552,0.00306210384317398,0.721871151045076
50.0,0.2811706625951745,0.0022241421673924355,0.002817056260207258,0.789527067247425
50.0,0.2811706625951745,0.0024025266095378294,0.0040720379682487404,0.5900059450013142
50.0,0.2811706625951745,0.002212333488770783,0.003116944239605945,0.7097764087850587
50.0,0.2811706625951745,0.0023195405660207205,0.004066904395856465,0.5703454864549967
50.0,0.2811706625951745,0.002460556491727356,0.005251923883162781,0.4685057412228859
50.0,0.2811706625951745,0.0025375007560797525,0.009280236986257833,0.2734305987915267
50.0,0.2811706625951745,0.0026673028696353337,0.023131352041400308,0.11531115279649094
50.0,0.2811706625951745,0.0024841842680002643,0.008030809200012827,0.30933175052848927
50.0,0.2811706625951745,0.0021982700615790947,0.005175946738541199,0.4247087871307308
50.0,0.2811706625951745,0.0023389206221711427,0.0046547691672131014,0.5024783266688816
50.0,0.2811706625951745,0.002537614558015708,0.0072617447210067305,0.3494497060293117
50.0,0.2811706625951745,0.0027291140036509918,0.01284885404676528,0.2124013545268693
50.0,0.2811706625951745,0.002607380913492036,0.008496586161889134,0.3068739448776813
50.0,0.2811706625951745,0.002462103429812631,0.0039322538921702805,0.6261303306775424
50.0,0.2811706625951745,0.002074297188235975,0.009191951604164186,0.22566450276960404
50.0,0.2811706625951745,0.0020727296539613375,0.010959359792507567,0.1891287167502587
50.0,0.2811706625951745,0.002473751661143444,0.0044827786214076785,0.5518344469053077
50.0,0.2811706625951745,0.002186666256356978,0.00344294130494141,0.6351157521095729
50.0,0.2811706625951745,0.0021064853307462836,0.002491728074807135,0.8453913378607054
50.0,0.2811706625951745,0.0022811915413823948,0.0047256520952815165,0.4827252399007802
50.0,0.2811706625951745,0.0026493575357742216,0.005920633049338867,0.44747876007449316
50.0,0.2811706625951745,0.002574583874905446,0.004843572544262113,0.5315464672776296
50.0,0.2811706625951745,0.0021706279932813028,0.008604635293585959,0.25226263742977295
50.0,0.2811706625951745,0.002288649910942939,0.004134829820496487,0.5535052251964582
50.0,0.2811706625951745,0.0029712079369405924,0.0109204264957417,0.27207801252993025
50.0,0.2811706625951745,0.0024569142183049507,0.003577326239336943,0.6868018329690667
50.0,0.2811706625951745,0.0020936923271673916,0.005721189810947434,0.36595400543452244
50.0,0.2811706625951745,0.0025884043817152144,0.0048650369625976185,0.5320420793541458
50.0,0.2811706625951745,0.0028533407793321485,0.007210016826042039,0.395746757348207
50.0,0.2811706625951745,0.002487725848189536,0.005593204202150399,0.44477651061498685
50.0,0.2811706625951745,0.0029035813193835766,0.009786730685081686,0.296685523778602
50.0,0.2811706625951745,0.0021295378429849817,0.003589954786276424,0.593193499574345
50.0,0.2811706625951745,0.002686444871516576,0.009240719073309643,0.2907181627537999
50.0,0.2811706625951745,0.0020491019322779656,0.0027575140008298,0.7430975623918294
50.0,0.2811706625951745,0.002284907815328906,0.0032620542764139554,0.7004505816625323
50.0,0.2811706625951745,0.0020691906723911903,0.00424515668733028,0.48742386319136677
50.0,0.2811706625951745,0.002297697166524457,0.019109650317309594,0.12023753069113956
50.0,0.2811706625951745,0.002361597230686511,0.004621996644778213,0.5109474134635233
50.0,0.2811706625951745,0.0024472288666214214,0.0076713248294765675,0.31900993909397546
50.0,0.2811706625951745,0.002015154894039503,0.005409079406892665,0.3725504364886264
50.0,0.2811706625951745,0.002435908975133437,0.007564205859647674,0.32203102616867396
50.0,0.2811706625951745,0.0022456203602404415,0.004682049765141293,0.4796233429553635
50.0,0.2811706625951745,0.0024974634676437554,0.0057340904575435905,0.43554657641617256
50.0,0.2811706625951745,0.0025925281612614523,0.004447983351726751,0.5828547357882999
50.0,0.2811706625951745,0.0024495117368469495,0.005170286497686245,0.47376711869702587
50.0,0.2811706625951745,0.0019834873551844733,0.0044912349267485635,0.44163518220152914
50.0,0.2811706625951745,0.0026312521123291977,0.004532926616225618,0.580475338583825
50.0,0.2811706625951745,0.002361382031709211,0.0037807091485456503,0.6245870652646156
50.0,1.5811388300841895,0.0027327551898881073,0.008697802316141343,0.314189158428753
50.0,1.5811388300841895,0.0025665728071338385,0.00753768170618196,0.34049896336547186
50.0,1.5811388300841895,0.002504468410917239,0.006165586959115653,0.4062011334078178
50.0,1.5811388300841895,0.0024839890957273274,0.004771243007182627,0.5206167642243187
50.0,1.5811388300841895,0.002739427703237272,0.028286860632951483,0.09684452929520573
50.0,1.5811388300841895,0.002713131074369279,0.008656597013808677,0.31341774025536767
50.0,1.5811388300841895,0.0021664452934014524,0.005233589242310493,0.41395019614589074
50.0,1.5811388300841895,0.0025516339003697082,0.004226250589696677,0.6037583068525149
50.0,1.5811388300841895,0.0028268775572915634,0.007828370882058707,0.36110674875794213
50.0,1.5811388300841895,0.00252611989544713,0.004651339972391498,0.5430950888219678
50.0,1.5811388300841895,0.002354912523919923,0.0036536110320171274,0.6445438508049928
50.0,1.5811388300841895,0.0023795865710344167,0.0077818576927663405,0.3057864413591592
50.0,1.5811388300841895,0.0025525086233868922,0.015235832427963343,0.16753325658151125
50.0,1.5811388300841895,0.002646630653500414,0.004485023187122299,0.5901041183242036
50.0,1.5811388300841895,0.0027529127304541444,0.010511614265976299,0.2618924801459559
50.0,1.5811388300841895,0.002365999050463175,0.008296021314126809,0.28519683844522603
50.0,1.5811388300841895,0.0028404498922517565,0.007693087546394738,0.36922105398149213
50.0,1.5811388300841895,0.0021635316612997396,0.003002919525820597,0.7204760709358401
50.0,1.5811388300841895,0.002470239352136984,0.004708486416652974,0.5246355481456295
50.0,1.5811388300841895,0.0023179353258715256,0.0036091798017578816,0.6422332643950173
50.0,1.5811388300841895,0.002785287628157632,0.007461505202642705,0.3732876346680215
50.0,1.5811388300841895,0.002137160237495771,0.007265428907466024,0.2941547243411335
50.0,1.5811388300841895,0.0024589750139112454,0.004024774166687567,0.6109597488136853
50.0,1.5811388300841895,0.002482564269552247,0.0035125962552344115,0.7067604954178186
50.0,1.5811388300841895,0.0022397314854073857,0.003434415564794241,0.6521434122202885
50.0,1.5811388300841895,0.0023745562101387583,0.004671802289090534,0.5082741227478221
50.0,1.5811388300841895,0.0026754734195693136,0.007881037539145782,0.3394823849372637
50.0,1.5811388300841895,0.002486487920000726,0.008098931339986492,0.3070143227075281
50.0,1.5811388300841895,0.002724797959408443,0.025592565187952724,0.10646834107473903
50.0,1.5811388300841895,0.002791605545195445,0.004394959041292566,0.6351835179729977
50.0,1.5811388300841895,0.0026220305078995796,0.005097544066871927,0.5143713273495193
50.0,1.5811388300841895,0.0022472173337485654,0.0026912032814019253,0.835023258658456
50.0,1.5811388300841895,0.0023163754887995927,0.005455610434518122,0.4245859407672666
50.0,1.5811388300841895,0.0027787096367362474,0.006661962482465211,0.4171007633336305
50.0,1.5811388300841895,0.0026594230105302097,0.007233785340425357,0.3676391937798132
50.0,1.5811388300841895,0.0022982223359933255,0.004464934781795391,0.5147269665312311
50.0,1.5811388300841895,0.002877054885674691,0.006750532237050126,0.4261967478481249
50.0,1.5811388300841895,0.001978041055235,0.003719656422063163,0.5317805815349607
50.0,1.5811388300841895,0.0023333628647481956,0.004540205867167436,0.5139332737358767
50.0,1.5811388300841895,0.0026316514805882446,0.013040004406242442,0.20181369565553478
50.0,1.5811388300841895,0.0024767298220584573,0.0044256224918017804,0.5596342269695307
50.0,1.5811388300841895,0.002723606947951762,0.0046867882903084725,0.5811243818253419
50.0,1.5811388300841895,0.002316290896139732,0.009139896749286875,0.2534263744631969
50.0,1.5811388300841895,0.0024718637663924082,0.005776910249246286,0.4278868218032144
50.0,1.5811388300841895,0.0024917074518412746,0.0037600683008471945,0.6626761144950104
50.0,1.5811388300841895,0.0024439220801409263,0.006344057007678879,0.38523015748168565
50.0,1.5811388300841895,0.0027024256785568093,0.004536474814365286,0.5957104997032625
50.0,1.5811388300841895,0.0025560863561848862,0.006153295519306348,0.4154012021956374
50.0,1.5811388300841895,0.002255486229298359,0.004064105032200667,0.5549773471472116
50.0,1.5811388300841895,0.0025917745399757037,0.004085460860515633,0.6343897612688405
50.0,1.5811388300841895,0.0028450713549639703,0.006812832438997765,0.4176047745836691
50.0,1.5811388300841895,0.0025632479753147377,0.024526284188722262,0.10451024523695998
50.0,1.5811388300841895,0.002429246433251555,0.005229888800780001,0.4644929415878308
50.0,1.5811388300841895,0.0023894838873568273,0.009473855013531037,0.2522187519171495
50.0,1.5811388300841895,0.0026607040943687995,0.011605664207736194,0.22925909682921952
50.0,1.5811388300841895,0.002500657713777312,0.0069445813091995965,0.3600876139882834
50.0,1.5811388300841895,0.0022324209819878454,0.009467256089966555,0.2358044359182146
50.0,1.5811388300841895,0.0025344622655796767,0.00772392809554636,0.3281312609630656
50.0,1.5811388300841895,0.0023888036918727476,0.0039111951533698066,0.6107605471474883
50.0,1.5811388300841895,0.0022557618090856962,0.0035160413641661895,0.6415629326990692
50.0,1.5811388300841895,0.002564368444296775,0.0039057546257430724,0.656561584128932
50.0,1.5811388300841895,0.0022851829104962463,0.0034064296826498896,0.6708439989633321
50.0,1.5811388300841895,0.002738675980874364,0.0064550617709149705,0.4242679741988234
50.0,1.5811388300841895,0.002827522159504122,0.008071805649556832,0.35029611492929863
50.0,1.5811388300841895,0.0024123196310584264,0.005654935482708968,0.42658658766922253
50.0,1.5811388300841895,0.0025142097300902967,0.024363111712200132,0.10319739776226018
50.0,1.5811388300841895,0.002414699943337459,0.0256589868741701,0.0941073766933582
50.0,1.5811388300841895,0.003082540996434076,0.0063668342688947555,0.48415599750944777
50.0,1.5811388300841895,0.0024577286026547076,0.011721875527937221,0.20967025258006736
50.0,1.5811388300841895,0.0027070157952624714,0.009925775463131154,0.27272587470042614
50.0,1.5811388300841895,0.0029068176500081527,0.016585856881575878,0.17525881663896078
50.0,1.5811388300841895,0.002309398036741377,0.0044695297885260455,0.5166982089860882
50.0,1.5811388300841895,0.002567277335527394,0.008031418390340252,0.3196542890375595
50.0,1.5811388300841895,0.002791943364831131,0.012501652041252356,0.22332595369143288
50.0,1.5811388300841895,0.0024454335392726867,0.0037689447767357007,0.6488377209364917
50.0,1.5811388300841895,0.0023021889755131105,0.003170977958478401,0.7260185992014336
50.0,1.5811388300841895,0.0024698551286167986,0.004784602948252225,0.5162090052883105
50.0,1.5811388300841895,0.00264219770651612,0.00808545467657925,0.32678406004422333
50.0,1.5811388300841895,0.0024528012359041145,0.0043626375280222665,0.5622289773443666
50.0,1.5811388300841895,0.0027229696202262063,0.0073617594598678875,0.36988027591369743
50.0,1.5811388300841895,0.002512836380561996,0.005169615418274824,0.4860780110797035
50.0,1.5811388300841895,0.0027515337701436255,0.012795961233892978,0.21503142435720815
50.0,1.5811388300841895,0.002921676982647016,0.004438666798376418,0.6582330044948883
50.0,1.5811388300841895,0.0022706861372082084,0.0033572522307024257,0.6763525589297534
50.0,1.5811388300841895,0.0026048360072478366,0.011624420324320572,0.22408308840983732
50.0,1.5811388300841895,0.0029015459644058605,0.012673755497493134,0.22894129249848522
50.0,1.5811388300841895,0.0022204239829019513,0.0033841252192286196,0.6561293802857793
50.0,1.5811388300841895,0.002403030227741308,0.005987961760492564,0.401310216039796
50.0,1.5811388300841895,0.0026885934288295938,0.0052517018894946785,0.51194707647206
50.0,1.5811388300841895,0.002109320510370584,0.005413919065835599,0.38961064705998255
50.0,1.5811388300841895,0.002334808735671536,0.026323615427599145,0.08869635487926147
50.0,1.5811388300841895,0.0026992997243950236,0.005377462460655082,0.501965331072938
50.0,1.5811388300841895,0.0025449961360919093,0.008947705025652687,0.2844300442175412
50.0,1.5811388300841895,0.0029416232983801053,0.017302879180085825,0.17000773499971433
50.0,1.5811388300841895,0.0025947233563727726,0.004935158684182022,0.5257629029618194
50.0,1.5811388300841895,0.0025930965119230235,0.024421849269126994,0.10617936763704049
50.0,1.5811388300841895,0.0023866824490655293,0.010322787903517514,0.23120522007938007
50.0,1.5811388300841895,0.0026584334369154036,0.005772595506345384,0.4605265402700026
50.0,1.5811388300841895,0.0028589598224690207,0.02420186401938337,0.11812973662604122
50.0,1.5811388300841895,0.002458742811515471,0.005292365250637256,0.4645829785121903
50.0,1.5811388300841895,0.0024309182406810595,0.003528101208769988,0.6890160165015667
50.0,1.5811388300841895,0.0027964258255001122,0.008862589412372193,0.3155314655101021
50.0,1.5811388300841895,0.002459015189647505,0.007566823630319927,0.32497323973487896
50.0,1.5811388300841895,0.0023265112090200715,0.004157490813285798,0.559595033039016
50.0,1.5811388300841895,0.0024968703165795217,0.0060787421482400555,0.410754438284971
50.0,1.5811388300841895,0.0023146950220263363,0.0039511330509987294,0.5858306951828033
50.0,1.5811388300841895,0.002875770056935573,0.00979247768269135,0.29367134142349155
50.0,1.5811388300841895,0.0022512581086881686,0.003494780744857352,0.6441772096864575
50.0,1.5811388300841895,0.0023870287652127935,0.009138549215850151,0.26120434533226183
50.0,1.5811388300841895,0.002419255850315921,0.004508503471935255,0.5365984223757215
50.0,1.5811388300841895,0.0027110165601547023,0.011240155226352909,0.24119031326174536
50.0,1.5811388300841895,0.002483794496558762,0.003417836245838755,0.7267154766653328
50.0,1.5811388300841895,0.0029097828069641397,0.010254975352964234,0.2837435202731187
50.0,1.5811388300841895,0.002184827787386617,0.0034806713830960088,0.6277029764996784
50.0,1.5811388300841895,0.002707326226561726,0.007815712579767858,0.3463953157092861
50.0,1.5811388300841895,0.0026158680653972505,0.0044826204394332455,0.5835577874016887
50.0,1.5811388300841895,0.0027179940830168088,0.04798018857852008,0.05664825761509426
50.0,1.5811388300841895,0.0021519926534807627,0.005950003469668067,0.36167922665107555
50.0,1.5811388300841895,0.0025009609627977686,0.0033636623925356077,0.7435231812644805
50.0,1.5811388300841895,0.0023217653665972217,0.004954056183449441,0.46865947430184546
50.0,1.5811388300841895,0.002816446210741361,0.0037602190928660937,0.7490111988646451
50.0,1.5811388300841895,0.0027584129302146245,0.006262947067419683,0.44043369687157247
50.0,1.5811388300841895,0.0026296367977978463,0.004815902623011399,0.546031970254732
50.0,1.5811388300841895,0.0027935739925731306,0.007761575750662864,0.3599235622140968
50.0,1.5811388300841895,0.0023702477018859706,0.0031021625095834175,0.7640630349195555
50.0,1.5811388300841895,0.002537978892628363,0.005569190662633476,0.45571772387987186
50.0,1.5811388300841895,0.0026193874371997113,0.009570206920814471,0.27370227821331045
50.0,1.5811388300841895,0.0023078995770177873,0.005646224063594878,0.40875097251248255
50.0,1.5811388300841895,0.002546012491653393,0.009814995773613356,0.25940026367592495
50.0,1.5811388300841895,0.002333100709727551,0.004606736921589494,0.5064540800655369
50.0,1.5811388300841895,0.0026844935501262606,0.0064948125116830345,0.4133288752057623
50.0,1.5811388300841895,0.0025919313499105858,0.010012109133267052,0.25887965416781394
50.0,1.5811388300841895,0.0027262750521138217,0.011907300643413953,0.22895827809821462
50.0,1.5811388300841895,0.002364491537480142,0.004809797433080049,0.49159898527493556
50.0,1.5811388300841895,0.0024248190788200914,0.0039139245205158275,0.619536494919559
50.0,1.5811388300841895,0.0027979407722518333,0.013768727127332868,0.20320983533020462
50.0,1.5811388300841895,0.0024933228820517347,0.003473365376906945,0.7178406563930384
50.0,1.5811388300841895,0.002386400525891956,0.004341291693622939,0.5496982682360219
50.0,1.5811388300841895,0.0025758980253261375,0.007378705925766887,0.3490988868835314
50.0,1.5811388300841895,0.002743304639122239,0.01106208303340845,0.24799168753635467
50.0,1.5811388300841895,0.002856943563944187,0.008661183843230221,0.3298560122560196
50.0,1.5811388300841895,0.0023185836620600742,0.004562226465017422,0.5082131892922637
50.0,1.5811388300841895,0.0027089046125766845,0.006014490357117767,0.4503963680598254
50.0,1.5811388300841895,0.0024749101286639713,0.008220992915520725,0.30104759292414596
50.0,1.5811388300841895,0.0023835424180569413,0.005899963521427888,0.4039927381585039
50.0,1.5811388300841895,0.0021954852359238933,0.003853722500372266,0.5697050671686431
50.0,1.5811388300841895,0.0026102185790371347,0.0068101940133343504,0.38328108919163395
50.0,1.5811388300841895,0.0027333936443493037,0.005050166138782394,0.5412482617865579
50.0,1.5811388300841895,0.0023381221319842705,0.005282477210127889,0.4426184986660197
50.0,1.5811388300841895,0.0029650268447310563,0.006485432030355421,0.457182625745376
50.0,1.5811388300841895,0.002386677109902596,0.006708975667778874,0.35574389118223587
50.0,1.5811388300841895,0.0032620460755001033,0.00993975129435084,0.32818186078298106
50.0,1.5811388300841895,0.0024579593298345737,0.00725785213020723,0.33866208428310773
50.0,1.5811388300841895,0.0022002772796616606,0.005960129787009411,0.36916600112590575
50.0,1.5811388300841895,0.002838745009000427,0.004699020507129089,0.604114198840725
50.0,1.5811388300841895,0.0026470241915601137,0.007015468474966722,0.3773125345806176
50.0,1.5811388300841895,0.0021919471799556026,0.0039550193832228586,0.5542190739326878
50.0,1.5811388300841895,0.002321999989109361,0.00389453123582381,0.5962206613598231
50.0,1.5811388300841895,0.0027968230940993563,0.005453674167296304,0.5128328184457526
50.0,1.5811388300841895,0.0028971727064971285,0.007932961847069297,0.3652069381333835
50.0,1.5811388300841895,0.00265441732592788,0.008359946182045644,0.3175160782289097
50.0,1.5811388300841895,0.002376893002131513,0.0030553475490999837,0.7779452137389988
50.0,1.5811388300841895,0.0021837597342319616,0.024060328246704947,0.09076184297406777
50.0,1.5811388300841895,0.0026993185524053762,0.01538194551479859,0.17548616004447737
50.0,1.5811388300841895,0.0029929833663613465,0.011413222527308456,0.2622382380786868
50.0,1.5811388300841895,0.002829244898806837,0.00639998418268637,0.44207060799629533
50.0,1.5811388300841895,0.0023824756767478364,0.004037146514070621,0.5901385219595625
50.0,1.5811388300841895,0.0020123395373720467,0.005435747494968925,0.3702047490680122
50.0,1.5811388300841895,0.002405216319673241,0.0046129844091881145,0.5214013545943371
50.0,1.5811388300841895,0.0024722714316255125,0.008770783229404465,0.2818757877103958
50.0,1.5811388300841895,0.0025292096443066195,0.0035233024154775706,0.7178519882925788
50.0,1.5811388300841895,0.002377609788773516,0.003488070920413406,0.6816403229816559
50.0,1.5811388300841895,0.0029165001416308995,0.0036885505437130144,0.7906900304245407
50.0,1.5811388300841895,0.0027428358590330174,0.004217039232562644,0.6504174392909854
50.0,1.5811388300841895,0.0027404174970494886,0.004029607840576656,0.6800705193826806
50.0,1.5811388300841895,0.002212323679132826,0.004681767801524518,0.4725402396958751
50.0,1.5811388300841895,0.002405616712245292,0.006283614688363367,0.382839628391005
50.0,1.5811388300841895,0.002585363454600711,0.004998883183270997,0.5171882118095406
50.0,1.5811388300841895,0.0024660652621107623,0.0037886682006546242,0.650905577238108
50.0,1.5811388300841895,0.002135387045514967,0.009352782609994996,0.22831569326041565
50.0,1.5811388300841895,0.00246640431305308,0.008725049639248902,0.282680834497281
50.0,1.5811388300841895,0.0021806429986531853,0.0035556147424845017,0.6132956342535162
50.0,1.5811388300841895,0.002268895744211535,0.007379212307643973,0.30747126517300943
50.0,1.5811388300841895,0.0023927884019808057,0.00694288325701144,0.344639008522056
50.0,1.5811388300841895,0.0028325226112887263,0.009187713350704108,0.30829462165051696
50.0,1.5811388300841895,0.002593337645419791,0.010393259271406784,0.24952111534005528
50.0,1.5811388300841895,0.0024773713497170577,0.0062243745282326846,0.3980112922961384
50.0,1.5811388300841895,0.0026241847180126406,0.00852034136913543,0.30799056097900457
50.0,1.5811388300841895,0.002385922552610447,0.011070683927178644,0.2155171774666046
50.0,1.5811388300841895,0.002659575749944138,0.005974957720639279,0.44512043001696455
50.0,1.5811388300841895,0.0026708481323975517,0.005367050013142341,0.4976380182516323
50.0,1.5811388300841895,0.0023934953595281436,0.004670812481603647,0.5124366197433763
50.0,1.5811388300841895,0.0025225458056886414,0.005447204884301278,0.46308994415806937
50.0,1.5811388300841895,0.002158693968940639,0.0029013670359263905,0.7440265027521344
50.0,1.5811388300841895,0.0022591210903604147,0.00445277181037947,0.5073516422050584
50.0,1.5811388300841895,0.0023178916317379912,0.003529199830539728,0.656775400384033
50.0,1.5811388300841895,0.002699837324452426,0.007682223112803552,0.35143958783919604
50.0,1.5811388300841895,0.0023730175202808386,0.005235517884751376,0.4532536365107897
50.0,1.5811388300841895,0.002582542907165739,0.013048917534010166,0.19791242456967825
50.0,1.5811388300841895,0.0027052801826755652,0.008940105293135853,0.3026004833245823
50.0,8.891397050194612,0.00306200068890994,0.006455867452389737,0.47429732897884913
50.0,8.891397050194612,0.0029975763682388032,0.006833651415575217,0.43864929390556057
50.0,8.891397050194612,0.0025958515725045452,0.004898901061074004,0.5298844659531554
50.0,8.891397050194612,0.0032887094631230277,0.006563792188197076,0.5010380232690398
50.0,8.891397050194612,0.002457287302287496,0.004127715825056995,0.5953140687085857
50.0,8.891397050194612,0.0035296787458320164,0.014288889257251825,0.24702261192490185
50.0,8.891397050194612,0.00268830490573964,0.010471251391720893,0.2567319611737286
50.0,8.891397050194612,0.002517384528554942,0.0051529955974652444,0.4885283678086669
50.0,8.891397050194612,0.0026338538558948895,0.005588942096947938,0.47126161091080354
50.0,8.891397050194612,0.0025702817606880145,0.0060834634753834825,0.4225030315524319
50.0,8.891397050194612,0.002467090554886059,0.007385730833798238,0.3340347232255302
50.0,8.891397050194612,0.002559045345816938,0.005838267763233461,0.43832270967983805
50.0,8.891397050194612,0.002604517805736934,0.006405330035744923,0.4066172689310981
50.0,8.891397050194612,0.0028114022169187995,0.004471835866344857,0.6286908332386435
50.0,8.891397050194612,0.0026629213906991123,0.004812811071261799,0.5532985507367861
50.0,8.891397050194612,0.002820543440649175,0.006793011105143248,0.4152125466884095
50.0,8.891397050194612,0.0027138179589508158,0.014095704296100403,0.19252801434700906
50.0,8.891397050194612,0.002949149861303481,0.005378223863275931,0.5483501498405691
50.0,8.891397050194612,0.002458429725537696,0.013475805124707687,0.18243286414332321
50.0,8.891397050194612,0.003423520798501175,0.006297222239427939,0.5436557053784684
50.0,8.891397050194612,0.002995112848457582,0.004721374557155361,0.6343730649199211
50.0,8.891397050194612,0.002913366506782339,0.010894068024296983,0.26742686940128085
50.0,8.891397050194612,0.0024246720286526116,0.004427447141063327,0.5476456186601214
50.0,8.891397050194612,0.0028534517714065336,0.005934957668658354,0.48078721546325365
50.0,8.891397050194612,0.00287273145533518,0.014032204556633334,0.20472417172518884
50.0,8.891397050194612,0.0028978986116488903,0.004456406362475825,0.6502770115512801
50.0,8.891397050194612,0.0027918390172095497,0.008946960284040417,0.3120433005821688
50.0,8.891397050194612,0.0033979680600520817,0.006727196555079943,0.5051090795743371
50.0,8.891397050194612,0.002437852375998895,0.004166963996023659,0.585042822142266
50.0,8.891397050194612,0.0026800178537016496,0.004804598807926569,0.5578026305297725
50.0,8.891397050194612,0.0027915170414334134,0.0077339689284399655,0.3609423657196533
50.0,8.891397050194612,0.0025047045891877662,0.00472214702251218,0.5304164773453548
50.0,8.891397050194612,0.0029690319008079937,0.0056148531310702444,0.5287817564414312
50.0,8.891397050194612,0.0028200564058889982,0.005075680876312431,0.5556015980141402
50.0,8.891397050194612,0.0029097684454861975,0.00646905241077609,0.449798248757288
50.0,8.891397050194612,0.0030309880352279734,0.010556786844537862,0.28711274366558065
50.0,8.891397050194612,0.0026126424285322653,0.0055624979792736964,0.4696886971046418
50.0,8.891397050194612,0.0029939063127338034,0.007277675523672968,0.4113822199128232
50.0,8.891397050194612,0.0029105099218246474,0.006653703139772966,0.437427077927008
50.0,8.891397050194612,0.003018568433173003,0.00666401410762194,0.45296549263311536
50.0,8.891397050194612,0.0026372561147355316,0.014865662622556512,0.17740589045347185
50.0,8.891397050194612,0.0029815495985180997,0.004070531683552324,0.7324717826335951
50.0,8.891397050194612,0.002673547350214729,0.005730052321597888,0.4665834097426148
50.0,8.891397050194612,0.003261153665854951,0.01240153232327779,0.26296376777035335
50.0,8.891397050194612,0.00302209392190101,0.010937701927005605,0.27630062896844393
50.0,8.891397050194612,0.00300912654057932,0.007374779953482637,0.40802933234072997
50.0,8.891397050194612,0.002517320190885697,0.0056110744169717884,0.448634255013901
50.0,8.891397050194612,0.002446833980059766,0.0038658913356232017,0.6329288041577411
50.0,8.891397050194612,0.0028212857873676843,0.005699761436191335,0.49498313551398554
50.0,8.891397050194612,0.0029069791335934415,0.006478650186278684,0.4487013575374411
50.0,8.891397050194612,0.0034909863253854015,0.010773133485011716,0.32404558341751627
50.0,8.891397050194612,0.0026642788193253623,0.005597351688280692,0.47598917625698345
50.0,8.891397050194612,0.0028445305346251806,0.006719605666685911,0.42331807485782036
50.0,8.891397050194612,0.0035908711081693557,0.02561354385583678,0.1401942319415153
50.0,8.891397050194612,0.002501722426063697,0.010091705975920916,0.24789886190034413
50.0,8.891397050194612,0.002906869418030999,0.010887592401177197,0.26698918465359706
50.0,8.891397050194612,0.0025302318579089682,0.003861001483170947,0.6553304547894009
50.0,8.891397050194612,0.0029349675067446962,0.012541554208896064,0.23401944112021175
50.0,8.891397050194612,0.002770850676791614,0.0055062609985730305,0.5032181869892639
50.0,8.891397050194612,0.002564170753389686,0.008571442734971568,0.29915276023811543
50.0,8.891397050194612,0.003011720762163294,0.004497130214279296,0.6696983673277845
50.0,8.891397050194612,0.0027025517967829895,0.005607246424675325,0.48197485755041963
50.0,8.891397050194612,0.002732970310839103,0.0064435100208902855,0.42414309933229444
50.0,8.891397050194612,0.003117653474264453,0.009247722255884211,0.33712663378062946
50.0,8.891397050194612,0.0028445671913390723,0.006953853231756911,0.4090634496495383
50.0,8.891397050194612,0.0029661533266824884,0.007828769285474007,0.3788786230022229
50.0,8.891397050194612,0.002500677709675171,0.005142787189929259,0.48624950193779426
50.0,8.891397050194612,0.002802295214393591,0.006910872003559272,0.40549082850186474
50.0,8.891397050194612,0.002976400112446841,0.016872931731165962,0.17640088633495374
50.0,8.891397050194612,0.0029224428039158618,0.005105184702584169,0.5724460473362627
50.0,8.891397050194612,0.002761916926318431,0.02469392629294373,0.11184600186919837
50.0,8.891397050194612,0.00298466098267072,0.0054977183703137965,0.5428908470079312
50.0,8.891397050194612,0.0029162083904672336,0.005076815066992186,0.5744169035085559
50.0,8.891397050194612,0.002949158088621976,0.024421667098781383,0.12075990048890381
50.0,8.891397050194612,0.002724235382622116,0.005583451156048192,0.4879124588868531
50.0,8.891397050194612,0.002986103996025435,0.007047135610292979,0.4237330117025079
50.0,8.891397050194612,0.002779471103096231,0.004387005655124957,0.6335690723008794
50.0,8.891397050194612,0.0030473499014640796,0.03366520848831076,0.09051926419888892
50.0,8.891397050194612,0.002886577100488853,0.010342780283422294,0.27909102015011783
50.0,8.891397050194612,0.0025855804071584277,0.006027527641797389,0.42896201574073844
50.0,8.891397050194612,0.0029220720210138907,0.005426273336693672,0.5385043914493188
50.0,8.891397050194612,0.0030735727173287603,0.0126310018444437,0.24333562413980694
50.0,8.891397050194612,0.002991558759667168,0.01089724263255951,0.2745243783715331
50.0,8.891397050194612,0.0027595757245461937,0.005652364573451754,0.4882161595710716
50.0,8.891397050194612,0.0034223024331073468,0.00944028627908646,0.3625210435290448
50.0,8.891397050194612,0.002435444047170346,0.003848459918923712,0.6328360171284985
50.0,8.891397050194612,0.0026568619616786256,0.005093106712971326,0.521658412322684
50.0,8.891397050194612,0.0027435148716407247,0.03206562451703937,0.08555937746301641
50.0,8.891397050194612,0.002863695441196518,0.005629888885184379,0.5086593180786607
50.0,8.891397050194612,0.0026867395149078946,0.004069754877122848,0.6601723189793952
50.0,8.891397050194612,0.002871570057064968,0.019126118184807153,0.1501386757792808
50.0,8.891397050194612,0.0031518914660993063,0.005937820911843164,0.5308161887827845
50.0,8.891397050194612,0.002708310902018295,0.005914274692335582,0.4579278175104117
50.0,8.891397050194612,0.0028958782325318915,0.011156279012917374,0.2595738443955085
50.0,8.891397050194612,0.002585356012523457,0.005302731972704553,0.4875517046366663
50.0,8.891397050194612,0.0030958524728565604,0.011920665305021417,0.25970467198273534
50.0,8.891397050194612,0.0033061696235648017,0.005424457398038771,0.6094931494457229
50.0,8.891397050194612,0.0024296529303790265,0.006477125981483656,0.37511281042313277
50.0,8.891397050194612,0.003159145374426447,0.01033401516150689,0.3057035745596666
50.0,8.891397050194612,0.0028279888316599215,0.006896307517993172,0.4100729012274191
50.0,8.891397050194612,0.003183203998584218,0.008021073307447033,0.39685511858230055
50.0,8.891397050194612,0.00285676775005805,0.027215104765536968,0.10496993396386378
50.0,8.891397050194612,0.002954169310753005,0.009408245808684254,0.3139978876855202
50.0,8.891397050194612,0.002457252616624588,0.005869018476455352,0.41868203797318226
50.0,8.891397050194612,0.002697745580259721,0.004257423199059681,0.63365689858024
50.0,8.891397050194612,0.0029941676174262636,0.00945039353967053,0.316829939923396
50.0,8.891397050194612,0.003055569330829058,0.007661553634376475,0.3988185003520805
50.0,8.891397050194612,0.0032112053163553395,0.014990213506089877,0.21422011868281698
50.0,8.891397050194612,0.0029212975812113176,0.010727368630045657,0.27232191620871743
50.0,8.891397050194612,0.00290846592146743,0.01192722263832229,0.243851063207498
50.0,8.891397050194612,0.0028016393622813406,0.013250238665982728,0.21144067159137106
50.0,8.891397050194612,0.003302227698068576,0.009118287121821929,0.36215438864232175
50.0,8.891397050194612,0.002883310233976547,0.008436158455131645,0.3417799996659206
50.0,8.891397050194612,0.002706632816668419,0.010583131217657332,0.2557497172625585
50.0,8.891397050194612,0.002863858708743029,0.007568604443930815,0.37838662727836536
50.0,8.891397050194612,0.0032363177348001663,0.005450287580440911,0.5937884353871761
50.0,8.891397050194612,0.0028855237538414485,0.005429117625908494,0.5314903733290532
50.0,8.891397050194612,0.0031148330577263797,0.008961217969428217,0.3475903686700666
50.0,8.891397050194612,0.0026417991695743366,0.004724893392869884,0.5591235505040076
50.0,8.891397050194612,0.0025353147744837713,0.0077301953925768266,0.32797550976763024
50.0,8.891397050194612,0.0031345558340870575,0.009600611916830024,0.32649542146288946
50.0,8.891397050194612,0.002760890039864861,0.005428007618077718,0.5086378343814127
50.0,8.891397050194612,0.0029651730511602286,0.007490916513197306,0.39583581607621204
50.0,8.891397050194612,0.0029373257502476303,0.007539879675265662,0.3895719662322245
50.0,8.891397050194612,0.003096417759666212,0.008935823254169018,0.34651734614620705
50.0,8.891397050194612,0.003081347991990693,0.015688941865715584,0.19640253742824043
50.0,8.891397050194612,0.002824811315863303,0.0049862905209559355,0.5665155898942187
50.0,8.891397050194612,0.0026153074771305186,0.004015962049218342,0.6512281353952427
50.0,8.891397050194612,0.0027780515213164684,0.005683526502590589,0.4887901059404252
50.0,8.891397050194612,0.002804612049663699,0.012987261686758223,0.21595099238843196
50.0,8.891397050194612,0.003061391806286219,0.0133038277655054,0.23011360792146573
50.0,8.891397050194612,0.0035252927808718947,0.007476425079008024,0.47152118072714405
50.0,8.891397050194612,0.002951551740483073,0.015015116705975001,0.196572014609021
50.0,8.891397050194612,0.003221934760475697,0.007579830950200038,0.42506683613975155
50.0,8.891397050194612,0.002853566364984867,0.008123268048348807,0.3512830486450466
50.0,8.891397050194612,0.002624072734357681,0.007522966850136117,0.34880822774198483
50.0,8.891397050194612,0.0028021747998608444,0.009738386039909425,0.2877452986949886
50.0,8.891397050194612,0.002710021470208451,0.00608305922113301,0.445503055566783
50.0,8.891397050194612,0.0030430863821020795,0.01219858455220267,0.24946225269657182
50.0,8.891397050194612,0.0033599454298814256,0.010719686296566184,0.3134369175483904
50.0,8.891397050194612,0.0030307221605143883,0.006393896685267939,0.47400236658459305
50.0,8.891397050194612,0.003037057426466968,0.0064661731488155575,0.4696839005963337
50.0,8.891397050194612,0.0033151533537326004,0.009459980819483339,0.3504397542651317
50.0,8.891397050194612,0.002728654540042483,0.005471505122443682,0.498702729683969
50.0,8.891397050194612,0.0034646646983293315,0.019713473480764014,0.17575110249901305
50.0,8.891397050194612,0.0030946073787732164,0.027931063800916686,0.11079446886916111
50.0,8.891397050194612,0.0030384859687875095,0.006199605835253898,0.49010954075648455
50.0,8.891397050194612,0.002457074333591804,0.003972365884697703,0.6185417972339643
50.0,8.891397050194612,0.0025170167183461607,0.004858495243669621,0.5180650782000269
50.0,8.891397050194612,0.0026601207790437225,0.0044268654511612675,0.6009039146075498
50.0,8.891397050194612,0.002707030815339381,0.003841475834298445,0.704685108564208
50.0,8.891397050194612,0.0026713086168703736,0.007144076606105075,0.3739193690319009
50.0,8.891397050194612,0.0028381794833303685,0.005108391297473411,0.5555916369864071
50.0,8.891397050194612,0.00286833820540753,0.01298675779829294,0.22086638173729262
50.0,8.891397050194612,0.002924822315566899,0.004562502037977431,0.6410566595304976
50.0,8.891397050194612,0.0025531708073963768,0.005708712028486638,0.44724112806110744
50.0,8.891397050194612,0.0026506494791452514,0.005862551809686614,0.45213237600145717
50.0,8.891397050194612,0.0031176542525259403,0.01080224805094785,0.2886116147140668
50.0,8.891397050194612,0.0030375828706361765,0.005337878195360543,0.5690618555658153
50.0,8.891397050194612,0.0032020484781866013,0.005251337087241916,0.6097587004966705
50.0,8.891397050194612,0.0027014072702801796,0.009325455787558133,0.2896809905939774
50.0,8.891397050194612,0.003287042094964112,0.009188772947731932,0.35772372586216244
50.0,8.891397050194612,0.002674911743301659,0.013291834307039192,0.20124474030533607
50.0,8.891397050194612,0.0023900906627292015,0.0034782956206861502,0.6871442003131745
50.0,8.891397050194612,0.0031749511508709556,0.008257100553813693,0.3845116248953207
50.0,8.891397050194612,0.003244554440791229,0.007935014789082212,0.40889078685214447
50.0,8.891397050194612,0.002975864607768198,0.005162674062040794,0.5764192300359642
50.0,8.891397050194612,0.0033119683096646878,0.008308944738953538,0.398602760485059
50.0,8.891397050194612,0.003456447075459887,0.008243935180422048,0.4192715007837961
50.0,8.891397050194612,0.00301449275963543,0.00727580163860124,0.41431761190990374
50.0,8.891397050194612,0.002990024143229284,0.007475700207859272,0.3999657637535871
50.0,8.891397050194612,0.0028292585530649414,0.004645001438304046,0.6090974546819392
50.0,8.891397050194612,0.002931600890817157,0.005784785750831359,0.5067777817693322
50.0,8.891397050194612,0.002821601403608288,0.005382268718643005,0.524240158027576
50.0,8.891397050194612,0.0029526549651761815,0.004736273162272735,0.623413148695868
50.0,8.891397050194612,0.002574141040599795,0.004195925034982517,0.6134859462784755
50.0,8.891397050194612,0.0027767474623188243,0.010464644072365976,0.26534561931746836
50.0,8.891397050194612,0.002770731331322399,0.006656689157416033,0.4162326444574333
50.0,8.891397050194612,0.002792745055128259,0.0048000582674353285,0.5818148238063833
50.0,8.891397050194612,0.003216112178266413,0.012269989530429482,0.26211205562078754
50.0,8.891397050194612,0.0030677541749702837,0.005448317890074664,0.5630644607868581
50.0,8.891397050194612,0.002890509392700287,0.009306344930077856,0.31059555759192187
50.0,8.891397050194612,0.0036609277439763627,0.015107283245889724,0.24232866256561386
50.0,8.891397050194612,0.002902624504264823,0.004377436213641333,0.6630877898847324
50.0,8.891397050194612,0.0028580133552419174,0.00950618138059518,0.30064788802325354
50.0,8.891397050194612,0.0027402493608574313,0.004264861955826265,0.6425177155180727
50.0,8.891397050194612,0.0029406084496344078,0.011688148581676838,0.2515889004221175
50.0,8.891397050194612,0.0025583875577331076,0.003782676389891994,0.6763432273957108
50.0,8.891397050194612,0.0028897526518620507,0.005690077024748863,0.5078582661171608
50.0,8.891397050194612,0.0030751241404728936,0.009587630837070702,0.3207386884967332
50.0,8.891397050194612,0.0028520868934201944,0.005371016593117932,0.5310143515614291
50.0,8.891397050194612,0.0028296449790806088,0.005171458548999408,0.5471657468139426
50.0,8.891397050194612,0.003040162651732946,0.005878706984197864,0.51714818580089
50.0,8.891397050194612,0.0025720146522286913,0.0045043945062924135,0.5710011964173466
50.0,8.891397050194612,0.0028926393896476768,0.006067324402737009,0.47675700154466577
50.0,8.891397050194612,0.003049154115206511,0.006350883834139504,0.4801149249204695
50.0,8.891397050194612,0.0030054326088327513,0.004767235453026513,0.6304351103373196
50.0,8.891397050194612,0.002774671286075658,0.009288466362916874,0.2987222193271014
50.0,8.891397050194612,0.002845046583957498,0.007830133904782353,0.3633458403846517
50.0,8.891397050194612,0.0030333063538254697,0.009613650531174849,0.3155207633134945
50.0,50.0,0.0055958450668750805,0.008991931823275064,0.6223184491224208
50.0,50.0,0.00508369148748572,0.014817799570287976,0.3430800547254886
50.0,50.0,0.004755926309194241,0.019984467217720667,0.2379811409221386
50.0,50.0,0.005062948911584262,0.017905151552134832,0.28276492923516233
50.0,50.0,0.004289944201268388,0.007776196662880859,0.5516764026488865
50.0,50.0,0.004215957554948328,0.00998821522730876,0.42209318271611596
50.0,50.0,0.005462346469023148,0.011085615230927225,0.49274184203904264
50.0,50.0,0.004659883723901127,0.011350674584485014,0.41053804240592173
50.0,50.0,0.004447099203776441,0.009333184213334181,0.4764825275197008
50.0,50.0,0.00490663640929731,0.011710227631387602,0.4190043578782165
50.0,50.0,0.005374114715179299,0.012294009461259883,0.43713279480659867
50.0,50.0,0.004981252659143418,0.01723111180695714,0.2890848086269288
50.0,50.0,0.004624337186180965,0.019332488845576562,0.23920030282283353
50.0,50.0,0.004851370717213373,0.011510001704056135,0.42149174621787805
50.0,50.0,0.005447978798671979,0.013372397413184996,0.40740479289826886
50.0,50.0,0.005024903637255449,0.00832619739627681,0.6035052255069538
50.0,50.0,0.0052719241961662775,0.011707611635029615,0.4502988620149033
50.0,50.0,0.00466634749942311,0.013021958183424555,0.3583445311138251
50.0,50.0,0.005101770248265665,0.015298835535491797,0.33347441616912993
50.0,50.0,0.005668093511654598,0.03351549241823841,0.1691186106091684
50.0,50.0,0.0046703949184932324,0.010100787808953269,0.4623792724715419
50.0,50.0,0.005557725847545386,0.012437431543389664,0.44685478896157194
50.0,50.0,0.004652196184004411,0.008885086041965959,0.5235960757196046
50.0,50.0,0.004775726755858058,0.017141121848184174,0.2786122634303524
50.0,50.0,0.00450984125327485,0.011250500904167945,0.40085692998825506
50.0,50.0,0.004508649522684006,0.009430085810996976,0.4781133080916619
50.0,50.0,0.005054572414242477,0.027430206393953743,0.1842703019309626
50.0,50.0,0.004754806034828562,0.013043936403882255,0.36452232574619065
50.0,50.0,0.00439398191785021,0.011526786869732141,0.38119746356968226
50.0,50.0,0.005099471133180638,0.00991743678107455,0.5141924517141325
50.0,50.0,0.005352132926103345,0.008974948272167455,0.5963413675264339
50.0,50.0,0.00486093618306262,0.024090621333372295,0.2017771196431889
50.0,50.0,0.005569069632628368,0.013219768545813387,0.4212683159564133
50.0,50.0,0.005528945409579522,0.010098004518989748,0.5475285140922738
50.0,50.0,0.005193924683193135,0.011169533475443097,0.4650082024117029
50.0,50.0,0.004992634909189316,0.015419064031846293,0.32379623684534975
50.0,50.0,0.005702175136234829,0.011755872250507497,0.48504908991237705
50.0,50.0,0.0045168295552154665,0.010846635400508488,0.41642678936213884
50.0,50.0,0.004946067646826438,0.007762597743431665,0.6371665530410309
50.0,50.0,0.004983226886725771,0.009468220161706117,0.5263108378996357
50.0,50.0,0.005234171974580673,0.010974987207702807,0.4769182756684276
50.0,50.0,0.004842156015351392,0.008765769385966338,0.5523937263400402
50.0,50.0,0.005320043188204686,0.010425621407195083,0.5102854765600006
50.0,50.0,0.004540736931316149,0.011145303906306896,0.40741257210102994
50.0,50.0,0.004712899860469674,0.010042148744802123,0.4693118953161393
50.0,50.0,0.004349896020318567,0.01337426870262247,0.3252436538429668
50.0,50.0,0.005344451967096818,0.012429629107718072,0.4299767853715141
50.0,50.0,0.004980755895003262,0.009248786363968892,0.5385307540897606
50.0,50.0,0.004397997364619995,0.005869024252911968,0.7493575039220344
50.0,50.0,0.004652663968548869,0.006747449174049465,0.6895441297198515
50.0,50.0,0.004888968586047621,0.009749850723052272,0.5014403527726103
50.0,50.0,0.004981203648291315,0.012125156500914537,0.4108156169296131
50.0,50.0,0.004523011284659594,0.01158442650748826,0.39043894678220675
50.0,50.0,0.005219743423105398,0.015500990795188931,0.3367361152633842
50.0,50.0,0.004284371526754041,0.00991612904648886,0.43206088854511904
50.0,50.0,0.005486226383479002,0.014207981597887042,0.3861369291395263
50.0,50.0,0.004988148554287976,0.019503475758489406,0.25575690282368013
50.0,50.0,0.005051807856184351,0.015622435274222805,0.3233687813397372
50.0,50.0,0.005241658577080698,0.028691309205789543,0.18269150910767773
50.0,50.0,0.004552767431571982,0.00797591558123876,0.5708143955637103
50.0,50.0,0.004534498824235719,0.009763222302681153,0.46444695036703876
50.0,50.0,0.0058756677342878556,0.014987774981746887,0.3920306877734444
50.0,50.0,0.004999538036074881,0.01877242574331838,0.2663234951324473
50.0,50.0,0.004773807155333314,0.007722186128005246,0.6181937441290939
50.0,50.0,0.004450879045121828,0.007909198801155875,0.5627471450675082
50.0,50.0,0.0055597984056549015,0.0370805860771189,0.1499382559405029
50.0,50.0,0.005211493931044638,0.012590840631176962,0.413911515815722
50.0,50.0,0.004756737486764192,0.00911939483912676,0.5216067042470199
50.0,50.0,0.004406092577787947,0.010705133699843479,0.41158687983993786
50.0,50.0,0.004099322198976704,0.006919770808608165,0.5924072216202833
50.0,50.0,0.0054001333807824755,0.011830790741917807,0.45644737520791423
50.0,50.0,0.0048238963467568275,0.008720652361657713,0.553157739433137
50.0,50.0,0.005407030427750132,0.015648865581149446,0.34552219774086484
50.0,50.0,0.004428465903389928,0.01042218883506036,0.4249074713070367
50.0,50.0,0.004893708944674101,0.013273038476199258,0.3686954538291535
50.0,50.0,0.004429228465859771,0.020585044677084635,0.21516729914074018
50.0,50.0,0.004921284239533701,0.009773564989301528,0.5035301085039803
50.0,50.0,0.004490254681318355,0.015917517985767203,0.28209515361209947
50.0,50.0,0.0046410713134859595,0.007461114600378911,0.622034583579545
50.0,50.0,0.00488847234250725,0.014110855703282124,0.34643344424322986
50.0,50.0,0.005394509119712931,0.011105497152435806,0.4857512496439419
50.0,50.0,0.005054091070600659,0.011940732112972563,0.4232647565311201
50.0,50.0,0.006467196673657579,0.019837254882508017,0.32601268229709485
50.0,50.0,0.005408719490805238,0.01159489749946993,0.4664741099308986
50.0,50.0,0.004481251983670056,0.012449079025993796,0.35996654646606063
50.0,50.0,0.004804911340913342,0.009893712846986024,0.48565300158040153
50.0,50.0,0.004429884311309268,0.008530926437073177,0.5192735330664847
50.0,50.0,0.004959621583462687,0.012589460789845273,0.3939502784315548
50.0,50.0,0.004257418774120959,0.018804944382894904,0.22639890272653684
50.0,50.0,0.005494948453880096,0.01654564678318555,0.33210841050132395
50.0,50.0,0.00452996806868744,0.007622433510716356,0.5942942056914988
50.0,50.0,0.004695819727585718,0.016342003855701108,0.2873466295228858
50.0,50.0,0.004444469552075225,0.009477821163728346,0.46893367951320136
50.0,50.0,0.004244349166493716,0.010137414137268002,0.41868163902767747
50.0,50.0,0.004502289691412871,0.009484064267878834,0.4747215501967317
50.0,50.0,0.005235851212235989,0.017927860053513312,0.2920510979340182
50.0,50.0,0.005028908546023255,0.01502826931098469,0.33462991925141033
50.0,50.0,0.004870512780213106,0.009001663381289063,0.5410680864091183
50.0,50.0,0.0051614087823832686,0.012183492667990063,0.42363950330465927
50.0,50.0,0.004870148892905429,0.009233059882032746,0.5274685700222297
50.0,50.0,0.0055307214444389255,0.01667088732644328,0.33175927208542294
50.0,50.0,0.004558990091307517,0.007092815988269495,0.6427616476794881
50.0,50.0,0.005967112609221734,0.022195475892209784,0.2688436435515259
50.0,50.0,0.004641312716526277,0.011142745357300886,0.4165322429705551
50.0,50.0,0.005667250762690147,0.022167667902840298,0.25565390042513286
50.0,50.0,0.004724947500925435,0.011102159958611801,0.4255881304664823
50.0,50.0,0.005047855122872084,0.017983760934732085,0.28068962555675153
50.0,50.0,0.0061787650606057055,0.043837857864878385,0.14094587102432193
50.0,50.0,0.004686885043027392,0.005939955612257877,0.7890437823062838
50.0,50.0,0.0046905184577871635,0.026394128256647397,0.17771067913962454
50.0,50.0,0.004824241223298463,0.01991204104024865,0.2422775853839954
50.0,50.0,0.004893554498679342,0.01148923256306694,0.42592527149376935
50.0,50.0,0.00523182480363285,0.010319862781411877,0.5069665086105996
50.0,50.0,0.004384185089822263,0.008272004456500033,0.5300027475658851
50.0,50.0,0.00514194138393859,0.009531050752356995,0.5394936526454868
50.0,50.0,0.004425148773163137,0.02958041546937258,0.1495972488197441
50.0,50.0,0.004929962076962146,0.01213049958007821,0.4064104734036321
50.0,50.0,0.004599439629921926,0.008967940351936207,0.5128758053044914
50.0,50.0,0.004727826893971665,0.007394881003282173,0.6393377921663983
50.0,50.0,0.005510686921386655,0.015053317681081164,0.3660778997783607
50.0,50.0,0.00454462501974638,0.009515410207031977,0.47760684204532344
50.0,50.0,0.005556749346720215,0.013706107497045796,0.40542140413811234
50.0,50.0,0.0045383120653073716,0.013822312651705134,0.32833232612109386
50.0,50.0,0.004388237251183487,0.006453041531865633,0.6800261906752068
50.0,50.0,0.005605230090073464,0.013591328115590946,0.4124122412763744
50.0,50.0,0.00537617033134701,0.0392649215840615,0.13692043978331325
50.0,50.0,0.0042011474060549975,0.008010182365402881,0.524475875131177
50.0,50.0,0.0052248866658225175,0.023190670332135423,0.22530123497906687
50.0,50.0,0.005569338405260647,0.03889773136158799,0.14317900325571278
50.0,50.0,0.0046469269891274406,0.008596408291810366,0.5405661098664287
50.0,50.0,0.004735606748560824,0.00923586446856427,0.5127410395290244
50.0,50.0,0.0047796207037166085,0.014210711328398355,0.3363393002125886
50.0,50.0,0.004562094427307416,0.011523994175459962,0.3958778838175981
50.0,50.0,0.00547125735612786,0.013149227207501488,0.4160896507291751
50.0,50.0,0.004295510835807838,0.00750608500729376,0.5722704754387719
50.0,50.0,0.004843616103763948,0.009253616527780317,0.523429525010347
50.0,50.0,0.004545787171509805,0.009786095780399635,0.46451488658168116
50.0,50.0,0.005522758760008512,0.04461209066683563,0.12379511198550708
50.0,50.0,0.005001926593752624,0.009948912482966069,0.5027611412118281
50.0,50.0,0.00422739700924205,0.008483190224160346,0.49832632506604807
50.0,50.0,0.005967974939147211,0.026477382048999257,0.2253989812173586
50.0,50.0,0.005096173368106874,0.009352780436317269,0.5448832465176027
50.0,50.0,0.005490655384890571,0.010346333539650227,0.530686098978807
50.0,50.0,0.005126225061686215,0.01193690814216428,0.4294432863715394
50.0,50.0,0.0049233443250479144,0.01606816086716479,0.30640372384550524
50.0,50.0,0.004639267303505435,0.011627632557591683,0.39898640419940484
50.0,50.0,0.004742940200440417,0.013138116906809431,0.3610060889306116
50.0,50.0,0.004880207711175042,0.0130376111526774,0.37431763027944304
50.0,50.0,0.005677220388842976,0.016146047675489498,0.3516167239776753
50.0,50.0,0.004544603868389349,0.010898502366953434,0.41699342858056804
50.0,50.0,0.005009617359077265,0.008517137560525643,0.588180867512969
50.0,50.0,0.004283445474554819,0.010366297098834569,0.41320882796581104
50.0,50.0,0.005316856720393794,0.020568539796584788,0.2584946123047883
50.0,50.0,0.00427005555409323,0.007972819903940002,0.5355765720962864
50.0,50.0,0.00446557953038247,0.007767461669673559,0.5749084733584715
50.0,50.0,0.004756644398469796,0.009629433737304141,0.4939692746462024
50.0,50.0,0.005475065073046523,0.015430974548672361,0.3548100643790889
50.0,50.0,0.005155466153030296,0.010844075843641271,0.4754177513479259
50.0,50.0,0.005301955276741691,0.016620032158990633,0.3190099288630792
50.0,50.0,0.004822444339668067,0.010544338656688343,0.4573491516804763
50.0,50.0,0.005066950543473675,0.010520897413137562,0.4816082074088582
50.0,50.0,0.0059525673820129245,0.016536658995802818,0.35996191150363266
50.0,50.0,0.00406750259866967,0.01071547374129235,0.37959148581508306
50.0,50.0,0.004549207037335035,0.00960367295846505,0.473694497616684
50.0,50.0,0.004804874407934147,0.01217427953733241,0.39467423047088795
50.0,50.0,0.005279300438706745,0.015039687891202204,0.3510246008359647
50.0,50.0,0.0055351347873084725,0.014062573885115717,0.3936075168406431
50.0,50.0,0.004452393360818712,0.009506975843903793,0.46832909159790737
50.0,50.0,0.005216052024279156,0.014918522873971184,0.349635957148262
50.0,50.0,0.005233392346380897,0.009830917043769368,0.5323402001136519
50.0,50.0,0.005411080563096429,0.0290612273608225,0.18619587176800104
50.0,50.0,0.00553066180089974,0.01206261700091443,0.45849601296969617
50.0,50.0,0.005277697091012366,0.01692128763163169,0.31189689614084326
50.0,50.0,0.005004245215444835,0.027159314132385978,0.18425521318587165
50.0,50.0,0.0042067069198010905,0.0063832344799018,0.6590243446400557
50.0,50.0,0.004768217665102827,0.011567147941408722,0.412220686486882
50.0,50.0,0.004813940547421984,0.007836075790510794,0.6143305241191634
50.0,50.0,0.004451616996951428,0.03619488138161136,0.12299023582967318
50.0,50.0,0.005211764034038436,0.011652230134804473,0.4472760985445376
50.0,50.0,0.0051885411755357175,0.008701197793389315,0.5963019458628652
50.0,50.0,0.004859490377911651,0.010315824550958946,0.47107144503149956
50.0,50.0,0.004734199233992655,0.015677037538021518,0.3019830259709975
50.0,50.0,0.005734408721398317,0.03950452100876172,0.14515829011384496
50.0,50.0,0.004589625449990135,0.008929494752380484,0.5139848980555818
50.0,50.0,0.005052197723250553,0.015006574475403614,0.33666562156015756
50.0,50.0,0.0054321253637365785,0.012860376324270697,0.42239241113689807
50.0,50.0,0.004714515149180256,0.013600227460927884,0.3466497279346683
50.0,50.0,0.004640135800496651,0.03432126793414036,0.13519709730423374
50.0,50.0,0.004941506026821821,0.012039511262495379,0.4104407495522884
50.0,50.0,0.005046932793229212,0.011573557728324382,0.4360744476072101
50.0,50.0,0.0054398679975086175,0.016794284576338737,0.32391186256143245
50.0,50.0,0.004870669243729506,0.01930794729611817,0.25226240620144774
50.0,50.0,0.004602453746730808,0.012566397814098119,0.36625083932703134
50.0,50.0,0.004819254881974508,0.009958926014517516,0.48391311221202893
50.0,50.0,0.004955933684394728,0.014447423728220178,0.34303234802439514
50.0,50.0,0.00454267756174376,0.030662277743573406,0.1481519931341654
50.0,50.0,0.004251554788578833,0.011569018761567676,0.3674948477655265
50.0,50.0,0.00512518825329736,0.018220695160709215,0.28128390317122615
50.0,50.0,0.005813207646390119,0.03411006750620744,0.17042498216493465
50.0,50.0,0.005414888975984019,0.016239927075537453,0.333430621381335
